customerid,cuscode,customer,total_sales_value,avg_invoice_value,invoice_count,active_months,first_purchase,last_purchase,unique_products,unique_categories,top_category,relationship_years,recency_days,purchase_frequency,category_concentration,behaviour_cluster,cluster_name,pca_x,pca_y
10010000001151,12164,Oolong Willow Distributors FFE,641600.0,160400.0,2,2,2020-09-22,2025-02-05,4,1,GLOBAL,4.37,349,1.0,1.0,3,Strategic High-Value,-0.6092034283861426,0.028166806039412937
1002010000765,12856,Darjeeling Cedar Exports 3E9,237288.13,118644.065,2,2,2025-07-29,2025-09-22,1,1,GLOBAL,0.15,120,1.0,1.0,1,High Frequency Buyers,-1.1030288729979294,0.29809212917578665
10022000000339,11852,Darjeeling Magnolia Trading 782,434305.0,6786.015625,11,10,2018-07-24,2024-12-18,17,1,GLOBAL,6.4,398,1.1,1.0,3,Strategic High-Value,-0.09378285208558798,-0.1628247294590565
1002880000733,12874,Oolong Ivy Imports,348000.0,174000.0,2,2,2025-08-20,2025-09-17,1,1,GLOBAL,0.08,125,1.0,1.0,1,High Frequency Buyers,-1.1199204913392606,0.3123845363249027
10031000009075,12275,Matcha Sage Distributors 829,56883440.03,38881.367074504444,220,43,2021-07-08,2025-09-30,111,2,RETAIL,4.23,112,5.116,0.5,4,High Value One-Off,2.785024313900941,-0.1330444507137273
10032000007593,12702,Sencha Bamboo Tea Co. AEF,576583.33,52416.66636363636,11,8,2024-11-11,2025-07-18,2,1,GLOBAL,0.68,186,1.375,1.0,1,High Frequency Buyers,-0.8859127687883066,0.28625084605561185
10048000003503,12343,Herbal Sage Imports,222793.38,5181.241395348838,3,3,2022-08-12,2023-10-18,21,2,RETAIL,1.18,825,1.0,0.5,4,High Value One-Off,0.24624683439337244,-0.620188932741076
1005990000065,12719,Assam Jasmine Beverages,212922.5,23658.055555555555,3,3,2025-02-17,2025-09-23,3,1,BULK,0.6,119,1.0,1.0,1,High Frequency Buyers,-1.0005920810750704,0.2460140927346658
10091000005293,12529,Sencha Orchid Trading,326850.0,40856.25,7,6,2023-07-07,2024-06-17,4,1,GLOBAL,0.95,582,1.167,1.0,1,High Frequency Buyers,-1.0232874922522361,0.3375278461805665
1009220000768,12873,GreenLeaf Hibiscus Tea Works AFB,33120.0,33120.0,1,1,2025-08-19,2025-08-19,1,1,GLOBAL,0.0,154,1.0,1.0,1,High Frequency Buyers,-1.1456450258376283,0.310632967939691
10128000004573,12148,Herbal Bamboo Distributors 11F,46510.0,23255.0,2,2,2020-08-24,2023-12-15,2,1,GLOBAL,3.31,767,1.0,1.0,1,High Frequency Buyers,-0.8785853798022812,0.1887910741920342
10130000000625,11900,Matcha Rosewood Holdings A0C,49550.0,24775.0,2,1,2018-11-27,2018-11-27,2,1,GLOBAL,0.0,2611,2.0,1.0,1,High Frequency Buyers,-1.8592464285048753,1.0083565240491155
10130000000657,11901,Sencha Bamboo Trading A3A,1017925.0,101792.5,9,7,2018-11-29,2024-03-11,6,1,GLOBAL,5.28,680,1.286,1.0,3,Strategic High-Value,-0.4500502383203809,0.04289833738841834
10177000001764,12469,Oolong Sage Beverages,53925.0,5991.666666666667,1,1,2023-02-13,2023-02-13,9,2,RETAIL,0.0,1072,1.0,0.5,1,High Frequency Buyers,-0.09482474589825783,-0.4626577899177587
10197000004385,12320,Sencha Jasmine Tea Works 32F,65000.0,65000.0,1,1,2021-11-24,2021-11-24,1,1,GLOBAL,0.0,1518,1.0,1.0,1,High Frequency Buyers,-1.584916074732067,0.6357351951648353
10230000009545,12635,Herbal Willow Exports,292000.0,146000.0,2,2,2024-05-28,2024-07-15,2,1,GLOBAL,0.13,554,1.0,1.0,1,High Frequency Buyers,-1.241974429965683,0.4056911444477333
10245000004714,12261,Assam Cedar Distributors,130689.92,1866.998857142857,4,4,2022-03-25,2025-02-18,33,2,FOOD SERVICE,2.9,336,1.0,0.5,4,High Value One-Off,0.7136629399496314,-0.8743191864739374
10251000004329,12420,Ceylon Lotus Trading 919,33750.0,33750.0,1,1,2022-06-23,2022-06-23,1,1,GLOBAL,0.0,1307,1.0,1.0,1,High Frequency Buyers,-1.5139802685436405,0.5819849444476194
1026660000573,12857,White Pearl Hibiscus Tea Works CBD,39600.0,19800.0,2,2,2025-07-30,2025-09-22,2,1,GLOBAL,0.15,120,1.0,1.0,1,High Frequency Buyers,-1.0868317210932978,0.28466084824886356
10267000000846,11882,Herbal Lotus Distributors,750040.0,250013.33333333334,3,3,2018-09-29,2020-10-07,2,1,GLOBAL,2.02,1931,1.0,1.0,1,High Frequency Buyers,-1.4226886565415866,0.5920991592633748
10269000002777,12482,Silver Tip Jasmine Trading,185080.0,16825.454545454544,3,3,2023-02-02,2024-03-05,7,2,FOOD SERVICE,1.09,686,1.0,0.5,4,High Value One-Off,0.20295182184896315,-0.6467758003468288
10271000007704,12589,Ceylon Bamboo Imports,371131.74,37113.174,6,4,2024-03-04,2025-09-30,3,2,BULK,1.57,112,1.5,0.5,4,High Value One-Off,0.4812424329802087,-0.7590427354788704
10283000001926,12416,Assam Palm Tea Co. 650,160536.96,283.6342049469965,193,35,2022-07-04,2025-10-09,115,2,FOOD SERVICE,3.27,103,5.514,0.5,4,High Value One-Off,2.3424987823336942,-0.34547084719736254
10299000004845,12570,TeaLeaf Rosewood Imports,871120.8,87112.08,10,4,2024-02-07,2025-10-07,3,1,BULK,1.66,105,2.5,1.0,1,High Frequency Buyers,-0.7401132159579829,0.3531581578855037
10305000000020,11773,Assam Lotus Holdings 87E,160667764.94,26464.79409323011,648,90,2018-05-09,2025-10-09,61,1,RETAIL,7.42,103,7.2,1.0,3,Strategic High-Value,3.4071940380872987,1.7453814837996067
10305000000053,11774,Darjeeling Hibiscus Holdings,1891063.72,3867.2059713701433,33,27,2019-06-03,2025-10-15,62,3,RETAIL,6.37,97,1.222,0.3333,4,High Value One-Off,2.7350427884014925,-1.8721893676585286
10378000012413,12602,Assam Maple Beverages 6FD,10197671.77,36814.69953068592,138,21,2024-02-12,2025-10-09,47,2,FOOD SERVICE,1.66,103,6.571,0.5,4,High Value One-Off,1.536141892866103,-0.02668095114084586
10382000006095,12412,Oolong Clover Distributors 327,16027366.8,1001710.425,16,12,2022-05-31,2025-07-31,2,1,GLOBAL,3.17,173,1.333,1.0,3,Strategic High-Value,-0.5312969380598606,0.2769652968916473
1038770000905,12902,TeaLeaf Orchid Beverages E25,68644.07,68644.07,1,1,2025-09-24,2025-09-24,1,1,RETAIL,0.0,118,1.0,1.0,1,High Frequency Buyers,-1.1381745777060568,0.3068327363454768
10417000006401,12406,Ceylon Clover Tea Co.,1805600.04,34723.07769230769,40,30,2022-05-23,2025-09-30,9,1,GLOBAL,3.36,112,1.333,1.0,3,Strategic High-Value,0.0055335696215805495,-0.03486396012976597
10421000009863,12413,Oolong Clover Exports,377070.0,12163.548387096775,9,8,2022-05-31,2025-09-29,21,1,GLOBAL,3.33,113,1.125,1.0,3,Strategic High-Value,-0.4268711109546055,0.02494321716310297
10474000005455,12651,Black Gold Bamboo Tea Works E78,2039449.22,61801.491515151516,30,10,2024-07-08,2025-07-22,4,1,GLOBAL,1.04,182,3.0,1.0,1,High Frequency Buyers,-0.6634305705064082,0.4738495225620116
10494000009817,12349,Matcha Fern Tea Works,391901.37,7257.432777777778,7,7,2022-02-13,2024-08-21,27,2,RETAIL,2.52,517,1.0,0.5,4,High Value One-Off,0.6383210396917174,-0.8146334938872823
10498000001000,12052,Ceylon Cedar Beverages BBD,19742496.21,29867.619077155825,69,21,2020-02-13,2022-06-16,158,1,GLOBAL,2.34,1314,3.286,1.0,1,High Frequency Buyers,0.2998874793252232,0.783910816253272
1050010000965,12894,Oolong Fern Imports 19B,491520.0,491520.0,1,1,2025-09-15,2025-09-15,1,1,GLOBAL,0.0,127,1.0,1.0,1,High Frequency Buyers,-1.1889959567135935,0.3645364977391247
10502000004555,12442,Assam Hibiscus Tea Works DCD,27000.0,13500.0,2,2,2022-09-09,2022-10-21,1,1,RETAIL,0.11,1187,1.0,1.0,1,High Frequency Buyers,-1.4375034014842651,0.5378200068980024
10506000000393,11939,Assam Lotus Exports C29,1182429024.25,17887.67566146771,5074,72,2019-07-25,2025-10-11,339,1,GLOBAL,6.21,101,70.472,1.0,0,Loyal Medium Buyers,15.074168817944388,21.504209900477612
10506000000418,11940,Golden Bud Willow Beverages 06D,1420816.09,8260.558662790698,23,16,2019-03-27,2025-09-08,34,1,RETAIL,6.45,134,1.438,1.0,3,Strategic High-Value,0.2447634941112001,-0.20011092858106475
10506000000444,11941,Golden Bud Sage Tea Works,9071991.2,23083.947073791347,199,68,2019-04-11,2025-10-09,23,2,RETAIL,6.5,103,2.926,0.5,4,High Value One-Off,2.823223932059264,-1.0563525284252284
10519000004093,12038,Ceylon Sage Holdings 40C,64500.0,64500.0,1,1,2020-01-23,2020-01-23,1,1,GLOBAL,0.0,2189,1.0,1.0,1,High Frequency Buyers,-1.799174229514227,0.7935373020015353
10546000002888,11911,Assam Bamboo Trading 312,837480.0,279160.0,3,1,2019-01-03,2019-01-30,2,1,GLOBAL,0.07,2547,3.0,1.0,1,High Frequency Buyers,-1.7918900722084192,1.1448946339360564
10546000002914,11912,Sencha Magnolia Distributors F69,124500.0,20750.0,6,5,2019-01-02,2022-06-09,1,1,GLOBAL,3.43,1321,1.2,1.0,1,High Frequency Buyers,-0.9669026022073716,0.32073634774790927
10551000004232,12548,TeaLeaf Sage Tea Works,5570000.0,60543.47826086957,90,25,2023-09-12,2025-09-17,2,2,RETAIL,2.02,125,3.6,0.5,4,High Value One-Off,1.1754600340060382,-0.522920924330429
10558000003212,12304,Darjeeling Clover Tea Co. CFA,860875.2,78261.38181818182,7,6,2021-10-08,2024-06-22,6,1,GLOBAL,2.7,577,1.167,1.0,1,High Frequency Buyers,-0.7837036086717041,0.20691791308090754
10580000009258,12176,Ceylon Orchid Exports,2913674.35,4482.575923076924,34,29,2020-12-23,2025-10-20,83,2,RETAIL,4.82,92,1.172,0.5,4,High Value One-Off,1.8669661674655074,-1.1482282204197132
10582000003212,12434,Sencha Rosewood Exports,37500.0,18750.0,2,2,2022-08-23,2022-11-24,2,1,GLOBAL,0.25,1153,1.0,1.0,1,High Frequency Buyers,-1.403510719873446,0.5196869572205443
10636000003707,12549,White Pearl Willow Distributors 562,340319.64,6421.125283018868,16,15,2023-10-13,2025-10-09,11,3,RETAIL,1.99,103,1.067,0.3333,4,High Value One-Off,1.611265751151485,-1.511921407932822
10656000000868,11865,Ceylon Fern Distributors,440400.0,440400.0,1,1,2018-08-27,2018-08-27,1,1,GLOBAL,0.0,2703,1.0,1.0,1,High Frequency Buyers,-2.0059644288412404,0.963878758759629
10675000029058,12652,Sencha Hibiscus Holdings,19895.04,19895.04,1,1,2024-09-30,2024-09-30,1,1,BULK,0.0,477,1.0,1.0,1,High Frequency Buyers,-1.2473105148517036,0.38488757938007684
10677000005988,12387,Sencha Willow Distributors 938,8800.0,8800.0,1,1,2022-03-21,2022-03-21,1,1,GLOBAL,0.0,1401,1.0,1.0,1,High Frequency Buyers,-1.5411746124938719,0.6008209228137887
10677000006201,12389,Golden Bud Palm Tea Works,1005027.41,335009.13666666666,2,2,2022-03-21,2024-09-05,3,1,GLOBAL,2.46,502,1.0,1.0,1,High Frequency Buyers,-0.9335700843160533,0.2383367115759795
10682000003393,12524,Sencha Orchid Imports DA0,287850.0,16932.352941176472,8,6,2023-06-07,2025-07-30,9,1,GLOBAL,2.15,174,1.333,1.0,1,High Frequency Buyers,-0.6946598996803083,0.16578518087230562
1069010000210,12765,Herbal Clover Trading 428,1016000.0,1016000.0,1,1,2025-01-24,2025-01-24,1,1,GLOBAL,0.0,361,1.0,1.0,1,High Frequency Buyers,-1.323201622796617,0.48853224524287886
10711000003893,12020,Matcha Clover Trading C56,344500.0,86125.0,3,3,2020-10-16,2021-01-04,2,1,GLOBAL,0.22,1842,1.0,1.0,1,High Frequency Buyers,-1.6130197866167473,0.6897499139559311
10711000003928,12021,Oolong Ivy Exports 9CB,61120.0,20373.333333333332,1,1,2019-11-27,2019-11-27,3,1,GLOBAL,0.0,2246,1.0,1.0,1,High Frequency Buyers,-1.8016174337022384,0.8017066864775496
10713000002844,12321,Assam Palm Distributors E92,987000.0,493500.0,2,2,2021-12-08,2025-02-13,2,1,GLOBAL,3.18,341,1.0,1.0,1,High Frequency Buyers,-0.8113874674289048,0.16343586388824022
10737000002904,12290,Darjeeling Maple Tea Works,100800.0,50400.0,2,2,2021-09-02,2021-10-06,1,1,GLOBAL,0.09,1567,1.0,1.0,1,High Frequency Buyers,-1.5655655045446224,0.6338694298478621
10737000002967,12291,Assam Fern Exports E79,48600.0,16200.0,1,1,2021-09-03,2021-09-03,3,1,GLOBAL,0.0,1600,1.0,1.0,1,High Frequency Buyers,-1.5948415884433516,0.6491218202881935
10738000001847,11837,Herbal Orchid Beverages BE2,143044.0,3043.4893617021276,6,4,2018-12-18,2021-03-04,14,1,GLOBAL,2.21,1783,1.5,1.0,1,High Frequency Buyers,-1.2049796565086799,0.5670830770931052
10738000001858,11838,White Pearl Fern Holdings AA3,460717.5,30714.5,8,5,2018-10-05,2019-08-15,12,1,GLOBAL,0.86,2350,1.6,1.0,1,High Frequency Buyers,-1.5477941060023224,0.8202735241651321
10738000001881,11839,Golden Bud Jasmine Tea Works,60000.0,60000.0,1,1,2018-08-29,2018-08-29,1,1,GLOBAL,0.0,2701,1.0,1.0,1,High Frequency Buyers,-1.9621948586743871,0.9134052921777752
1074010000609,12828,Herbal Ivy Tea Works A65,617023.71,7617.576666666666,11,4,2025-06-16,2025-09-29,30,2,RETAIL,0.29,113,2.75,0.5,4,High Value One-Off,0.5442413351040288,-0.5006096065007599
1074110000141,12723,Oolong Maple Exports 817,440000.0,220000.0,2,1,2024-11-26,2024-11-27,2,1,GLOBAL,0.0,419,2.0,1.0,1,High Frequency Buyers,-1.1806270451254612,0.5194770324435699
10752000004718,12262,Assam Rosewood Beverages,36550.0,18275.0,2,1,2021-06-09,2021-06-18,2,1,GLOBAL,0.02,1677,2.0,1.0,1,High Frequency Buyers,-1.5575863102051664,0.7861452679004886
10801000003559,12388,Assam Clover Holdings ECC,253630.0,63407.5,2,2,2022-03-22,2023-04-29,2,1,GLOBAL,1.1,997,1.0,1.0,1,High Frequency Buyers,-1.2464838489578003,0.4230262183601985
10819000004127,12535,Sencha Willow Imports 3F9,152360.0,30472.0,4,3,2023-07-26,2023-10-31,3,1,GLOBAL,0.27,812,1.333,1.0,1,High Frequency Buyers,-1.2442094013504261,0.4764927945859303
1083330000215,12744,Silver Tip Clover Imports,240000.0,10434.782608695652,13,8,2024-12-20,2025-09-18,2,2,GLOBAL,0.74,124,1.625,0.5,4,High Value One-Off,0.46137987144259307,-0.6951829966004094
10837000007387,12426,GreenLeaf Bamboo Exports 72E,1062000.0,531000.0,2,2,2022-07-04,2024-06-28,1,1,GLOBAL,1.98,571,1.0,1.0,1,High Frequency Buyers,-1.0519906760380726,0.3169389471774733
10913000004042,12648,Darjeeling Bamboo Holdings,141742.35,1254.3570796460178,5,4,2024-08-09,2025-09-19,57,2,FOOD SERVICE,1.11,123,1.25,0.5,4,High Value One-Off,0.6908456420910686,-0.7487760277925383
10916000001772,12022,Golden Bud Sage Beverages 7A1,265150.0,22095.833333333332,9,9,2019-11-28,2022-06-27,5,1,GLOBAL,2.58,1303,1.0,1.0,1,High Frequency Buyers,-0.9794532559133925,0.3410674366168585
10919000007362,12624,TeaLeaf Rosewood Beverages,130315.0,26063.0,2,2,2024-07-17,2024-11-26,5,2,GLOBAL,0.36,420,1.0,0.5,4,High Value One-Off,0.15874121659691448,-0.6467223067193629
10936000003329,12519,Oolong Cedar Holdings E8A,1864150.0,932075.0,2,2,2023-05-22,2024-08-28,2,1,GLOBAL,1.27,510,1.0,1.0,1,High Frequency Buyers,-1.1646643299215942,0.41372911114380434
1094440000657,12817,Ceylon Willow Beverages C7C,1175287.23,9254.230157480315,6,2,2025-06-19,2025-08-21,89,2,RETAIL,0.17,152,3.0,0.5,4,High Value One-Off,0.802170920109501,-0.43393362255420415
10964000001126,12167,Sencha Orchid Imports 4B4,18500.0,18500.0,1,1,2020-09-29,2020-09-29,1,1,GLOBAL,0.0,1939,1.0,1.0,1,High Frequency Buyers,-1.7141095769877788,0.7286725627732378
1096990001001,12804,Assam Rosewood Tea Works,77415.25,77415.25,1,1,2025-05-02,2025-05-02,1,1,RETAIL,0.0,263,1.0,1.0,1,High Frequency Buyers,-1.1854815258672333,0.34210020170418326
10996000006001,12249,TeaLeaf Willow Holdings 609,218125.0,31160.714285714286,6,4,2021-05-14,2022-08-22,4,1,GLOBAL,1.27,1247,1.5,1.0,1,High Frequency Buyers,-1.21347933521684,0.5173272605787529
1100660000249,12755,Darjeeling Cedar Beverages 322,522480.0,261240.0,2,2,2025-01-31,2025-05-26,1,1,GLOBAL,0.31,239,1.0,1.0,1,High Frequency Buyers,-1.135712239405129,0.33310673670820473
11016000001606,11990,TeaLeaf Orchid Exports 39A,136800.0,22800.0,6,6,2019-08-30,2020-02-28,2,1,GLOBAL,0.5,2153,1.0,1.0,1,High Frequency Buyers,-1.6047871316827125,0.7176040089045191
11016000004813,12530,Oolong Bamboo Holdings,995000.0,995000.0,1,1,2023-08-10,2023-08-10,1,1,GLOBAL,0.0,894,1.0,1.0,1,High Frequency Buyers,-1.4910587575358465,0.6111720609588378
11031000007557,12636,Silver Tip Hibiscus Imports,664237.3,94891.04285714286,7,5,2024-06-25,2025-06-24,1,1,GLOBAL,1.0,210,1.4,1.0,1,High Frequency Buyers,-0.9247160728973743,0.2881848683355492
11036000002133,11942,Golden Bud Rosewood Tea Works,98850.2,890.5423423423423,2,2,2019-04-17,2019-11-20,76,2,RETAIL,0.59,2253,1.0,0.5,1,High Frequency Buyers,-0.01642951098104388,-0.22576580136740618
11039000001888,12207,GreenLeaf Orchid Holdings 440,3394382.66,21899.242967741935,14,3,2021-01-04,2021-03-25,75,1,GLOBAL,0.22,1762,4.667,1.0,1,High Frequency Buyers,-0.9389733435880842,1.1440307264276
11046000000708,11902,TeaLeaf Magnolia Tea Co.,395731.38,4397.015333333334,48,33,2018-12-14,2024-08-12,23,2,FOOD SERVICE,5.66,526,1.455,0.5,4,High Value One-Off,1.6227949980704715,-1.1087127706991118
11055000004922,12681,Sencha Lotus Holdings,28711.86,4785.31,4,4,2024-10-22,2025-09-25,3,2,RETAIL,0.93,117,1.0,0.5,4,High Value One-Off,0.36465642576817986,-0.7758388686683723
11061000001244,11951,Darjeeling Magnolia Beverages,120000.0,120000.0,1,1,2019-06-28,2019-06-28,1,1,GLOBAL,0.0,2398,1.0,1.0,1,High Frequency Buyers,-1.872220773706845,0.8500046282978664
11082000004726,12407,Darjeeling Clover Tea Co.,7100651.36,36982.559166666666,98,36,2022-07-15,2025-10-01,20,3,FOOD SERVICE,3.21,111,2.722,0.3333,4,High Value One-Off,2.435661702929583,-1.3813220099612984
1110220000221,12778,Oolong Palm Beverages,791000.0,19292.682926829268,16,7,2025-02-14,2025-10-07,7,2,FOOD SERVICE,0.64,105,2.286,0.5,4,High Value One-Off,0.5056371955071846,-0.5978647079952704
11112000003524,12632,GreenLeaf Ivy Exports 8A4,2345250.0,390875.0,3,3,2024-05-07,2025-05-16,5,1,GLOBAL,1.02,249,1.0,1.0,1,High Frequency Buyers,-1.01215970636828,0.30277688225773336
11119000003814,12344,White Pearl Fern Imports,7892858.8,43606.9546961326,24,11,2022-02-08,2023-01-25,36,2,RETAIL,0.96,1091,2.182,0.5,4,High Value One-Off,0.48897409583008566,-0.36660981953084726
11155000005789,12483,Herbal Bamboo Distributors,2465613.72,88057.63285714286,19,15,2023-02-20,2025-08-22,3,1,GLOBAL,2.5,151,1.267,1.0,3,Strategic High-Value,-0.4849202813460336,0.10641422933914478
11160000002886,12149,Sencha Palm Trading 85E,512200.0,15521.212121212122,33,23,2020-08-27,2025-09-17,2,1,FOOD SERVICE,5.06,125,1.435,1.0,3,Strategic High-Value,0.04267185903471412,-0.13177875728882257
11171000004745,12543,Oolong Rosewood Tea Co.,991404.0,198280.8,5,2,2023-11-10,2025-09-12,2,1,GLOBAL,1.84,130,2.5,1.0,1,High Frequency Buyers,-0.7872916586550047,0.36484428607203384
11190000000049,11811,Sencha Sage Imports,152000.0,50666.666666666664,3,3,2023-04-22,2025-03-10,2,1,GLOBAL,1.88,316,1.0,1.0,1,High Frequency Buyers,-0.9039627185075988,0.19454153681293784
11194000000510,11888,Sencha Cedar Holdings B3F,579448.85,9990.497413793102,7,4,2018-10-16,2019-01-24,37,2,RETAIL,0.27,2553,1.75,0.5,1,High Frequency Buyers,-0.2679911076053842,-0.048197751325001995
11194000000536,11889,White Pearl Magnolia Trading,1431000.0,24254.237288135595,41,31,2018-10-15,2024-01-08,6,2,FOOD SERVICE,5.23,743,1.323,0.5,4,High Value One-Off,1.352803462652206,-1.0306807291856535
11214000002280,12226,Sencha Bamboo Trading,2944877.23,68485.51697674418,15,12,2021-03-12,2025-08-25,32,1,GLOBAL,4.45,148,1.25,1.0,3,Strategic High-Value,-0.1356739060044733,-0.0319401152692649
11221000007188,12563,White Pearl Lotus Tea Co.,530350.01,25254.762380952383,3,3,2023-10-13,2025-09-17,18,1,GLOBAL,1.93,125,1.0,1.0,1,High Frequency Buyers,-0.7471782830770963,0.1472734541962835
11241000012993,12603,Matcha Cedar Imports B08,279600.0,12709.09090909091,20,16,2024-02-26,2025-09-25,2,1,FOOD SERVICE,1.58,117,1.25,1.0,3,Strategic High-Value,-0.5783678492397288,0.14128460005111018
11245000000069,11778,White Pearl Maple Imports 1F9,156000.0,12000.0,13,13,2018-04-30,2019-11-15,1,1,FOOD SERVICE,1.54,2258,1.0,1.0,1,High Frequency Buyers,-1.3561672865349,0.6262114732333844
11245000000077,11779,Darjeeling Magnolia Trading,1611740.0,11270.90909090909,103,65,2018-04-30,2025-10-03,8,3,FOOD SERVICE,7.43,109,1.585,0.3333,4,High Value One-Off,3.440558336098455,-2.055202294656407
11245000000085,11780,Silver Tip Magnolia Imports,3931978.07,17791.75597285068,119,72,2018-04-30,2025-09-17,10,2,RETAIL,7.38,125,1.653,0.5,4,High Value One-Off,2.787343790732689,-1.435000336197805
11245000000093,11785,Ceylon Sage Holdings,246240.0,10260.0,24,24,2018-04-30,2021-07-26,1,1,RETAIL,3.24,1639,1.0,1.0,1,High Frequency Buyers,-0.6996678351287109,0.2954906767762275
1125330000162,12751,Assam Rosewood Imports,75500.0,8388.888888888889,3,3,2025-04-10,2025-09-04,4,2,FOOD SERVICE,0.4,138,1.0,0.5,4,High Value One-Off,0.27199053709830945,-0.7236184864271246
11268000005598,12421,Matcha Maple Tea Co. FC9,285845.0,12428.04347826087,8,7,2022-06-23,2025-09-30,14,1,GLOBAL,3.27,112,1.143,1.0,3,Strategic High-Value,-0.49215697002170505,0.03465645635215495
11270000007257,12678,Golden Bud Palm Imports 1CE,504237.29000000004,126059.32250000001,4,3,2024-09-30,2025-08-06,1,1,GLOBAL,0.85,167,1.333,1.0,1,High Frequency Buyers,-0.9826035969690229,0.29291369946726087
11287000004415,12505,GreenLeaf Rosewood Holdings,3567742.5,127419.375,26,17,2023-03-31,2025-09-30,4,1,GLOBAL,2.5,112,1.529,1.0,3,Strategic High-Value,-0.4048923235632697,0.13736199128671558
1131220000799,12833,White Pearl Magnolia Exports 308,49500.0,49500.0,1,1,2025-06-19,2025-06-19,1,1,GLOBAL,0.0,215,1.0,1.0,1,High Frequency Buyers,-1.1669854022376476,0.32713771158776267
1131330000374,12795,Matcha Bamboo Exports,1826059.31,913029.655,1,1,2025-03-24,2025-03-24,2,1,RETAIL,0.0,302,1.0,1.0,1,High Frequency Buyers,-1.284385091376168,0.4667717306832563
11325000007425,12607,Oolong Cedar Tea Co. 06E,1770.2199999999998,885.1099999999999,2,1,2024-03-12,2024-03-12,1,1,GLOBAL,0.0,679,2.0,1.0,1,High Frequency Buyers,-1.2448553642078435,0.5503690240296492
11335000000283,11853,TeaLeaf Bamboo Exports FD5,51000.0,51000.0,1,1,2018-07-25,2018-07-25,1,1,GLOBAL,0.0,2736,1.0,1.0,1,High Frequency Buyers,-1.9723532811928968,0.9204567943921751
11373000000148,11841,Black Gold Fern Trading 850,99000.0,99000.0,1,1,2018-07-06,2018-07-06,1,1,GLOBAL,0.0,2755,1.0,1.0,1,High Frequency Buyers,-1.9838641783134974,0.9312364883492128
1139330000247,12752,Ceylon Jasmine Tea Co. C9F,85500.0,9500.0,3,1,2025-01-07,2025-01-08,6,2,FOOD SERVICE,0.0,377,3.0,0.5,4,High Value One-Off,0.240540333724618,-0.3851128979068173
11413000009017,12654,Black Gold Bamboo Distributors FE7,50850.0,50850.0,1,1,2024-07-09,2024-07-09,1,1,GLOBAL,0.0,560,1.0,1.0,1,High Frequency Buyers,-1.277330155785639,0.40848417075293575
11427000003186,12668,Golden Bud Magnolia Distributors 07B,6094067.79,1523516.9475,2,2,2024-09-02,2025-02-27,2,1,RETAIL,0.49,327,1.0,1.0,1,High Frequency Buyers,-1.2638871705406332,0.5316867050355198
11446000007690,12645,Golden Bud Sage Exports 039,240000.0,240000.0,1,1,2024-06-07,2024-06-07,1,1,GLOBAL,0.0,592,1.0,1.0,1,High Frequency Buyers,-1.3089971710496444,0.44087633009750754
1144990000124,12758,Herbal Fern Holdings,75000.0,75000.0,1,1,2025-01-16,2025-01-16,1,1,GLOBAL,0.0,369,1.0,1.0,1,High Frequency Buyers,-1.2190636748664392,0.36672160366073825
1147440000662,12901,Matcha Palm Holdings CF6,31995.0,15997.5,1,1,2025-09-19,2025-09-19,2,1,GLOBAL,0.0,123,1.0,1.0,1,High Frequency Buyers,-1.1284370611447478,0.3013420574532276
1147990000901,12903,Sencha Maple Holdings,132000.0,66000.0,2,1,2025-09-23,2025-09-25,1,1,GLOBAL,0.01,117,2.0,1.0,1,High Frequency Buyers,-1.0712106219709285,0.42631070003681987
11514000002292,12293,Sencha Fern Imports,6577020.45,29361.6984375,94,40,2021-10-07,2025-09-18,45,3,FOOD SERVICE,3.95,124,2.35,0.3333,4,High Value One-Off,2.716331848140341,-1.5102958478123016
11514000006364,12608,Oolong Lotus Distributors F8A,30800.0,15400.0,1,1,2024-03-12,2024-03-12,2,1,GLOBAL,0.0,679,1.0,1.0,1,High Frequency Buyers,-1.3059555516493095,0.4320714148396681
11516000008628,12053,Assam Palm Tea Co. 934,801105.98,7417.647962962963,27,7,2020-02-17,2021-01-13,45,1,GLOBAL,0.91,1833,3.857,1.0,1,High Frequency Buyers,-0.9968658167825124,0.9808598544524094
11516000008638,12054,TeaLeaf Clover Distributors,155542.8,31108.559999999998,2,1,2020-07-10,2020-07-10,5,1,GLOBAL,0.0,2020,2.0,1.0,1,High Frequency Buyers,-1.654936666745094,0.8712139787746296
11516000008649,12055,White Pearl Fern Exports 033,3912259.75,100314.35256410256,10,8,2022-07-19,2025-09-02,17,3,RETAIL,3.12,140,1.25,0.3333,4,High Value One-Off,1.6435495743297204,-1.5018607114270726
11529000004978,12214,Matcha Bamboo Distributors,769216.0,5871.87786259542,22,13,2021-02-10,2022-09-16,14,2,RETAIL,1.6,1222,1.692,0.5,4,High Value One-Off,0.403783400525937,-0.5102557808439137
11548000005265,12445,Darjeeling Magnolia Distributors,440000.0,440000.0,1,1,2022-09-27,2022-09-27,1,1,GLOBAL,0.0,1211,1.0,1.0,1,High Frequency Buyers,-1.529379954411444,0.6127996462041801
1155440000230,12775,Matcha Jasmine Trading,100000.0,50000.0,2,2,2025-02-11,2025-06-23,1,1,GLOBAL,0.36,211,1.0,1.0,1,High Frequency Buyers,-1.096937766209753,0.29354672829250494
11567000003966,12151,Darjeeling Clover Beverages BF1,904320.0,129188.57142857143,7,4,2020-08-31,2021-02-23,3,2,RETAIL,0.48,1792,1.75,0.5,1,High Frequency Buyers,-0.19081799815572675,-0.23218660607579097
1157550000792,12830,GreenLeaf Cedar Exports,279783.07,6823.9773170731705,4,4,2025-06-18,2025-09-03,18,1,RETAIL,0.21,139,1.0,1.0,1,High Frequency Buyers,-0.9550017835471976,0.27734281036597347
11582000004045,12313,White Pearl Palm Tea Co. B97,1500.0,1500.0,1,1,2021-11-03,2021-11-03,1,1,GLOBAL,0.0,1539,1.0,1.0,1,High Frequency Buyers,-1.5844235935718822,0.6323289520487644
11585000014254,12664,Darjeeling Rosewood Tea Works 5AA,2608500.0,434750.0,5,5,2024-08-28,2025-08-20,6,1,GLOBAL,0.98,153,1.0,1.0,1,High Frequency Buyers,-0.9429922273849829,0.2811843585436665
11618000003651,12432,White Pearl Magnolia Imports,2211930.0,96170.86956521739,23,21,2022-08-09,2025-09-09,2,1,RETAIL,3.09,133,1.095,1.0,3,Strategic High-Value,-0.29312518621812905,0.003786240811301611
11655000000736,12001,White Pearl Bamboo Imports 072,11400.0,11400.0,1,1,2019-10-14,2019-10-14,1,1,GLOBAL,0.0,2290,1.0,1.0,1,High Frequency Buyers,-1.8254126239132806,0.810319918915264
11655000000761,12002,Sencha Clover Imports E5C,14750.0,14750.0,1,1,2019-10-10,2019-10-10,1,1,GLOBAL,0.0,2294,1.0,1.0,1,High Frequency Buyers,-1.8270700407225635,0.811701360518794
11664000000330,11820,Matcha Maple Tea Co. 309,3250042.0,72223.15555555555,44,29,2018-06-12,2025-02-14,3,1,GLOBAL,6.68,340,1.517,1.0,3,Strategic High-Value,0.33167333481273886,-0.19671549635307864
11675000000069,11787,Assam Magnolia Imports B30,53445739.32,41656.850600155885,209,84,2018-04-30,2025-09-30,74,2,RETAIL,7.42,112,2.488,0.5,4,High Value One-Off,3.6641644630271166,-0.9842782539106562
11675000000077,11788,Sencha Lotus Holdings 7EA,163200.0,10880.0,12,11,2018-05-25,2020-02-13,2,2,FOOD SERVICE,1.72,2168,1.091,0.5,1,High Frequency Buyers,-0.03613573755645493,-0.37475618420534007
11675000000085,11789,Herbal Magnolia Imports,273600.0,5583.673469387755,20,19,2021-01-12,2025-09-18,8,2,FOOD SERVICE,4.68,124,1.053,0.5,4,High Value One-Off,1.2069522477473709,-1.12966499917806
11675000000093,11790,White Pearl Palm Trading,39270.0,4363.333333333333,1,1,2018-04-30,2018-04-30,9,1,RETAIL,0.0,2822,1.0,1.0,1,High Frequency Buyers,-1.951915459206547,0.9360254372066883
11675000000112,11792,White Pearl Ivy Distributors 2B1,17444.0,2180.5,3,2,2018-06-11,2021-03-17,8,2,FOOD SERVICE,2.77,1770,1.5,0.5,4,High Value One-Off,0.09540922825361016,-0.46099731262147203
11688000000725,11873,Silver Tip Lotus Holdings,99113.7,1415.9099999999999,3,3,2019-04-08,2023-11-17,48,2,FOOD SERVICE,4.61,795,1.0,0.5,4,High Value One-Off,0.8500733550109423,-0.8940319387779442
11698000000312,11903,Ceylon Clover Trading 9DA,1722130.0,172213.0,10,9,2018-12-03,2025-07-23,4,1,GLOBAL,6.64,181,1.111,1.0,3,Strategic High-Value,-0.09773980404130858,-0.2002825607715696
11725000005414,12288,Golden Bud Rosewood Trading DFA,813182.25,813182.25,1,1,2021-08-19,2021-08-19,1,1,GLOBAL,0.0,1615,1.0,1.0,1,High Frequency Buyers,-1.7007284265819664,0.7569038871380763
11746000011108,12550,White Pearl Ivy Tea Works 9A7,19850.0,19850.0,1,1,2023-09-14,2023-09-14,1,1,GLOBAL,0.0,859,1.0,1.0,1,High Frequency Buyers,-1.3693147541782569,0.47475574454026787
11796000004282,12216,Darjeeling Sage Beverages,82080.0,27360.0,3,3,2021-02-11,2021-04-28,1,1,RETAIL,0.21,1728,1.0,1.0,1,High Frequency Buyers,-1.5772384687421583,0.6546074272570508
11808000005344,12251,Sencha Cedar Tea Works F42,85200.0,85200.0,1,1,2021-05-12,2021-05-12,1,1,GLOBAL,0.0,1714,1.0,1.0,1,High Frequency Buyers,-1.6498080592142592,0.6845038553760875
11819000000766,11978,White Pearl Jasmine Beverages A20,4613122.5,2306561.25,2,2,2019-07-30,2020-03-11,2,1,GLOBAL,0.62,2141,1.0,1.0,1,High Frequency Buyers,-1.9223709021314987,1.0375395946633836
11820000004453,12294,Matcha Orchid Beverages,688350.0,49167.857142857145,13,8,2021-09-28,2022-08-18,4,1,GLOBAL,0.89,1251,1.625,1.0,1,High Frequency Buyers,-1.169583473660356,0.5532911818757954
11820000004476,12295,Black Gold Hibiscus Trading,8500.0,8500.0,1,1,2021-09-28,2021-09-28,1,1,GLOBAL,0.0,1575,1.0,1.0,1,High Frequency Buyers,-1.5967155354296045,0.6417188990468855
11829000003591,12495,Herbal Rosewood Tea Co. 368,50623.100000000006,10124.62,3,3,2023-05-10,2024-08-30,2,1,RETAIL,1.31,508,1.0,1.0,1,High Frequency Buyers,-1.0357962527160829,0.27885455595075
11832000013301,12544,Oolong Clover Trading,93900.0,18780.0,5,5,2023-10-30,2024-05-09,3,2,FOOD SERVICE,0.53,621,1.0,0.5,4,High Value One-Off,0.17104809543125205,-0.6283486901021079
11843000008676,12215,Oolong Willow Beverages E16,385600.0,96400.0,4,2,2021-02-10,2021-03-17,3,1,GLOBAL,0.1,1770,2.0,1.0,1,High Frequency Buyers,-1.5573316899578864,0.810407034684728
1185990000414,12790,Black Gold Ivy Tea Co.,40000.0,5000.0,3,3,2025-03-06,2025-09-29,3,2,FOOD SERVICE,0.57,113,1.0,0.5,4,High Value One-Off,0.2972825350927455,-0.743668291961488
11877000006921,12314,White Pearl Palm Holdings,115500.0,38500.0,3,3,2021-11-03,2022-06-20,1,1,GLOBAL,0.63,1310,1.0,1.0,1,High Frequency Buyers,-1.3897261962741871,0.5248247956617484
1187880000500,12763,Herbal Clover Trading,136440.8,45480.26666666666,2,2,2025-01-31,2025-05-29,3,1,GLOBAL,0.32,236,1.0,1.0,1,High Frequency Buyers,-1.0989069939012346,0.3025413498706446
11880000002311,12186,Ceylon Fern Tea Works,833640.4,119091.48571428572,7,6,2020-12-05,2023-12-07,3,1,GLOBAL,3.0,775,1.167,1.0,1,High Frequency Buyers,-0.8283099998609239,0.2343902008285644
11888000010991,12637,GreenLeaf Lotus Tea Works,134056.95,5362.278,8,7,2024-06-03,2025-09-04,15,3,FOOD SERVICE,1.25,138,1.143,0.3333,4,High Value One-Off,1.3575818001449877,-1.3995787312396075
11914000010267,12400,Ceylon Bamboo Distributors 152,171400.0,6856.0,19,18,2022-05-04,2025-07-14,3,2,FOOD SERVICE,3.2,190,1.056,0.5,4,High Value One-Off,0.9431670365432112,-0.993904000461654
11927000006520,12638,Ceylon Maple Tea Works E01,222000.0,222000.0,1,1,2024-05-27,2024-05-27,1,1,GLOBAL,0.0,603,1.0,1.0,1,High Frequency Buyers,-1.310469640644493,0.44109825847964745
11929000001395,12086,Golden Bud Fern Distributors,3742022.13,23242.37347826087,13,6,2020-02-24,2020-08-28,108,1,GLOBAL,0.51,1971,2.167,1.0,1,High Frequency Buyers,-0.8904117912374552,0.8606364382616992
11942000003477,12177,GreenLeaf Magnolia Holdings,196850.0,39370.0,5,4,2021-02-02,2022-09-06,1,1,GLOBAL,1.59,1232,1.25,1.0,1,High Frequency Buyers,-1.2003684766531804,0.45795874751266047
1194330000154,12721,Ceylon Maple Tea Co.,485450.88,12447.458461538461,5,5,2024-12-13,2025-08-25,15,1,RETAIL,0.7,148,1.0,1.0,1,High Frequency Buyers,-0.888051676940996,0.23769096755053068
11945000001824,12031,Sencha Jasmine Holdings,550234.26,1815.9546534653466,10,10,2020-02-24,2025-09-09,55,2,RETAIL,5.54,133,1.0,0.5,4,High Value One-Off,1.3718234527150903,-1.1519644528167066
1194660001269,12867,Darjeeling Cedar Exports,160732.0,80366.0,1,1,2025-08-15,2025-08-15,2,1,GLOBAL,0.0,158,1.0,1.0,1,High Frequency Buyers,-1.146703823387221,0.31842539563500516
1195110000796,12844,Sencha Sage Trading,47455.89,804.3371186440678,1,1,2025-08-28,2025-08-28,59,2,FOOD SERVICE,0.0,145,1.0,0.5,4,High Value One-Off,0.4674895931677099,-0.6735994231405035
11958000003791,12649,Matcha Palm Trading,30700.0,10233.333333333334,1,1,2024-06-25,2024-06-25,3,1,GLOBAL,0.0,574,1.0,1.0,1,High Frequency Buyers,-1.2665035789942989,0.40687608139784476
11959000004592,12208,TeaLeaf Ivy Tea Works 71C,263670.5,65917.625,3,2,2021-01-15,2022-11-16,2,1,GLOBAL,1.83,1161,1.5,1.0,1,High Frequency Buyers,-1.1704076786269892,0.4654469232504258
11971000002059,12401,Ceylon Maple Tea Works 076,110000.0,55000.0,1,1,2022-05-23,2022-05-23,2,1,GLOBAL,0.0,1338,1.0,1.0,1,High Frequency Buyers,-1.5207981716613346,0.5925598273869543
11975000010632,11924,Ceylon Fern Exports ADB,53521.74,53521.74,1,1,2019-02-06,2019-02-06,1,1,GLOBAL,0.0,2540,1.0,1.0,1,High Frequency Buyers,-1.9100375488628911,0.8746748675787743
11980000003413,12187,TeaLeaf Jasmine Imports,68718.0,3817.6666666666665,11,9,2020-12-02,2025-06-17,8,2,FOOD SERVICE,4.54,217,1.222,0.5,4,High Value One-Off,0.9564306528572445,-1.029787569498427
11980000004238,12188,TeaLeaf Jasmine Tea Co.,8076235.62,34366.96008510638,127,53,2021-02-11,2025-10-02,58,3,FOOD SERVICE,4.64,110,2.396,0.3333,4,High Value One-Off,3.180432919623797,-1.5854697570175351
11980000004680,12190,Sencha Clover Beverages,115850.0,3407.3529411764707,21,16,2020-12-10,2025-04-10,4,3,FOOD SERVICE,4.33,285,1.312,0.3333,4,High Value One-Off,1.8631313228484998,-1.6262446502316863
11980000004691,12191,White Pearl Lotus Trading,9120.0,9120.0,1,1,2020-12-10,2020-12-10,1,1,RETAIL,0.0,1867,1.0,1.0,1,High Frequency Buyers,-1.6900495213305324,0.7104999597810326
11980000004703,12192,Sencha Palm Holdings AA1,32400.0,4628.571428571428,5,5,2020-12-10,2022-01-28,3,1,FOOD SERVICE,1.13,1453,1.0,1.0,1,High Frequency Buyers,-1.31267928852943,0.5053054728807749
11980000004728,12193,Black Gold Cedar Beverages,8850.0,8850.0,1,1,2021-02-08,2021-02-08,1,1,RETAIL,0.0,1807,1.0,1.0,1,High Frequency Buyers,-1.6708551363663502,0.6963481202263021
11980000004900,12197,Silver Tip Orchid Beverages,529750.0,11036.458333333334,45,27,2020-12-21,2024-04-10,10,2,RETAIL,3.3,650,1.667,0.5,4,High Value One-Off,1.0913565060077408,-0.8369038450987863
11980000004925,12198,TeaLeaf Hibiscus Trading,6912.0,6912.0,1,1,2021-02-15,2021-02-15,1,1,RETAIL,0.0,1800,1.0,1.0,1,High Frequency Buyers,-1.6683996273428325,0.6944464661528829
11980000004992,12199,Darjeeling Hibiscus Tea Co.,1075810.0,21516.2,21,20,2020-12-16,2025-09-25,9,3,FOOD SERVICE,4.77,117,1.05,0.3333,4,High Value One-Off,2.067826892453786,-1.746814440939733
11980000005091,12202,GreenLeaf Palm Distributors,12223308.61,54813.0430941704,197,40,2021-01-08,2025-08-25,26,1,RETAIL,4.63,148,4.925,1.0,3,Strategic High-Value,0.8370523796462265,0.5159314626454342
12006000005497,12433,Black Gold Orchid Exports,12750.0,12750.0,1,1,2022-08-09,2022-08-09,1,1,GLOBAL,0.0,1260,1.0,1.0,1,High Frequency Buyers,-1.4965876108005136,0.56816672445065
1200880000854,12876,Golden Bud Clover Beverages 59E,332500.0,332500.0,1,1,2025-08-27,2025-08-27,1,1,GLOBAL,0.0,146,1.0,1.0,1,High Frequency Buyers,-1.1770343679882294,0.3481037709914453
12013000001220,12332,Sencha Magnolia Trading D3B,327550.0,27295.833333333332,1,1,2021-12-15,2021-12-15,12,1,GLOBAL,0.0,1497,1.0,1.0,1,High Frequency Buyers,-1.5145093968038372,0.6293726913848317
12017000008256,12473,Golden Bud Fern Exports 076,119682.56,39894.18666666667,1,1,2022-12-31,2022-12-31,3,1,GLOBAL,0.0,1116,1.0,1.0,1,High Frequency Buyers,-1.442785459667114,0.53864990906936
12031000000160,11913,Oolong Maple Beverages 3D7,276000.0,34500.0,8,8,2019-03-22,2020-09-09,2,2,RETAIL,1.47,1959,1.0,0.5,1,High Frequency Buyers,-0.07526393605239078,-0.39868044343351744
1203880002952,12892,Sencha Clover Imports 7E6,120000.0,120000.0,1,1,2025-09-11,2025-09-11,1,1,GLOBAL,0.0,131,1.0,1.0,1,High Frequency Buyers,-1.1481496020559803,0.3166419266406102
12049000009537,12520,GreenLeaf Willow Holdings 1AF,313600.0,313600.0,1,1,2023-05-23,2023-05-23,1,1,GLOBAL,0.0,973,1.0,1.0,1,High Frequency Buyers,-1.439032087407195,0.5401897358308084
1206770000133,12745,Sencha Hibiscus Distributors,290000.0,29000.0,5,5,2024-12-24,2025-07-17,2,2,FOOD SERVICE,0.56,187,1.0,0.5,4,High Value One-Off,0.3077442857256446,-0.7305107542093194
12076000007949,12476,Darjeeling Lotus Trading,171810811.1,31964.802065116277,528,34,2023-01-12,2025-10-09,513,2,RETAIL,2.74,103,15.529,0.5,0,Loyal Medium Buyers,5.817421488527823,2.4362275947434417
12083000000342,11915,Golden Bud Hibiscus Trading 162,6787.96,6787.96,1,1,2019-01-07,2019-01-07,1,1,GLOBAL,0.0,2570,1.0,1.0,1,High Frequency Buyers,-1.9143206326831734,0.8755899673422433
12102000001530,11983,Darjeeling Orchid Distributors 594,1217407.31,3043.5182750000004,35,29,2019-09-24,2025-10-23,82,2,RETAIL,6.08,89,1.207,0.5,4,High Value One-Off,2.0258135435389226,-1.2531143204687978
1211550000335,12824,Oolong Maple Beverages 63F,54000.0,27000.0,2,2,2025-06-05,2025-10-03,1,1,RETAIL,0.33,109,1.0,1.0,1,High Frequency Buyers,-1.0657692192547121,0.2687469070530192
12118000005868,12209,Herbal Sage Exports,324100.0,8102.5,17,15,2021-01-08,2025-09-04,8,2,FOOD SERVICE,4.65,138,1.133,0.5,4,High Value One-Off,1.118872276480562,-1.093748793356862
1212660000541,12791,TeaLeaf Fern Tea Co.,585500.0,24395.833333333332,13,6,2025-03-25,2025-09-30,17,1,GLOBAL,0.52,112,2.167,1.0,1,High Frequency Buyers,-0.7892744542376369,0.38933324431592037
12141000008288,12474,Silver Tip Lotus Tea Co.,93380.1,2523.786486486487,2,2,2023-04-10,2025-05-30,36,1,RETAIL,2.14,235,1.0,1.0,1,High Frequency Buyers,-0.6792103279827918,0.15867550253750357
12190000002292,12446,Darjeeling Clover Beverages ACC,423124.94,8815.102916666667,9,7,2022-10-13,2025-06-17,17,1,GLOBAL,2.68,217,1.286,1.0,3,Strategic High-Value,-0.5765077675646696,0.12496549479409656
12192000000556,11904,Ceylon Rosewood Holdings F7A,367600.0,33418.181818181816,9,6,2018-12-03,2025-09-29,7,1,GLOBAL,6.82,113,1.5,1.0,3,Strategic High-Value,-0.06230022043075487,-0.19246423565474405
12198000002982,12227,Black Gold Cedar Holdings EDF,736789.66,32034.333043478262,12,12,2021-03-12,2024-12-21,13,1,GLOBAL,3.78,395,1.0,1.0,3,Strategic High-Value,-0.42479539419662116,0.024292934253773244
1221660000514,12825,Sencha Rosewood Tea Works C6E,701694.92,233898.30666666667,2,2,2025-06-12,2025-07-09,2,1,GLOBAL,0.07,195,1.0,1.0,1,High Frequency Buyers,-1.1441105897941592,0.3394401059525977
12254000001902,12435,Matcha Rosewood Trading,447967.5,1599.8839285714287,18,17,2022-10-08,2025-10-02,44,2,FOOD SERVICE,2.98,110,1.059,0.5,4,High Value One-Off,1.1379960417377937,-0.9829242818414691
12254000001915,12436,Black Gold Sage Beverages,256300.0,12204.761904761905,21,16,2022-08-26,2025-07-07,3,2,RETAIL,2.86,197,1.312,0.5,4,High Value One-Off,0.8726019179064417,-0.9191724699616692
12284000010941,12551,Darjeeling Willow Tea Co. 34B,4084.08,4084.08,1,1,2023-09-25,2023-09-25,1,1,GLOBAL,0.0,848,1.0,1.0,1,High Frequency Buyers,-1.3640138135213082,0.4700953444137467
12298000001546,12210,GreenLeaf Palm Beverages,49526.3,4952.63,2,2,2021-01-07,2021-07-05,10,1,GLOBAL,0.49,1660,1.0,1.0,1,High Frequency Buyers,-1.4897518311636646,0.6196888440072867
12301000000759,12006,White Pearl Maple Imports 0BC,21948899.9,318099.9985507246,59,29,2020-02-12,2025-08-25,7,1,GLOBAL,5.53,148,2.034,1.0,3,Strategic High-Value,0.33994345426429096,0.07397877185349232
12301000000784,12007,GreenLeaf Palm Trading,22875009.5,363095.3888888889,61,33,2020-02-28,2025-05-21,5,1,GLOBAL,5.23,244,1.848,1.0,3,Strategic High-Value,0.3290036696855314,0.08748431342638661
12308000003605,12217,White Pearl Cedar Exports,69063.0,4604.2,10,5,2021-02-11,2021-09-22,4,1,RETAIL,0.61,1581,2.0,1.0,1,High Frequency Buyers,-1.3486427999779937,0.7024094990643293
12310000002758,12170,Ceylon Bamboo Distributors D30,23455280.0,7818426.666666667,3,3,2021-02-16,2023-07-07,3,1,GLOBAL,2.38,928,1.0,1.0,1,High Frequency Buyers,-1.8583660311278476,1.4139798711659444
12311000000875,12253,Golden Bud Orchid Distributors 383,5595.56,2797.78,2,2,2021-05-11,2021-12-31,1,1,GLOBAL,0.64,1481,1.0,1.0,1,High Frequency Buyers,-1.4605766722262417,0.5638289980892561
12322000001852,12252,Oolong Magnolia Trading 59C,22500.0,22500.0,1,1,2021-05-11,2021-05-11,1,1,GLOBAL,0.0,1715,1.0,1.0,1,High Frequency Buyers,-1.6430183603326365,0.6764973213680919
1234770000547,12864,GreenLeaf Clover Distributors,821048.8300000001,32841.9532,6,3,2025-08-05,2025-10-07,18,1,RETAIL,0.17,105,2.0,1.0,1,High Frequency Buyers,-0.9057008400083548,0.4067928240152018
12395000001202,12112,Silver Tip Bamboo Trading,40352.39,1222.799696969697,1,1,2020-07-23,2020-07-23,33,1,RETAIL,0.0,2007,1.0,1.0,1,High Frequency Buyers,-1.563725627467003,0.747656843205403
1239550000085,12715,Assam Fern Exports D5F,101694.92,101694.92,1,1,2024-11-20,2024-11-20,1,1,GLOBAL,0.0,426,1.0,1.0,1,High Frequency Buyers,-1.2402959999353236,0.38364113578902204
12396000011710,12659,Ceylon Hibiscus Tea Co.,623250.0,56659.09090909091,9,6,2024-07-24,2025-03-20,4,1,GLOBAL,0.65,306,1.5,1.0,1,High Frequency Buyers,-0.9525979886874463,0.3422603681415813
1243220000618,12898,GreenLeaf Orchid Beverages 02F,52149.99,6518.74875,1,1,2025-09-22,2025-09-22,8,1,GLOBAL,0.0,120,1.0,1.0,1,High Frequency Buyers,-1.0944292804291862,0.30051021479429907
12459000021239,12507,TeaLeaf Sage Exports,788000.0,197000.0,4,4,2023-04-20,2025-06-17,2,1,GLOBAL,2.16,217,1.0,1.0,1,High Frequency Buyers,-0.8291837566165826,0.16671000885391635
12470000005155,12196,Golden Bud Willow Imports,916259.36,305419.7866666667,3,3,2020-12-21,2022-10-18,1,1,GLOBAL,1.82,1190,1.0,1.0,1,High Frequency Buyers,-1.2235323358356824,0.44128784916429237
12470000005218,12200,White Pearl Bamboo Tea Works FAE,85932.0,28644.0,3,3,2020-12-16,2022-12-23,1,1,RETAIL,2.02,1124,1.0,1.0,1,High Frequency Buyers,-1.146596502125598,0.37031225297224146
12470000005243,12201,GreenLeaf Rosewood Beverages 6AB,18750.0,4687.5,4,4,2020-12-16,2022-06-08,1,1,FOOD SERVICE,1.48,1322,1.0,1.0,1,High Frequency Buyers,-1.2568734921162954,0.4512641956419639
12470000005321,12203,Assam Fern Trading,100000.0,7692.307692307692,13,13,2020-12-17,2025-08-07,3,2,FOOD SERVICE,4.64,166,1.0,0.5,4,High Value One-Off,1.0286355818469786,-1.0976376034988031
12474000013939,12254,Matcha Palm Exports 493,327900.0,23421.428571428572,2,2,2021-05-11,2022-10-27,10,1,GLOBAL,1.46,1181,1.0,1.0,1,High Frequency Buyers,-1.210531636781584,0.43468602370447035
1247440001042,12877,Assam Palm Holdings,173728.82,57909.60666666667,2,1,2025-09-08,2025-09-08,2,1,GLOBAL,0.0,134,2.0,1.0,1,High Frequency Buyers,-1.071561383020632,0.43049042331045423
12507000002085,11972,TeaLeaf Lotus Tea Works,22150.0,4430.0,1,1,2019-07-09,2019-07-09,5,1,GLOBAL,0.0,2387,1.0,1.0,1,High Frequency Buyers,-1.834293853951088,0.8329595201738705
12555000002201,11916,Sencha Rosewood Tea Works,555.45,555.45,1,1,2019-01-09,2019-01-09,1,1,GLOBAL,0.0,2568,1.0,1.0,1,High Frequency Buyers,-1.9129751815050424,0.8743001697387878
12575000006539,12118,Oolong Hibiscus Trading 96E,105000.0,35000.0,3,3,2020-06-02,2023-10-02,1,1,GLOBAL,3.33,841,1.0,1.0,1,High Frequency Buyers,-0.8847308841217585,0.20159741110578513
12575000006601,12119,Oolong Fern Beverages 202,244595.76,30574.47,6,6,2020-06-08,2025-02-17,6,1,GLOBAL,4.7,337,1.0,1.0,3,Strategic High-Value,-0.4521169427208914,-0.03777139103058332
1258220000230,12725,Silver Tip Cedar Exports CF2,387000.0,20368.42105263158,8,6,2025-01-31,2025-09-19,6,2,FOOD SERVICE,0.63,123,1.333,0.5,4,High Value One-Off,0.40414988661728485,-0.7133418109108052
1262880000096,12710,Matcha Clover Tea Works,550847.46,550847.46,1,1,2024-11-12,2024-11-12,1,1,GLOBAL,0.0,434,1.0,1.0,1,High Frequency Buyers,-1.293777295647703,0.44456363961414164
12634000002450,12218,Black Gold Ivy Tea Co. C1A,305675.68,14555.984761904761,17,16,2021-02-12,2025-09-18,3,2,RETAIL,4.6,124,1.062,0.5,4,High Value One-Off,1.1054485339868394,-1.107668676204402
1263990000633,12832,White Pearl Sage Tea Co. B7F,234745.77000000002,78248.59000000001,3,2,2025-06-18,2025-09-18,1,1,GLOBAL,0.25,124,1.5,1.0,1,High Frequency Buyers,-1.053677845526934,0.34696788190685646
12641000000163,11952,Golden Bud Magnolia Tea Co.,302980.65,1870.2509259259261,18,15,2019-07-08,2025-10-30,60,2,RETAIL,6.31,82,1.2,0.5,4,High Value One-Off,1.6368874891576173,-1.2209520523891164
1265550002814,12811,Silver Tip Orchid Imports,119105.08,119105.08,1,1,2025-05-08,2025-05-08,1,1,RETAIL,0.0,257,1.0,1.0,1,High Frequency Buyers,-1.1882920540489792,0.34616862285173
1266990000654,12838,Ceylon Magnolia Imports E1E,84882.11,5305.131875,1,1,2025-09-08,2025-09-08,16,1,RETAIL,0.0,134,1.0,1.0,1,High Frequency Buyers,-1.056148261004611,0.3051042332489292
12674000006383,12665,Silver Tip Ivy Imports,353820.0,14742.5,17,9,2024-09-05,2025-10-03,7,3,FOOD SERVICE,1.08,109,1.889,0.3333,4,High Value One-Off,1.3973808546845057,-1.3031011215802142
12674000006410,12667,Ceylon Palm Tea Co.,37392.0,1289.3793103448277,1,1,2025-02-03,2025-02-03,29,2,RETAIL,0.0,351,1.0,0.5,4,High Value One-Off,0.24221444233713382,-0.6298403905963463
12675000006409,12625,Black Gold Clover Tea Co. 236,4139440.0,376312.7272727273,11,8,2024-04-25,2025-10-09,4,1,GLOBAL,1.46,103,1.375,1.0,1,High Frequency Buyers,-0.772410173333244,0.267765084522752
12678000006999,12443,Ceylon Palm Trading,120000.0,120000.0,1,1,2022-09-13,2022-09-13,1,1,GLOBAL,0.0,1225,1.0,1.0,1,High Frequency Buyers,-1.4975690382209765,0.5740300146922371
12693000000192,11824,Silver Tip Clover Distributors,1417.5,708.75,2,2,2018-06-28,2018-10-31,1,1,GLOBAL,0.34,2638,1.0,1.0,1,High Frequency Buyers,-1.8693129848972638,0.8593501116858262
12703000005246,12565,GreenLeaf Lotus Tea Works AAE,814029.66,271343.22000000003,3,2,2023-10-30,2024-01-30,2,1,GLOBAL,0.25,721,1.5,1.0,1,High Frequency Buyers,-1.259675760240616,0.5152903261608286
12709000000614,11927,Sencha Magnolia Distributors 81D,1315040.0,657520.0,2,2,2019-03-05,2019-11-08,2,1,GLOBAL,0.68,2265,1.0,1.0,1,High Frequency Buyers,-1.7725079372515686,0.835298437116319
12724000000091,11895,GreenLeaf Fern Imports 818,24900.0,8300.0,1,1,2018-11-05,2018-11-05,3,1,GLOBAL,0.0,2633,1.0,1.0,1,High Frequency Buyers,-1.9239337733717174,0.891024686997211
12769000002586,12229,Golden Bud Sage Tea Co. F27,1041865.0,28940.694444444445,36,35,2021-04-19,2025-06-30,2,2,RETAIL,4.2,204,1.029,0.5,4,High Value One-Off,1.4263456253357378,-1.1445160946368724
12769000002598,12230,Oolong Cedar Holdings,121540.0,15192.5,4,4,2021-03-16,2025-07-09,3,2,FOOD SERVICE,4.31,195,1.0,0.5,4,High Value One-Off,0.7830206604287072,-1.0214944676400803
12780000004572,12171,Silver Tip Orchid Tea Co.,41198.0,3169.076923076923,7,5,2020-09-30,2025-08-14,4,1,GLOBAL,4.87,159,1.4,1.0,3,Strategic High-Value,-0.37524287164995335,-0.043014690363111306
12799000003587,12536,Golden Bud Willow Trading,55659.4,9276.566666666668,5,5,2023-08-31,2025-05-14,3,1,GLOBAL,1.7,251,1.0,1.0,1,High Frequency Buyers,-0.8543238350226746,0.1783947425643959
12799000003600,12537,Matcha Hibiscus Tea Works,1277268.63,25044.48294117647,14,12,2023-08-14,2025-09-01,5,1,RETAIL,2.05,141,1.167,1.0,3,Strategic High-Value,-0.5987402405485885,0.1242650545494721
12811000003040,12477,TeaLeaf Hibiscus Distributors EB0,42654297.75,448992.60789473687,94,27,2023-03-22,2025-09-30,5,1,GLOBAL,2.53,112,3.481,1.0,3,Strategic High-Value,0.07676138332517798,0.6727488096726792
12822000012608,11843,White Pearl Jasmine Tea Co.,205851.0,13723.4,4,3,2018-07-11,2020-02-18,13,1,GLOBAL,1.61,2163,1.333,1.0,1,High Frequency Buyers,-1.4443569666933747,0.6887318938530737
12856000002033,11969,Silver Tip Ivy Trading,6083228.46,28967.75457142857,81,54,2019-07-18,2025-09-25,14,3,RETAIL,6.19,117,1.5,0.3333,4,High Value One-Off,3.070877747389718,-1.8985948188514714
12884000002470,12058,Golden Bud Willow Exports DAD,98131.2,49065.6,1,1,2020-02-17,2020-02-17,2,1,GLOBAL,0.0,2164,1.0,1.0,1,High Frequency Buyers,-1.783965965260758,0.7860790841856952
12884000002528,12060,TeaLeaf Lotus Exports,60760599.76,34980.19560161197,168,53,2020-02-19,2025-01-31,212,1,GLOBAL,4.95,354,3.17,1.0,3,Strategic High-Value,2.0960863834394092,0.5328374791859727
12898000000758,11867,Oolong Orchid Exports 016,516950.0,4418.376068376068,17,17,2018-08-30,2025-07-02,13,1,GLOBAL,6.84,202,1.0,1.0,3,Strategic High-Value,0.14825239856359304,-0.29009797221506844
1292110000847,12880,Assam Jasmine Tea Co. 749,74969.5,9371.1875,3,1,2025-09-02,2025-09-19,6,2,FOOD SERVICE,0.05,123,3.0,0.5,4,High Value One-Off,0.3282184005038531,-0.4488846920797318
12928000005971,12297,Golden Bud Magnolia Trading 5C2,1786444.4,119096.29333333332,7,7,2021-09-30,2025-07-31,7,1,GLOBAL,3.83,173,1.0,1.0,3,Strategic High-Value,-0.49268879378152897,0.007925071452804
12934000024644,12315,Oolong Palm Beverages C6C,15789771.38,27847.92130511464,57,35,2021-11-05,2025-09-30,22,2,RETAIL,3.9,112,1.629,0.5,4,High Value One-Off,1.6251094581867416,-0.9516367610362731
1294440000949,12839,Silver Tip Cedar Tea Co.,42984.7,2865.6466666666665,1,1,2025-09-16,2025-09-16,15,1,FOOD SERVICE,0.0,126,1.0,1.0,1,High Frequency Buyers,-1.058758460330111,0.30250683246499943
1299330000284,12792,Matcha Clover Tea Works E25,1232.0,1232.0,1,1,2025-03-31,2025-03-31,1,1,GLOBAL,0.0,295,1.0,1.0,1,High Frequency Buyers,-1.187064341753938,0.33961476455590484
13013000003066,11870,Herbal Ivy Imports,793.75,793.75,1,1,2018-10-04,2018-10-04,1,1,GLOBAL,0.0,2665,1.0,1.0,1,High Frequency Buyers,-1.9439836314133416,0.8971529239719658
13019000005327,12390,Silver Tip Maple Tea Co. AB9,9300000.0,9300000.0,1,1,2023-01-17,2023-01-17,1,1,GLOBAL,0.0,1099,1.0,1.0,1,High Frequency Buyers,-2.49817827238837,1.751080794714165
1302110000568,12859,White Pearl Cedar Beverages DAA,11016.95,11016.95,1,1,2025-07-31,2025-07-31,1,1,GLOBAL,0.0,173,1.0,1.0,1,High Frequency Buyers,-1.1492074501107554,0.3121977373035308
13034000004272,12263,Herbal Magnolia Holdings,200220.3,28602.899999999998,6,6,2021-06-29,2024-12-13,3,1,BULK,3.46,403,1.0,1.0,3,Strategic High-Value,-0.6520076001114599,0.07430988171461204
1303770000402,12805,White Pearl Rosewood Imports EF5,205750.0,12859.375,5,4,2025-04-10,2025-09-15,7,2,FOOD SERVICE,0.43,127,1.25,0.5,4,High Value One-Off,0.33341019941748873,-0.7003505165140922
13064000007016,11991,Darjeeling Ivy Beverages E91,81024.0,16204.8,3,1,2019-09-04,2019-09-17,3,1,RETAIL,0.04,2317,3.0,1.0,1,High Frequency Buyers,-1.6888568030205933,1.0557614550137269
1308550000241,12777,Ceylon Jasmine Beverages,1360.4,680.2,2,1,2025-03-04,2025-03-17,1,1,FOOD SERVICE,0.04,309,2.0,1.0,1,High Frequency Buyers,-1.1213995491251978,0.46014363354644855
13115000007510,12305,GreenLeaf Lotus Imports 8D5,4789014.9,33964.64468085107,99,42,2021-10-12,2025-09-30,42,1,GLOBAL,3.97,112,2.357,1.0,3,Strategic High-Value,0.6280190375323955,0.06762958485716679
13124000002133,12322,GreenLeaf Magnolia Exports 0DE,24200.0,8066.666666666667,2,1,2021-11-30,2021-11-30,2,1,GLOBAL,0.0,1512,2.0,1.0,1,High Frequency Buyers,-1.5063638194543834,0.7475437457599449
13124000002407,12323,Matcha Bamboo Tea Works 6BA,3686234.0,127111.5172413793,28,6,2022-01-28,2025-09-29,6,1,GLOBAL,3.67,113,4.667,1.0,3,Strategic High-Value,-0.26449400400990536,0.4891874621818716
1312440002934,12818,Darjeeling Hibiscus Tea Works C02,72000.0,14400.0,3,3,2025-06-12,2025-08-18,3,1,FOOD SERVICE,0.18,155,1.0,1.0,1,High Frequency Buyers,-1.066665893812087,0.28551122490804404
13129000006402,12408,Herbal Rosewood Holdings FB5,19564.58,1778.598181818182,11,10,2022-05-30,2025-09-12,1,1,GLOBAL,3.29,130,1.1,1.0,3,Strategic High-Value,-0.5026693997209202,0.013118771917222527
13139000007324,12444,Black Gold Jasmine Tea Works,403200.0,403200.0,1,1,2022-09-14,2022-09-14,1,1,GLOBAL,0.0,1224,1.0,1.0,1,High Frequency Buyers,-1.5293596216984608,0.6110208920747382
1314330000816,12851,Darjeeling Bamboo Tea Co. C33,590745.76,147686.44,4,2,2025-07-23,2025-09-29,1,1,GLOBAL,0.19,113,2.0,1.0,1,High Frequency Buyers,-1.0322028452787804,0.42083547513234565
13146000004027,12276,Oolong Orchid Holdings ED8,9285383.17,9543.045395683454,112,45,2021-07-15,2025-10-10,44,1,RETAIL,4.24,102,2.489,1.0,3,Strategic High-Value,0.7748955487833559,0.0831514738456575
1315110000818,12881,White Pearl Clover Exports,105411.0,15058.714285714286,2,1,2025-09-08,2025-09-09,7,2,RETAIL,0.0,133,2.0,0.5,4,High Value One-Off,0.2583877615094732,-0.5619952442038307
13152000002593,12120,Golden Bud Bamboo Exports 148,69120.0,69120.0,1,1,2020-06-03,2020-06-03,1,1,GLOBAL,0.0,2057,1.0,1.0,1,High Frequency Buyers,-1.757537759972993,0.763088626257113
13162000011648,12402,Silver Tip Cedar Holdings,14776125.51,476649.21,24,20,2022-05-31,2025-02-24,6,1,GLOBAL,2.74,330,1.2,1.0,3,Strategic High-Value,-0.39723313858713516,0.2215248708288107
1318220000283,12762,Darjeeling Clover Distributors,83750.0,41875.0,2,2,2025-01-29,2025-07-30,2,1,GLOBAL,0.5,174,1.0,1.0,1,High Frequency Buyers,-1.0605141166031726,0.2728691866719063
13195000000935,11928,Golden Bud Clover Tea Works 2E7,3769733.05,12607.802842809364,50,10,2019-03-06,2020-03-11,72,1,RETAIL,1.02,2141,5.0,1.0,1,High Frequency Buyers,-0.7759249907951244,1.2158180307721589
13225000000676,11858,Golden Bud Palm Tea Co. 77C,797350.0,19933.75,24,19,2018-08-15,2025-07-14,17,1,GLOBAL,6.91,190,1.263,1.0,3,Strategic High-Value,0.2449548917792713,-0.26565418444807604
13254000000174,11906,Assam Sage Tea Works 17F,753890.96,68535.54181818181,10,8,2018-12-05,2021-04-29,8,1,GLOBAL,2.4,1727,1.25,1.0,1,High Frequency Buyers,-1.1302479528316491,0.5013342052759929
13254000001403,12008,Sencha Jasmine Trading,19600.0,9800.0,2,2,2019-10-18,2020-01-16,2,1,GLOBAL,0.25,2196,1.0,1.0,1,High Frequency Buyers,-1.7356554267268247,0.763845783650691
13254000001405,12009,Sencha Cedar Trading,3669454.6,79770.75217391305,34,24,2019-11-07,2025-07-02,14,1,GLOBAL,5.65,202,1.417,1.0,3,Strategic High-Value,0.18239458171071096,-0.13795905238489106
13259000002536,12131,Ceylon Palm Beverages,2359700.0,50206.382978723406,28,19,2020-07-03,2025-08-20,18,1,GLOBAL,5.13,153,1.474,1.0,3,Strategic High-Value,0.046261792699020386,-0.09058204073191617
1327220000070,12759,Ceylon Hibiscus Distributors 5F0,13110.0,6555.0,2,2,2025-09-18,2025-10-03,1,1,RETAIL,0.04,109,1.0,1.0,1,High Frequency Buyers,-1.101628714912526,0.2887477518920272
13289000000439,12014,Matcha Clover Trading,111000.0,111000.0,1,1,2019-11-08,2019-11-08,1,1,GLOBAL,0.0,2265,1.0,1.0,1,High Frequency Buyers,-1.8287206356442582,0.8175303546505904
1329330000585,12806,Herbal Sage Holdings,16750.0,5583.333333333333,1,1,2025-04-10,2025-04-10,3,2,FOOD SERVICE,0.0,285,1.0,0.5,4,High Value One-Off,0.12458817802466533,-0.6490338025869905
13299000011763,12307,Black Gold Palm Beverages 661,403174.98,10896.62108108108,21,18,2021-12-15,2025-07-23,10,1,GLOBAL,3.6,181,1.167,1.0,3,Strategic High-Value,-0.25359036428301895,-0.021380929651210658
13322000012534,12552,Ceylon Jasmine Tea Works,13597.779999999999,2719.5559999999996,2,2,2023-10-20,2025-05-10,4,2,RETAIL,1.56,255,1.0,0.5,4,High Value One-Off,0.3661699450425833,-0.7837221580509518
13335000001460,11861,TeaLeaf Ivy Distributors,388569.44,891.2143119266055,23,12,2019-04-05,2024-03-04,190,3,FOOD SERVICE,4.91,687,1.917,0.3333,4,High Value One-Off,2.758211600272184,-1.448010862429686
13335000001482,11863,Darjeeling Sage Holdings 536,1819675.25,19996.43131868132,50,36,2018-10-05,2025-10-07,21,3,FOOD SERVICE,7.01,105,1.389,0.3333,4,High Value One-Off,2.805535809128933,-1.93736378694349
1333880000319,12779,TeaLeaf Magnolia Trading,78000.0,78000.0,1,1,2025-02-14,2025-02-14,1,1,GLOBAL,0.0,340,1.0,1.0,1,High Frequency Buyers,-1.210141333332061,0.36029304668290824
13351000004564,12414,Silver Tip Jasmine Beverages,1401165.84,60920.25391304348,3,2,2022-06-03,2022-07-25,22,1,GLOBAL,0.14,1275,1.5,1.0,1,High Frequency Buyers,-1.3183520007901561,0.6345658499375599
1336660000107,12741,Darjeeling Cedar Tea Works,88250.0,6788.461538461538,7,5,2025-02-17,2025-09-18,5,2,FOOD SERVICE,0.58,124,1.4,0.5,4,High Value One-Off,0.37549323451396033,-0.700151883746756
13382000004740,12298,White Pearl Magnolia Distributors EE0,22100.0,22100.0,1,1,2021-09-28,2021-09-28,1,1,GLOBAL,0.0,1575,1.0,1.0,1,High Frequency Buyers,-1.598257540103091,0.6435065955089865
1339880000136,12732,Matcha Rosewood Tea Works ACB,199032.0,49758.0,3,2,2024-12-06,2025-05-22,4,1,GLOBAL,0.46,243,1.5,1.0,1,High Frequency Buyers,-1.0449427904318311,0.35512886828802775
13418000002572,12141,Oolong Lotus Tea Co.,36884.75,996.8851351351351,1,1,2020-09-25,2020-09-25,37,1,RETAIL,0.0,1943,1.0,1.0,1,High Frequency Buyers,-1.5220172430849523,0.7331778276298678
1343550000949,12836,Silver Tip Willow Tea Works,123000.0,61500.0,2,2,2025-06-26,2025-08-19,2,1,GLOBAL,0.15,154,1.0,1.0,1,High Frequency Buyers,-1.1022829600281718,0.29839265277475024
13439000009294,12633,Oolong Fern Holdings 727,1234750.0,68597.22222222222,4,4,2024-05-10,2025-07-18,17,1,GLOBAL,1.19,186,1.0,1.0,1,High Frequency Buyers,-0.8506229911399082,0.22465621724487553
13439000009360,12634,TeaLeaf Willow Imports,2862745.0,286274.5,7,6,2024-05-10,2025-05-15,8,1,GLOBAL,1.01,250,1.167,1.0,1,High Frequency Buyers,-0.9084510660792867,0.30138012959907234
13441000000607,12107,White Pearl Fern Holdings,507324.04,17493.932413793103,13,7,2023-10-23,2024-06-24,13,2,FOOD SERVICE,0.67,575,1.857,0.5,4,High Value One-Off,0.36088697582379875,-0.5456938125389431
13441000000631,12108,Sencha Ivy Holdings,6094004.02,22570.38525925926,152,60,2020-03-12,2025-09-30,48,3,FOOD SERVICE,5.55,112,2.533,0.3333,4,High Value One-Off,3.412924463080947,-1.664463434934727
13441000000642,12109,Assam Orchid Holdings,977168.69,39086.747599999995,11,10,2022-02-10,2025-09-02,19,1,RETAIL,3.56,140,1.1,1.0,3,Strategic High-Value,-0.37596912213618683,0.007504432340052025
13449000003687,12513,Matcha Cedar Exports,382056.78,23878.54875,13,9,2023-06-29,2025-01-22,5,2,FOOD SERVICE,1.57,363,1.444,0.5,4,High Value One-Off,0.5179615136236498,-0.7288060857945853
13475000000646,12121,Darjeeling Cedar Beverages 62E,645440.0,80680.0,8,6,2020-06-04,2021-03-12,2,1,GLOBAL,0.77,1775,1.333,1.0,1,High Frequency Buyers,-1.4308264846541692,0.6600582745297787
13478000002478,12484,Herbal Willow Tea Works 80C,5789986.66,37597.31597402597,65,29,2023-01-31,2025-09-25,42,3,RETAIL,2.65,117,2.241,0.3333,4,High Value One-Off,2.272860524840699,-1.3988338839087322
13480000001381,12370,Silver Tip Clover Distributors D65,1141809.75,228361.95,4,3,2022-02-18,2022-11-02,4,1,GLOBAL,0.7,1175,1.333,1.0,1,High Frequency Buyers,-1.3181783282524555,0.5590093922275331
13504000005526,12041,GreenLeaf Willow Exports FF6,25381643.24,16156.361069382558,148,33,2020-02-14,2024-07-27,196,1,GLOBAL,4.45,542,4.485,1.0,3,Strategic High-Value,1.4290645787763057,0.6490936214479641
13509000003375,12264,Oolong Ivy Beverages BFA,208985.0,23220.555555555555,5,3,2021-07-28,2021-10-22,9,1,GLOBAL,0.24,1551,1.667,1.0,1,High Frequency Buyers,-1.42912817029004,0.6941982173783711
1351440001657,12822,Golden Bud Ivy Exports 1CD,1876500.0,1876500.0,1,1,2025-05-31,2025-05-31,1,1,GLOBAL,0.0,234,1.0,1.0,1,High Frequency Buyers,-1.3802041165738388,0.5717638765799256
1352660001454,12868,White Pearl Lotus Exports,97057.63,4621.791904761905,3,2,2025-08-14,2025-10-09,11,1,RETAIL,0.15,103,1.5,1.0,1,High Frequency Buyers,-0.998843524148863,0.3413983419366353
13530000005657,12571,Golden Bud Hibiscus Holdings,21255231.54,34449.321782820094,69,20,2023-12-05,2025-09-19,174,2,RETAIL,1.79,123,3.45,0.5,4,High Value One-Off,1.9856207601199518,-0.4025359973070496
13530000005670,12572,TeaLeaf Bamboo Tea Works,146302.34,8127.9077777777775,11,8,2023-11-17,2025-06-26,9,2,RETAIL,1.61,208,1.375,0.5,4,High Value One-Off,0.5685183146909366,-0.7760240079264267
13534000004142,12138,TeaLeaf Fern Beverages,95128.87,889.054859813084,21,21,2020-09-25,2025-11-07,6,1,RETAIL,5.12,74,1.0,1.0,3,Strategic High-Value,0.01035431473963613,-0.2077953896725924
13550000011354,12521,Silver Tip Sage Exports 9D6,13750.0,13750.0,1,1,2023-05-29,2023-05-29,1,1,GLOBAL,0.0,967,1.0,1.0,1,High Frequency Buyers,-1.4031179086741101,0.4993633374373566
13564000003657,12153,GreenLeaf Jasmine Exports 2C4,445450.0,44545.0,10,10,2020-09-08,2025-09-04,2,2,RETAIL,4.99,138,1.0,0.5,4,High Value One-Off,1.0110314310051673,-1.1111130575784371
1357010000287,12800,Sencha Hibiscus Imports,50798.31,50798.31,1,1,2025-03-25,2025-03-25,1,1,GLOBAL,0.0,301,1.0,1.0,1,High Frequency Buyers,-1.1946006808048624,0.34754180507181354
13571000001063,11907,Black Gold Clover Beverages D27,129650.0,129650.0,1,1,2018-12-06,2018-12-06,1,1,GLOBAL,0.0,2602,1.0,1.0,1,High Frequency Buyers,-1.9384717402916005,0.8992686890712346
13578000000054,11845,White Pearl Hibiscus Holdings,10055651.53,62457.462919254656,139,52,2018-07-12,2025-09-23,35,1,GLOBAL,7.2,119,2.673,1.0,3,Strategic High-Value,1.2832740843122554,-0.12048554487032281
13585000000872,12114,Silver Tip Fern Tea Co. 23F,198796.83000000002,1948.9885294117648,10,10,2020-07-23,2024-02-22,12,1,RETAIL,3.58,698,1.0,1.0,3,Strategic High-Value,-0.5941243769563812,0.11354016807744537
13591000000252,10001,Sencha Fern Distributors,1281063.98,1340.0250836820082,27,18,2019-08-12,2025-11-07,201,3,RETAIL,6.24,74,1.5,0.3333,4,High Value One-Off,3.2899962552201614,-1.7701977150996901
13591000000254,10002,Matcha Hibiscus Distributors,3111.74,107.30137931034481,1,1,2020-02-19,2020-02-19,29,1,RETAIL,0.0,2162,1.0,1.0,1,High Frequency Buyers,-1.634475637136743,0.7831322318552262
13591000000256,10003,GreenLeaf Bamboo Beverages,448632.47,3677.3153278688524,5,5,2019-05-10,2020-06-17,32,1,RETAIL,1.11,2043,1.0,1.0,1,High Frequency Buyers,-1.3482029554786263,0.6526273882767695
13591000000260,10005,Sencha Palm Trading,2258955.31,2085.8313111726684,238,66,2019-04-09,2025-11-03,29,1,FOOD SERVICE,6.57,78,3.606,1.0,3,Strategic High-Value,1.5858385753106141,0.021121302948903718
13591000000262,10006,White Pearl Bamboo Distributors,659911.26,31424.345714285715,21,19,2019-06-05,2024-08-02,3,2,RETAIL,5.16,536,1.105,0.5,4,High Value One-Off,1.114206791444369,-1.058196105089163
13591000000264,10007,TeaLeaf Orchid Exports,49638169.4,6706.954384542629,581,79,2019-04-02,2025-10-30,507,3,RETAIL,6.58,82,7.354,0.3333,0,Loyal Medium Buyers,7.163300642339174,-0.3959049563347388
13591000000266,10008,Golden Bud Willow Beverages,1043439.46,1893.7195281306715,48,38,2019-05-17,2025-06-19,60,2,RETAIL,6.09,215,1.263,0.5,4,High Value One-Off,2.0683365392106134,-1.25925969116341
13591000000268,10009,Assam Orchid Imports,44916086.08,6344.07995480226,664,79,2019-04-08,2025-10-22,492,2,RETAIL,6.54,90,8.405,0.5,0,Loyal Medium Buyers,6.370517898138099,0.4230207856208955
13591000000270,10010,Darjeeling Sage Tea Works,89006.5,5562.90625,2,1,2019-06-04,2019-06-07,16,2,RETAIL,0.01,2419,2.0,0.5,1,High Frequency Buyers,-0.4215666739922221,-0.024826586922398437
13591000000272,10011,Sencha Maple Distributors,586781.34,1139.3812427184466,16,13,2019-12-20,2025-10-08,98,2,RETAIL,5.8,104,1.231,0.5,4,High Value One-Off,1.7250244521496068,-1.1549878164329643
13591000000274,10012,Assam Maple Distributors,431942.07,1088.015289672544,13,13,2019-05-03,2025-07-07,67,2,RETAIL,6.18,197,1.0,0.5,4,High Value One-Off,1.5630031337963162,-1.2002676302236508
13591000000276,10013,Matcha Willow Imports,699324.02,1235.5548056537102,28,24,2019-05-31,2025-09-22,152,3,FOOD SERVICE,6.31,120,1.167,0.3333,4,High Value One-Off,3.125307571211964,-1.8505298657058742
13591000000278,10014,TeaLeaf Willow Beverages,47745.45,994.696875,1,1,2019-05-22,2019-05-22,48,2,FOOD SERVICE,0.0,2435,1.0,0.5,1,High Frequency Buyers,-0.322391972924928,-0.13652585271697062
13591000000280,10015,Silver Tip Hibiscus Tea Works,35600.0,17800.0,1,1,2019-07-11,2019-07-11,2,1,FOOD SERVICE,0.0,2385,1.0,1.0,1,High Frequency Buyers,-1.8511097329394817,0.8337761881965987
13591000000282,10016,Matcha Cedar Imports,1731499.52,2895.484147157191,27,27,2019-06-04,2025-12-03,95,2,RETAIL,6.5,48,1.0,0.5,4,High Value One-Off,2.1043944842012223,-1.3138348637321544
13591000000284,10017,Black Gold Willow Tea Works,23982845.36,8577.55556509299,256,71,2019-05-17,2025-11-04,279,3,RETAIL,6.47,77,3.606,0.3333,4,High Value One-Off,5.205907939472149,-1.4043675730048908
13591000000286,10018,White Pearl Maple Tea Co.,3482778.88,2445.7716853932584,65,38,2019-04-05,2025-11-10,130,2,FOOD SERVICE,6.6,71,1.711,0.5,4,High Value One-Off,2.60264300912528,-1.2317782530194057
13591000000288,10019,Matcha Ivy Exports,687195.16,1507.0069298245614,87,56,2019-04-01,2025-10-24,73,2,FOOD SERVICE,6.57,88,1.554,0.5,4,High Value One-Off,2.6587104270592783,-1.3493441970319433
13591000000290,10020,Assam Cedar Tea Co.,4384360.38,2317.3152114164905,76,43,2019-07-18,2025-09-19,230,3,RETAIL,6.17,123,1.767,0.3333,4,High Value One-Off,3.9982233379389593,-1.7839006598860276
13591000000292,10021,Matcha Jasmine Distributors,468059.88,12317.365263157895,9,7,2023-11-28,2024-09-09,6,2,RETAIL,0.78,498,1.286,0.5,4,High Value One-Off,0.32363528247800644,-0.6477336894119908
13591000000294,10022,Golden Bud Rosewood Tea Co.,737683.24,1983.0194623655914,27,19,2019-05-08,2025-08-14,86,2,RETAIL,6.27,159,1.421,0.5,4,High Value One-Off,1.8499111000123813,-1.1788687833833758
13591000000296,10023,Oolong Jasmine Beverages,912713.81,1618.2868971631206,29,24,2019-05-31,2025-10-22,106,3,FOOD SERVICE,6.4,90,1.208,0.3333,4,High Value One-Off,2.9063495433337923,-1.8643523073974015
13591000000298,10024,Ceylon Hibiscus Tea Works,86823.52,2284.829473684211,4,4,2019-05-10,2021-08-25,18,1,RETAIL,2.29,1609,1.0,1.0,1,High Frequency Buyers,-1.1512690418655034,0.45784880054935434
13591000000300,10025,Darjeeling Bamboo Distributors,3173336.63,1401.0316247240617,91,44,2019-06-28,2025-08-25,278,2,FOOD SERVICE,6.16,148,2.068,0.5,4,High Value One-Off,3.471678150322504,-1.1171807468601083
13591000000302,10026,Golden Bud Jasmine Tea Co.,3990472.88,1711.1804802744425,70,52,2019-04-04,2025-11-18,236,3,FOOD SERVICE,6.63,63,1.346,0.3333,4,High Value One-Off,4.262440213200666,-1.9478850443099556
13591000000304,10027,Assam Jasmine Tea Co.,6148325.86,1704.0814467849225,84,57,2019-04-02,2025-10-27,249,2,FOOD SERVICE,6.57,85,1.474,0.5,4,High Value One-Off,3.625805950367095,-1.309009319269823
13591000000308,10029,Matcha Maple Imports,3481828.61,1429.3220894909687,80,52,2019-06-07,2025-11-03,253,2,FOOD SERVICE,6.41,78,1.538,0.5,4,High Value One-Off,3.5176685411614916,-1.2811015309754754
13591000000312,10031,Oolong Jasmine Exports,336308.25,2227.206953642384,9,7,2019-10-16,2025-09-24,32,2,RETAIL,5.94,118,1.286,0.5,4,High Value One-Off,1.261999420788062,-1.141002916811069
13591000000316,10033,TeaLeaf Rosewood Imports 371,2471477.07,41889.44186440678,42,37,2019-05-29,2025-10-10,4,2,FOOD SERVICE,6.37,102,1.135,0.5,4,High Value One-Off,1.810388548670152,-1.3201669268542795
13591000000318,10034,Oolong Ivy Distributors,5368694.15,2331.1741858445507,195,74,2019-04-22,2025-11-17,219,2,FOOD SERVICE,6.57,64,2.635,0.5,4,High Value One-Off,3.978509894396116,-1.1412028019150864
13591000000320,10035,GreenLeaf Hibiscus Imports,5747789.93,2651.1946171586715,115,56,2019-05-28,2025-11-03,246,2,FOOD SERVICE,6.44,78,2.054,0.5,4,High Value One-Off,3.6334442101620494,-1.1873069709004636
13591000000322,10037,Assam Ivy Tea Works,928239.82,1983.4184188034187,24,21,2019-08-28,2025-09-04,87,2,FOOD SERVICE,6.02,138,1.143,0.5,4,High Value One-Off,1.8508406356253746,-1.2119341077860688
13591000000324,10038,Darjeeling Jasmine Tea Works,219603.88999999998,1269.386647398844,42,31,2019-07-10,2025-09-04,8,1,FOOD SERVICE,6.15,138,1.355,1.0,3,Strategic High-Value,0.38080119770019283,-0.2628763417593368
13591000000334,10043,Golden Bud Hibiscus Distributors 1FF,2761355.33,3188.6320207852195,37,32,2019-05-30,2025-12-19,134,2,FOOD SERVICE,6.56,32,1.156,0.5,4,High Value One-Off,2.4484459975419193,-1.3082938937227122
13591000000338,10045,GreenLeaf Orchid Holdings,128265460.89,12866.432028287692,1104,81,2019-04-01,2025-12-12,575,4,FOOD SERVICE,6.7,39,13.63,0.25,0,Loyal Medium Buyers,9.346337875010347,0.9770642580246677
13591000000340,10046,Black Gold Clover Exports,5288122.49,6456.804017094018,61,38,2019-07-12,2025-03-06,113,1,FOOD SERVICE,5.65,320,1.605,1.0,3,Strategic High-Value,1.0052938736113084,-0.12040027963124084
13591000000342,10047,Sencha Clover Tea Works,13968.24,4656.08,3,3,2019-12-06,2020-02-28,1,1,FOOD SERVICE,0.23,2153,1.0,1.0,1,High Frequency Buyers,-1.7079276982115845,0.7497671567634476
13591000000348,10051,Golden Bud Orchid Trading,101229.23,657.3326623376623,13,12,2019-05-02,2024-03-22,61,2,FOOD SERVICE,4.89,669,1.083,0.5,4,High Value One-Off,1.1945273888251224,-0.9748321185231044
13591000000354,10056,Assam Fern Beverages,90468.25,2513.0069444444443,5,5,2019-06-21,2025-07-31,36,1,BULK,6.11,173,1.0,1.0,3,Strategic High-Value,-0.07363237760992217,-0.18230833254955062
13591000000356,10057,Darjeeling Clover Trading,757006.18,1878.4272456575684,19,12,2019-06-13,2022-07-28,107,2,FOOD SERVICE,3.12,1272,1.583,0.5,4,High Value One-Off,1.0522628638446536,-0.6149545033451032
13591000000358,10058,Black Gold Magnolia Tea Works,105773.08,1706.0174193548387,22,15,2019-05-13,2024-09-04,7,1,FOOD SERVICE,5.31,503,1.467,1.0,3,Strategic High-Value,-0.18938852827014266,-0.02844765954002434
13591000000360,10059,Darjeeling Ivy Tea Co.,1640792.71,4972.099121212121,22,20,2019-10-25,2025-11-12,53,2,RETAIL,6.05,69,1.1,0.5,4,High Value One-Off,1.6733002107417903,-1.232935323162848
13591000000362,10060,TeaLeaf Maple Trading,98058.15,340.47968749999995,28,28,2019-04-08,2025-08-27,17,1,RETAIL,6.39,146,1.0,1.0,3,Strategic High-Value,0.36224703508813694,-0.321973022828499
13591000000364,10061,Black Gold Maple Holdings,482423.1,1813.6206766917292,18,16,2019-05-02,2025-09-19,40,2,FOOD SERVICE,6.38,123,1.125,0.5,4,High Value One-Off,1.543121759229194,-1.2338262026858866
13591000000366,10062,Assam Sage Holdings,17619.52,652.5748148148149,3,3,2019-07-25,2023-12-15,21,2,RETAIL,4.39,767,1.0,0.5,4,High Value One-Off,0.6864764563654399,-0.8881374867157033
13591000000368,10063,Matcha Willow Beverages,1994586.65,2142.4131578947367,49,39,2019-07-11,2025-12-15,232,3,FOOD SERVICE,6.43,36,1.256,0.3333,4,High Value One-Off,3.927584865556372,-1.911255981076678
13591000000372,10066,Herbal Fern Tea Co.,48981.99,2226.4540909090906,2,2,2019-06-10,2021-07-22,11,2,RETAIL,2.12,1643,1.0,0.5,4,High Value One-Off,0.03380544820264437,-0.4999640012205214
13591000000374,10067,Sencha Rosewood Distributors,229260.56,2315.7632323232324,20,20,2019-06-17,2025-10-21,10,1,FOOD SERVICE,6.35,91,1.0,1.0,3,Strategic High-Value,0.16673745136205462,-0.2942341926473628
13591000000378,10070,Assam Lotus Imports,868417.35,3603.3914937759337,18,18,2019-05-02,2025-09-04,37,2,FOOD SERVICE,6.34,138,1.0,0.5,4,High Value One-Off,1.5513841535417343,-1.2519929125557803
13591000000384,10073,GreenLeaf Maple Exports,1076064.74,1044.7230485436894,27,21,2019-04-10,2025-09-22,228,3,FOOD SERVICE,6.45,120,1.286,0.3333,4,High Value One-Off,3.493813630850726,-1.8164670121007376
13591000000386,10074,Darjeeling Jasmine Imports,106436.95,831.538671875,23,18,2019-08-20,2025-08-27,30,2,FOOD SERVICE,6.02,146,1.278,0.5,4,High Value One-Off,1.4889838092395171,-1.1912786656880077
13591000000388,10075,Darjeeling Maple Trading 24A,2370103.65,6493.434657534246,38,21,2019-07-02,2025-09-03,74,2,RETAIL,6.17,139,1.81,0.5,4,High Value One-Off,1.8585997651272737,-1.1184107100893104
13591000000390,10077,Herbal Orchid Trading,7363845.53,32439.848149779737,137,18,2019-04-29,2020-10-21,38,1,RETAIL,1.48,1917,7.611,1.0,1,High Frequency Buyers,-0.41768723479584297,1.5231106952206253
13591000000392,10078,Ceylon Ivy Tea Works CF4,176549.5,2758.5859375,7,7,2019-09-26,2025-10-01,32,2,RETAIL,6.02,111,1.0,0.5,4,High Value One-Off,1.2543395872071808,-1.1865413140586474
13591000000394,10080,Black Gold Bamboo Imports,8185042.76,3784.115931576514,99,65,2019-04-04,2026-01-20,68,2,RETAIL,6.8,0,1.523,0.5,4,High Value One-Off,2.9071664457475994,-1.385520622980812
13591000000396,10081,Oolong Clover Beverages 89E,1991489.04,1478.462538975501,53,46,2019-05-02,2025-10-16,150,2,FOOD SERVICE,6.46,96,1.152,0.5,4,High Value One-Off,2.7977480983854126,-1.351344408318196
13591000000404,10085,Ceylon Bamboo Beverages C07,3591795.55,2934.4734885620915,62,51,2019-05-28,2025-10-23,60,1,RETAIL,6.41,89,1.216,1.0,3,Strategic High-Value,1.1358861706873833,-0.3767201535698193
13591000000406,10086,Silver Tip Jasmine Tea Works,375929.15,2724.124275362319,11,11,2019-12-05,2025-06-16,41,2,RETAIL,5.53,218,1.0,0.5,4,High Value One-Off,1.289656340768412,-1.1390114299214933
13591000000410,10088,Sencha Willow Holdings,6440297.12,2817.2778302712163,106,62,2019-04-26,2025-12-02,294,2,FOOD SERVICE,6.6,49,1.71,0.5,4,High Value One-Off,4.015814312513543,-1.2838990309440312
13591000000420,10093,Herbal Cedar Tea Co. 2E7,4245838.99,2930.1856383712907,78,52,2019-04-04,2025-11-06,258,3,FOOD SERVICE,6.59,75,1.5,0.3333,4,High Value One-Off,4.386805492955672,-1.9079030807721644
13591000000426,10096,White Pearl Orchid Distributors,201313.81,3531.8212280701755,4,4,2019-04-23,2025-08-20,23,2,RETAIL,6.33,153,1.0,0.5,4,High Value One-Off,1.1697776204371477,-1.1881132619135024
13591000000430,10098,Darjeeling Orchid Distributors 1AF,2028411.28,5713.8345915492955,27,21,2019-08-01,2023-11-03,29,1,RETAIL,4.26,809,1.286,1.0,3,Strategic High-Value,-0.18663519422384747,0.09059978008288037
13591000000438,10105,Black Gold Clover Distributors,80825.18,808.2517999999999,13,10,2019-04-08,2020-07-15,37,2,RETAIL,1.27,2015,1.3,0.5,4,High Value One-Off,0.1339936901250262,-0.3393944232898961
13591000000442,10108,Sencha Palm Beverages,3396.31,308.75545454545454,4,4,2021-06-21,2025-10-20,8,1,FOOD SERVICE,4.33,92,1.0,1.0,3,Strategic High-Value,-0.4518275447793654,-0.06184563727971889
13591000000454,10116,Black Gold Lotus Tea Works,6879600.27,3992.80340684852,90,54,2019-06-03,2025-12-12,174,3,RETAIL,6.53,39,1.667,0.3333,4,High Value One-Off,4.013529114876853,-1.8851875333651393
13591000000458,10118,Silver Tip Hibiscus Trading,876074.227,3650.3092791666663,34,13,2019-07-03,2023-05-31,73,3,RETAIL,3.91,965,2.615,0.3333,4,High Value One-Off,1.9912360136335743,-1.2274112508436892
13591000000460,10119,GreenLeaf Clover Tea Works,2442411.22,15859.813116883119,106,67,2018-04-30,2025-10-02,40,3,FOOD SERVICE,7.43,110,1.582,0.3333,4,High Value One-Off,3.655700514941802,-2.0528076946073686
13591000000462,10120,Darjeeling Maple Distributors,1523306479.82,129632.07214875329,1272,91,2018-04-30,2025-10-10,79,1,RETAIL,7.45,102,13.978,1.0,0,Loyal Medium Buyers,8.872271274246346,11.587590886945963
13591000000464,10121,Golden Bud Cedar Tea Works F65,14277670.12,16261.58328018223,541,86,2018-04-30,2025-10-09,55,3,FOOD SERVICE,7.44,103,6.291,0.3333,4,High Value One-Off,4.797512450719046,-0.9626579499493292
13591000000466,10122,Golden Bud Bamboo Exports,20606137.46,35836.760800000004,408,85,2018-04-30,2025-10-02,65,3,FOOD SERVICE,7.43,110,4.8,0.3333,4,High Value One-Off,4.649448428078625,-1.2646395198581033
13591000000468,10123,Oolong Cedar Tea Works,7838986.84,34532.981674008806,126,52,2018-04-30,2025-08-12,32,3,FOOD SERVICE,7.29,161,2.423,0.3333,4,High Value One-Off,3.353840923226672,-1.7794922207526302
13591000000470,10124,TeaLeaf Lotus Holdings 851,172531506.65,27204.58950646484,467,70,2018-04-30,2025-09-26,199,2,RETAIL,7.41,116,6.671,0.5,4,High Value One-Off,4.889982708171631,0.6743681078747183
13591000000473,10125,Black Gold Fern Tea Works 920,90571056.26,26184.17353570396,1784,91,2018-04-30,2025-10-10,354,3,RETAIL,7.45,102,19.604,0.3333,0,Loyal Medium Buyers,8.525688821850794,2.7348957158860996
13591000000475,10126,Herbal Lotus Trading,43364975.92,17366.830564677613,212,87,2018-05-08,2025-10-03,61,1,RETAIL,7.41,109,2.437,1.0,3,Strategic High-Value,2.327128969499131,-0.08292182551350197
13591000000480,10128,GreenLeaf Jasmine Holdings 71F,16567654.96,10856.916749672346,321,81,2018-04-30,2025-09-30,160,3,FOOD SERVICE,7.42,112,3.963,0.3333,4,High Value One-Off,4.940552455318741,-1.466023178548189
13591000000482,10129,Assam Ivy Distributors,30144.0,6028.8,3,2,2020-06-23,2020-07-30,2,1,RETAIL,0.1,2000,1.5,1.0,1,High Frequency Buyers,-1.6595087733446776,0.7900045103890562
13591000000486,10131,Matcha Lotus Beverages,669599982.06,8547.466549994255,13938,91,2018-04-30,2025-10-10,94,3,RETAIL,7.45,102,153.165,0.3333,2,Churned / Inactive,26.726574495057108,38.077463041819215
13591000000489,10132,Black Gold Lotus Trading 438,2866885.11,9954.4621875,29,21,2018-06-22,2025-10-01,38,2,RETAIL,7.28,111,1.381,0.5,4,High Value One-Off,1.7891220039522748,-1.2774804918353495
13591000000491,10134,Oolong Willow Beverages C68,22170057.05,13141.705423829284,634,53,2018-04-30,2024-12-24,271,3,RETAIL,6.65,392,11.962,0.3333,4,High Value One-Off,5.528462458942441,0.2449264631778191
13591000000493,10135,Golden Bud Clover Exports,1759652902.85,87232.44610598849,2559,91,2018-04-04,2025-10-10,130,3,RETAIL,7.52,102,28.121,0.3333,0,Loyal Medium Buyers,13.920684146592176,14.788364968702465
13591000000496,10136,Silver Tip Maple Trading AF8,2907568.82,29669.069591836735,49,40,2018-06-12,2025-09-11,13,3,FOOD SERVICE,7.25,131,1.225,0.3333,4,High Value One-Off,2.8598453433278452,-1.9885262794531158
13591000000498,10137,Ceylon Hibiscus Trading 78E,3742656.56,15858.714237288135,69,23,2018-04-30,2020-09-09,42,1,RETAIL,2.36,1959,3.0,1.0,1,High Frequency Buyers,-0.5475798830990894,0.7716656888447968
13591000000502,10139,GreenLeaf Bamboo Tea Works 064,184102.84,12273.522666666666,4,3,2018-08-16,2019-01-16,14,2,RETAIL,0.42,2561,1.333,0.5,1,High Frequency Buyers,-0.4241618065104182,-0.11142891670168782
13591000000504,10140,Oolong Bamboo Imports 245,3798544.0,12293.022653721682,200,78,2018-04-30,2025-10-02,15,3,FOOD SERVICE,7.43,110,2.564,0.3333,4,High Value One-Off,3.887879747175675,-1.8745378860450232
13591000000506,10141,Golden Bud Sage Distributors,28640773.28,23437.621342062193,103,60,2018-04-30,2025-10-03,54,1,RETAIL,7.43,109,1.717,1.0,3,Strategic High-Value,1.5594601751456358,-0.24026982736227845
13591000000508,10142,Darjeeling Orchid Beverages,825480.0,10191.111111111111,53,22,2018-04-30,2020-01-16,12,2,FOOD SERVICE,1.71,2196,2.409,0.5,4,High Value One-Off,0.3508441206832601,-0.2171214342313115
13591000000513,10144,Darjeeling Rosewood Tea Co.,17888563.73,15289.37070940171,780,89,2018-04-30,2025-10-09,94,3,FOOD SERVICE,7.44,103,8.764,0.3333,4,High Value One-Off,5.4164316626559765,-0.34397275004748334
13591000000515,10145,Matcha Lotus Imports 8A2,157648.0,4636.705882352941,18,15,2018-04-30,2022-09-29,14,2,FOOD SERVICE,4.42,1209,1.2,0.5,4,High Value One-Off,0.7833550008134941,-0.8148785246462902
13591000000517,10146,TeaLeaf Jasmine Tea Co. 1EA,53591395.8,22470.186918238993,337,84,2018-04-30,2025-10-08,24,1,RETAIL,7.44,104,4.012,1.0,3,Strategic High-Value,2.301922406417861,0.34006371533777785
13591000000519,10147,Sencha Lotus Tea Works C4A,162610.63,12508.51,7,7,2019-10-01,2025-03-03,7,2,RETAIL,5.42,323,1.0,0.5,4,High Value One-Off,0.973769749669439,-1.0922512967987847
13591000000521,10149,Assam Jasmine Tea Co. 67B,224270.0,7008.4375,21,14,2018-04-30,2023-03-14,15,1,FOOD SERVICE,4.87,1043,1.5,1.0,3,Strategic High-Value,-0.3966522465560849,0.14447450125835343
13591000000523,10150,Darjeeling Orchid Distributors DC2,5791813.03,5458.8247219604145,120,72,2018-04-30,2025-09-11,46,2,RETAIL,7.37,131,1.667,0.5,4,High Value One-Off,2.9845467536964247,-1.4145156946808677
13591000000525,10151,Oolong Orchid Beverages C67,1301502.32,15133.747906976745,39,33,2018-04-30,2025-10-02,11,3,FOOD SERVICE,7.43,110,1.182,0.3333,4,High Value One-Off,2.7215456503403868,-1.995610681265258
13591000000527,10152,GreenLeaf Ivy Exports 9AC,59044.0,4217.428571428572,6,4,2018-04-30,2021-07-15,10,2,FOOD SERVICE,3.21,1650,1.5,0.5,4,High Value One-Off,0.2455424645284888,-0.5311035000473083
13591000000529,10153,TeaLeaf Cedar Distributors 749,8200099.68,22969.466890756303,165,73,2018-04-30,2025-10-10,33,3,FOOD SERVICE,7.45,102,2.26,0.3333,4,High Value One-Off,3.8530563063609167,-1.8995016935337659
13591000000531,10154,Silver Tip Jasmine Trading AE0,31181296.0,123735.30158730158,203,82,2018-04-30,2025-10-09,12,3,RETAIL,7.44,103,2.476,0.3333,4,High Value One-Off,4.031011829131921,-1.7291412882746557
13591000000533,10155,GreenLeaf Magnolia Imports 89C,1000983.03,43521.001304347825,16,10,2018-05-08,2025-01-29,11,3,FOOD SERVICE,6.73,356,1.6,0.3333,4,High Value One-Off,2.082339713661832,-1.7230433531510176
13591000000535,10156,Oolong Sage Beverages 9D6,3511026.0,13149.91011235955,125,59,2018-04-30,2025-09-22,16,2,FOOD SERVICE,7.4,120,2.119,0.5,4,High Value One-Off,2.5891471413237803,-1.298329589606898
13591000000537,10158,GreenLeaf Maple Exports 276,10384366.42,40249.48224806201,191,86,2018-04-30,2025-10-01,43,3,RETAIL,7.42,111,2.221,0.3333,4,High Value One-Off,4.189354976647508,-1.9267680712899398
13591000000539,10159,Golden Bud Jasmine Imports,1279920.0,32818.46153846154,28,21,2018-04-30,2020-02-17,2,1,RETAIL,1.8,2164,1.333,1.0,1,High Frequency Buyers,-1.0879984908188514,0.604467638790135
13591000000541,10160,Oolong Maple Distributors E31,362480.0,9062.0,28,26,2018-05-31,2021-11-26,3,2,RETAIL,3.49,1516,1.077,0.5,4,High Value One-Off,0.7310493859477618,-0.7370923107834054
13591000000545,10162,White Pearl Magnolia Tea Works 304,218400.0,27300.0,8,8,2018-07-04,2021-05-20,1,1,FOOD SERVICE,2.88,1706,1.0,1.0,1,High Frequency Buyers,-1.1121102356455064,0.4167268387055736
13591000000547,10163,TeaLeaf Hibiscus Distributors C15,23814851.04,26343.861769911502,290,86,2018-04-30,2025-10-07,144,3,RETAIL,7.44,105,3.372,0.3333,4,High Value One-Off,4.924146739982001,-1.5674194622500992
13591000000550,10164,GreenLeaf Willow Holdings,2714725.07,7417.281612021858,28,26,2018-04-30,2025-02-28,30,1,RETAIL,6.83,326,1.077,1.0,3,Strategic High-Value,0.40310339559033037,-0.27434529609620467
13591000000552,10165,Darjeeling Bamboo Trading,1996840.0,8285.643153526971,156,72,2018-04-30,2025-10-02,15,3,FOOD SERVICE,7.43,110,2.167,0.3333,4,High Value One-Off,3.7003555129764996,-1.954975988599784
13591000000554,10166,Matcha Cedar Distributors DA5,2430484.06,8101.613533333333,123,66,2018-04-30,2025-04-24,17,3,FOOD SERVICE,6.98,271,1.864,0.3333,4,High Value One-Off,3.434043287240347,-1.922214640224293
13591000000556,10167,Darjeeling Rosewood Holdings,1149973.52,12499.712173913043,78,63,2018-04-30,2025-09-03,8,2,RETAIL,7.35,139,1.238,0.5,4,High Value One-Off,2.517019920951878,-1.4963189805365538
13591000000558,10168,White Pearl Rosewood Tea Co.,1664468.0,13755.933884297521,61,45,2018-04-30,2025-09-18,11,3,FOOD SERVICE,7.39,124,1.356,0.3333,4,High Value One-Off,2.9880652103475867,-2.00966378283773
13591000000560,10169,TeaLeaf Fern Trading 2E0,1976504.0,11424.878612716762,98,50,2018-04-30,2025-09-26,21,3,FOOD SERVICE,7.41,116,1.96,0.3333,4,High Value One-Off,3.2171735505241594,-1.91941083054132
13591000000562,10170,White Pearl Magnolia Tea Works,3112250.0,18415.68047337278,83,52,2018-04-30,2025-09-30,10,2,FOOD SERVICE,7.42,112,1.596,0.5,4,High Value One-Off,2.3512604399658126,-1.3799178652067425
13591000000564,10171,Darjeeling Lotus Tea Works,758334.6,12853.128813559322,39,32,2018-05-17,2025-08-07,5,3,FOOD SERVICE,7.23,166,1.219,0.3333,4,High Value One-Off,2.625757196979301,-1.9607798431007455
13591000000568,10173,GreenLeaf Maple Beverages,180850.0,5167.142857142857,12,11,2018-04-30,2020-01-17,5,1,FOOD SERVICE,1.72,2195,1.091,1.0,1,High Frequency Buyers,-1.3263857545772444,0.6187055604900086
13591000000570,10174,Matcha Hibiscus Beverages,30200.0,7550.0,2,2,2018-04-30,2018-05-14,3,2,FOOD SERVICE,0.04,2808,1.0,0.5,1,High Frequency Buyers,-0.654823826872379,-0.06295918170428945
13591000000574,10176,Matcha Hibiscus Distributors D2D,396238.14,11006.615,17,11,2024-03-14,2025-07-24,12,3,FOOD SERVICE,1.36,180,1.545,0.3333,4,High Value One-Off,1.4578060784582663,-1.3608613224424018
13591000000580,10179,Assam Rosewood Tea Co.,8545295.65,26293.217384615386,190,64,2018-04-30,2025-10-10,30,2,RETAIL,7.45,102,2.969,0.5,4,High Value One-Off,2.897068891910875,-1.115643612177913
13591000000584,10181,Silver Tip Hibiscus Distributors,21511234.21,46763.55263043479,91,32,2018-05-31,2025-01-31,16,1,RETAIL,6.67,354,2.844,1.0,3,Strategic High-Value,0.6397403692778472,0.11806232031870707
13591000000586,10182,Matcha Bamboo Holdings,10800.0,10800.0,1,1,2022-06-24,2022-06-24,1,1,RETAIL,0.0,1306,1.0,1.0,1,High Frequency Buyers,-1.5110587394631974,0.5787329341924567
13591000000589,10183,Matcha Maple Tea Works,13000931.74,32913.75124050633,308,90,2018-04-30,2025-10-03,27,3,RETAIL,7.43,109,3.422,0.3333,4,High Value One-Off,4.362958692262516,-1.642780611275731
13591000000591,10184,Oolong Orchid Exports 970,4416827.84,31104.421408450704,72,56,2018-04-30,2025-09-25,27,2,RETAIL,7.41,117,1.286,0.5,4,High Value One-Off,2.4957382702303925,-1.4412968927878862
13591000000594,10185,Assam Palm Distributors 976,94250910.72,21873.03567417034,477,88,2018-04-30,2025-07-01,144,3,RETAIL,7.17,203,5.42,0.3333,4,High Value One-Off,5.400994701264636,-0.6215431018037785
13591000000598,10187,Golden Bud Ivy Beverages,17150.0,4287.5,4,4,2018-07-03,2019-01-08,1,1,FOOD SERVICE,0.52,2569,1.0,1.0,1,High Frequency Buyers,-1.7812789499833586,0.820102895843727
13591000000600,10188,Silver Tip Magnolia Holdings,4367482.0,26794.36809815951,83,60,2018-04-30,2025-08-29,22,2,FOOD SERVICE,7.33,144,1.383,0.5,4,High Value One-Off,2.547264577411749,-1.428307126667286
13591000000602,10189,Assam Maple Distributors 22F,1343500.0,16586.41975308642,56,40,2018-04-30,2025-07-18,12,3,FOOD SERVICE,7.22,186,1.4,0.3333,4,High Value One-Off,2.845907492688145,-1.9543883961101058
13591000000604,10190,Black Gold Willow Tea Works 258,2384472.0,20037.579831932773,48,30,2018-07-19,2025-10-01,29,3,RETAIL,7.2,111,1.6,0.3333,4,High Value One-Off,2.7613360439912973,-1.8876421759432136
13591000000606,10191,Oolong Lotus Tea Co. 8AC,855004.0,8814.474226804125,69,42,2018-04-30,2025-10-10,6,2,FOOD SERVICE,7.45,102,1.643,0.5,4,High Value One-Off,2.1173593178268764,-1.3527279840081134
13591000000614,10197,Golden Bud Bamboo Beverages,10313297.87,8975.890226283724,140,75,2018-04-30,2025-10-03,58,3,RETAIL,7.43,109,1.867,0.3333,4,High Value One-Off,3.986800873448368,-1.9731187492892102
13591000000616,10198,GreenLeaf Fern Beverages,558224.99,50747.726363636364,8,7,2023-05-24,2025-07-23,5,1,RETAIL,2.17,181,1.143,1.0,1,High Frequency Buyers,-0.7101502688217428,0.14245094579911033
13591000000618,10199,Golden Bud Bamboo Distributors,3565860.27,18967.341861702127,43,35,2018-04-30,2025-09-18,36,1,RETAIL,7.39,124,1.229,1.0,3,Strategic High-Value,0.7809531260771275,-0.37469523724618276
13591000000620,10200,Matcha Maple Distributors D18,187500.0,187500.0,1,1,2023-09-08,2023-09-08,1,1,GLOBAL,0.0,865,1.0,1.0,1,High Frequency Buyers,-1.3902397404234828,0.49820468173594373
13591000000622,10201,Darjeeling Rosewood Trading,2870608.66,14951.086770833334,162,72,2018-04-30,2025-09-18,33,2,FOOD SERVICE,7.39,124,2.25,0.5,4,High Value One-Off,2.978590859064172,-1.3114793879960456
13591000000626,10203,Black Gold Hibiscus Exports,2969731.28,18795.767594936708,64,34,2018-07-10,2025-06-16,29,2,RETAIL,6.93,218,1.882,0.5,4,High Value One-Off,1.9866571775841275,-1.1969238454490363
13591000000628,10205,White Pearl Magnolia Exports,220715.25,5808.296052631579,25,23,2018-05-14,2024-01-23,9,2,FOOD SERVICE,5.69,728,1.087,0.5,4,High Value One-Off,1.2402245740851756,-1.080571101825086
13591000000630,10206,Silver Tip Maple Tea Co. 43D,5731148.97,18914.68306930693,151,55,2019-12-03,2025-10-07,66,3,FOOD SERVICE,5.85,105,2.745,0.3333,4,High Value One-Off,3.4592794868823105,-1.6355145130406312
13591000000632,10207,Black Gold Hibiscus Imports,2729350.0,10830.753968253968,186,71,2018-04-30,2025-10-02,22,3,FOOD SERVICE,7.43,110,2.62,0.3333,4,High Value One-Off,3.7706015652355047,-1.849704411439218
13591000000634,10208,Silver Tip Clover Imports B3A,312240.0,62448.0,5,5,2018-11-05,2021-09-29,3,1,RETAIL,2.9,1574,1.0,1.0,1,High Frequency Buyers,-1.1245491143099777,0.40348243486567814
13591000000636,10209,Golden Bud Bamboo Exports 104,13949992.04,23805.447167235492,246,76,2018-04-30,2025-10-03,53,3,FOOD SERVICE,7.43,109,3.237,0.3333,4,High Value One-Off,4.158399342832129,-1.6535156571702128
13591000000638,10210,Black Gold Palm Tea Co. 651,210984.0,10046.857142857143,14,14,2018-04-30,2020-02-13,3,2,RETAIL,1.79,2168,1.0,0.5,4,High Value One-Off,0.03610885187727759,-0.4061760803049527
13591000000640,10211,Matcha Maple Beverages CAE,2541698.0,39103.04615384615,45,36,2018-04-30,2025-10-03,13,2,FOOD SERVICE,7.43,109,1.25,0.5,4,High Value One-Off,1.9848449608780072,-1.3767532327107967
13591000000642,10212,Oolong Orchid Beverages,68730.0,9818.57142857143,3,3,2018-09-27,2019-01-11,5,2,FOOD SERVICE,0.29,2566,1.0,0.5,1,High Frequency Buyers,-0.5128351348266196,-0.14342884572414674
13591000000644,10213,Oolong Cedar Imports,6841929.67,13521.600138339922,80,51,2018-05-14,2025-09-25,59,1,RETAIL,7.37,117,1.569,1.0,3,Strategic High-Value,1.2933153913614304,-0.35917018089360636
13591000000646,10214,Herbal Willow Trading,1617471.71,21282.5225,67,52,2018-04-30,2025-04-07,10,1,RETAIL,6.94,288,1.288,1.0,3,Strategic High-Value,0.8967050508169429,-0.37988592877084654
13591000000648,10215,Darjeeling Lotus Imports 9AD,3497670.0,13716.35294117647,175,81,2018-04-30,2025-10-09,10,3,FOOD SERVICE,7.44,103,2.16,0.3333,4,High Value One-Off,3.880857251884235,-1.9784464104164163
13591000000650,10216,Oolong Willow Distributors DAD,1144532.0,14130.024691358025,23,15,2018-04-30,2024-07-12,13,2,FOOD SERVICE,6.2,557,1.533,0.5,4,High Value One-Off,1.2474174456659544,-1.0550652391969715
13591000000652,10217,Silver Tip Willow Beverages,746241.0,14350.788461538461,51,47,2018-04-30,2025-09-15,5,2,RETAIL,7.38,127,1.085,0.5,4,High Value One-Off,2.147600434223543,-1.461682716912824
13591000000654,10218,Golden Bud Cedar Holdings 4E8,201108.0,14364.857142857143,10,6,2018-04-30,2023-04-03,10,1,RETAIL,4.93,1023,1.667,1.0,3,Strategic High-Value,-0.5722605667666274,0.1885903983324316
13591000000660,10221,Black Gold Willow Distributors FE1,5602260.06,6823.70287454324,75,45,2018-04-30,2025-09-22,94,2,RETAIL,7.4,120,1.667,0.5,4,High Value One-Off,2.6561830510648674,-1.3097023118676863
13591000000662,10222,Silver Tip Bamboo Tea Works,7386623.5,49574.654362416106,124,72,2018-04-30,2025-10-07,18,3,RETAIL,7.44,105,1.722,0.3333,4,High Value One-Off,3.679454934147756,-2.0139337756241984
13591000000664,10223,Black Gold Cedar Distributors 719,41685.0,4168.5,2,1,2021-09-07,2021-09-15,8,1,RETAIL,0.02,1588,2.0,1.0,1,High Frequency Buyers,-1.4956197156384012,0.7644090932093507
13591000000666,10224,Assam Willow Holdings,3258575.68,17425.538395721927,51,43,2018-05-14,2025-08-28,28,1,RETAIL,7.29,145,1.186,1.0,3,Strategic High-Value,0.8858480421419487,-0.4079034846879079
13591000000668,10225,GreenLeaf Fern Tea Co.,6340250.0,26091.56378600823,165,69,2018-04-30,2025-10-07,17,3,FOOD SERVICE,7.44,105,2.391,0.3333,4,High Value One-Off,3.6853170844883407,-1.8716652490396095
13591000000670,10226,Ceylon Sage Distributors 242,1573944.76,39348.619,15,13,2018-05-21,2025-01-21,20,2,GLOBAL,6.67,364,1.154,0.5,4,High Value One-Off,1.334984677389769,-1.1742411929961574
13591000000672,10227,Matcha Bamboo Holdings 10C,2433534.43,156.7998988402062,629,69,2018-04-30,2024-11-06,493,3,RETAIL,6.52,440,9.116,0.3333,0,Loyal Medium Buyers,6.75609448142878,-0.2610812716055579
13591000000674,10228,Matcha Maple Exports,11453087.46,17512.36614678899,505,90,2018-04-30,2025-10-09,51,3,FOOD SERVICE,7.44,103,5.611,0.3333,4,High Value One-Off,4.778680982636444,-1.132561492412702
13591000000676,10229,White Pearl Hibiscus Imports,998942.0,10515.17894736842,79,46,2018-04-30,2022-12-08,20,2,RETAIL,4.61,1139,1.717,0.5,4,High Value One-Off,1.5822387739467365,-0.8841671669499871
13591000000678,10230,Oolong Hibiscus Distributors,1434510.0,119542.5,7,4,2021-12-31,2022-11-10,12,2,RETAIL,0.86,1167,1.75,0.5,4,High Value One-Off,0.10941797934883708,-0.40572723447921066
13591000000683,10232,GreenLeaf Orchid Holdings 894,9463100.0,111330.58823529411,85,72,2018-05-07,2025-09-15,8,2,FOOD SERVICE,7.36,127,1.181,0.5,4,High Value One-Off,2.724834556250033,-1.4891785531086372
13591000000685,10233,White Pearl Fern Exports,218256.0,15589.714285714286,9,9,2018-04-30,2020-07-06,4,1,RETAIL,2.18,2024,1.0,1.0,1,High Frequency Buyers,-1.2670118320817763,0.5409075716916915
13591000000687,10234,Black Gold Palm Tea Works,951393.4,9808.179381443299,71,52,2018-04-30,2025-10-02,27,3,FOOD SERVICE,7.43,110,1.365,0.3333,4,High Value One-Off,3.2332355761489593,-2.046258766017901
13591000000689,10235,Oolong Magnolia Beverages,173954.0,6690.538461538462,14,12,2019-01-04,2024-02-01,6,2,FOOD SERVICE,5.08,719,1.167,0.5,4,High Value One-Off,0.9169781547641984,-0.9741266586153052
13591000000693,10237,Oolong Jasmine Exports A4C,5847786.8,24884.199148936168,136,70,2018-04-30,2025-10-10,30,3,FOOD SERVICE,7.45,102,1.943,0.3333,4,High Value One-Off,3.7253035555366316,-1.9717665051888353
13591000000695,10238,Oolong Willow Exports,25920.0,12960.0,2,2,2018-04-30,2018-05-15,1,1,RETAIL,0.04,2807,1.0,1.0,1,High Frequency Buyers,-1.9640649285528857,0.9243933921358113
13591000000697,10239,Golden Bud Lotus Holdings,1312700.0,10672.357723577235,79,51,2018-04-30,2025-01-31,9,3,FOOD SERVICE,6.76,354,1.549,0.3333,4,High Value One-Off,2.9698959300855847,-1.8982321151053105
13591000000699,10240,White Pearl Bamboo Exports,155360.0,7398.0952380952385,20,19,2018-06-01,2020-03-03,3,2,FOOD SERVICE,1.75,2149,1.053,0.5,4,High Value One-Off,0.14796151104599814,-0.42403314536645775
13591000000701,10241,Golden Bud Orchid Holdings E61,325770093.23,31708.20451917462,654,80,2018-04-30,2025-10-09,657,3,RETAIL,7.44,103,8.175,0.3333,0,Loyal Medium Buyers,9.0941840338361,1.4189405408686115
13591000000703,10244,Herbal Jasmine Exports,10900.0,5450.0,1,1,2018-12-03,2018-12-03,2,1,FOOD SERVICE,0.0,2605,1.0,1.0,1,High Frequency Buyers,-1.9200169833986718,0.8838383660270519
13591000000705,10245,Herbal Fern Trading,1339382.0,27334.326530612245,46,42,2018-04-30,2025-09-15,4,2,FOOD SERVICE,7.38,127,1.095,0.5,4,High Value One-Off,2.036585180653558,-1.4319519663134046
13591000000707,10246,Matcha Fern Exports,22280.0,5570.0,4,4,2018-11-02,2020-02-26,3,2,FOOD SERVICE,1.32,2155,1.0,0.5,1,High Frequency Buyers,-0.23513314092977655,-0.3269713338169611
13591000000715,10250,Sencha Magnolia Distributors BCB,31292035.0,260766.95833333334,115,65,2018-11-16,2025-10-03,10,3,FOOD SERVICE,6.88,109,1.769,0.3333,4,High Value One-Off,3.4676101658210814,-1.763871321954329
13591000000717,10251,White Pearl Maple Distributors,2590050.0,11935.714285714286,155,76,2018-04-30,2025-08-21,8,2,FOOD SERVICE,7.31,152,2.039,0.5,4,High Value One-Off,2.8893759689310627,-1.3629920847762158
13591000000719,10252,Sencha Bamboo Exports,227450.0,3610.3174603174602,23,11,2018-06-05,2020-09-22,7,2,FOOD SERVICE,2.3,1946,2.091,0.5,4,High Value One-Off,0.2109427301468922,-0.3387466521840063
13591000000723,10254,TeaLeaf Cedar Holdings,1355596.05,9682.828928571429,75,41,2018-04-30,2025-05-05,24,2,FOOD SERVICE,7.01,260,1.829,0.5,4,High Value One-Off,2.1020618786518273,-1.2389307989042744
13591000000725,10255,Matcha Fern Tea Co. 457,59600.0,5960.0,10,6,2019-05-21,2020-01-16,4,2,FOOD SERVICE,0.66,2196,1.667,0.5,1,High Frequency Buyers,-0.2411313867388878,-0.18965301433901036
13591000000727,10256,Black Gold Willow Tea Co.,1382158.0,24248.385964912282,42,38,2018-04-30,2025-09-25,6,3,FOOD SERVICE,7.41,117,1.105,0.3333,4,High Value One-Off,2.7896483472734754,-2.0268456946941233
13591000000729,10257,TeaLeaf Lotus Holdings,1656850.0,25490.0,54,48,2018-04-30,2024-06-27,4,1,FOOD SERVICE,6.16,572,1.125,1.0,3,Strategic High-Value,0.5686339031422833,-0.2643506943384521
13591000000731,10258,GreenLeaf Bamboo Tea Works,576419.84,7296.453670886075,48,41,2018-04-30,2025-03-06,7,3,FOOD SERVICE,6.85,320,1.171,0.3333,4,High Value One-Off,2.7264169816165924,-1.9441461835622025
13591000000737,10261,White Pearl Sage Tea Works,826728.0,68894.0,12,12,2020-07-22,2023-08-28,2,1,RETAIL,3.1,876,1.0,1.0,1,High Frequency Buyers,-0.7302369715684274,0.1943866864551826
13591000000739,10262,Silver Tip Orchid Tea Works,462000.0,33000.0,14,14,2018-04-30,2020-08-11,1,1,RETAIL,2.28,1988,1.0,1.0,1,High Frequency Buyers,-1.1527782783931,0.5042571893788167
13591000000741,10263,Matcha Lotus Distributors 86F,544966.68,15570.476571428573,29,25,2018-04-30,2025-06-02,11,3,RETAIL,7.09,232,1.16,0.3333,4,High Value One-Off,2.461635037384178,-1.9123234006290941
13591000000743,10264,TeaLeaf Cedar Distributors,161618.0,7346.272727272727,15,13,2018-04-30,2020-08-10,4,2,FOOD SERVICE,2.28,1989,1.154,0.5,4,High Value One-Off,0.15315654863091305,-0.4616359619803526
13591000000745,10265,Matcha Rosewood Trading F72,1015585.45,19913.44019607843,36,27,2018-04-30,2025-07-18,19,1,RETAIL,7.22,186,1.333,1.0,3,Strategic High-Value,0.47662999459927535,-0.3133463726093573
13591000000747,10266,Black Gold Rosewood Tea Co.,636118.0,9219.101449275362,47,37,2018-05-17,2025-04-10,6,2,FOOD SERVICE,6.9,285,1.27,0.5,4,High Value One-Off,1.842433331449167,-1.3109798545237807
13591000000749,10267,Silver Tip Rosewood Beverages 5B5,260150.0,4409.322033898305,31,28,2018-04-30,2025-09-25,7,2,FOOD SERVICE,7.41,117,1.107,0.5,4,High Value One-Off,1.7598776045258795,-1.379667304985259
13591000000751,10268,Herbal Maple Holdings 5B6,2131127.63,37388.204035087714,55,47,2018-04-30,2025-09-29,11,2,RETAIL,7.42,113,1.17,0.5,4,High Value One-Off,2.1994962252152965,-1.4405634482141936
13591000000753,10269,Herbal Orchid Distributors,2166840.0,67713.75,32,31,2018-04-30,2022-11-14,1,1,RETAIL,4.54,1163,1.032,1.0,3,Strategic High-Value,-0.22494360672257419,0.07225011275841407
13591000000759,10272,GreenLeaf Sage Exports,2413118.0,34972.72463768116,47,44,2018-04-30,2025-09-11,12,2,FOOD SERVICE,7.37,131,1.068,0.5,4,High Value One-Off,2.1193415167010587,-1.4354742973332486
13591000000762,10273,Silver Tip Bamboo Beverages A42,120240.0,8016.0,9,6,2018-04-30,2022-04-25,11,2,FOOD SERVICE,3.99,1366,1.5,0.5,4,High Value One-Off,0.48728383187225566,-0.6663567539162174
13591000000768,10276,Darjeeling Bamboo Exports,124960.0,7350.588235294118,16,10,2018-04-30,2019-01-28,3,2,RETAIL,0.75,2549,1.6,0.5,1,High Frequency Buyers,-0.26468846008879615,-0.13741786981775514
13591000000774,10279,Golden Bud Magnolia Tea Co. 47B,7867698.0,19096.35436893204,250,81,2018-04-30,2025-09-25,29,3,FOOD SERVICE,7.41,117,3.086,0.3333,4,High Value One-Off,4.10271609147124,-1.733848916523022
13591000000782,10283,Oolong Sage Exports 826,29887.0,9962.333333333334,2,2,2019-03-19,2019-09-26,3,2,RETAIL,0.52,2308,1.0,0.5,1,High Frequency Buyers,-0.4323282365550251,-0.2180516012700178
13591000000784,10284,White Pearl Palm Tea Works,41450.0,13816.666666666666,3,3,2019-02-15,2020-02-03,2,1,FOOD SERVICE,0.97,2178,1.0,1.0,1,High Frequency Buyers,-1.6143301668308632,0.6989118657874327
13591000000788,10286,Black Gold Bamboo Trading,269890.0,8178.484848484848,33,32,2018-04-30,2025-09-11,2,1,RETAIL,7.37,131,1.031,1.0,3,Strategic High-Value,0.5039292298348333,-0.41671264069398634
13591000000790,10287,Black Gold Hibiscus Imports FE3,157991702.71,24381.435603395064,606,83,2018-04-30,2025-10-09,681,3,RETAIL,7.44,103,7.301,0.3333,0,Loyal Medium Buyers,8.643944714053251,0.2260019944534665
13591000000800,10292,GreenLeaf Jasmine Distributors,1512928.24,47279.0075,29,21,2018-08-22,2025-10-02,4,2,RETAIL,7.11,110,1.381,0.5,4,High Value One-Off,1.5776793766023587,-1.273151561493741
13591000000804,10294,Oolong Sage Beverages 277,1146840.0,47785.0,15,11,2018-04-30,2019-05-03,2,1,RETAIL,1.01,2454,1.364,1.0,1,High Frequency Buyers,-1.5004250421511476,0.7826520784219544
13591000000808,10296,GreenLeaf Palm Tea Works,7808571.11,11107.498022759602,73,62,2018-05-10,2025-08-11,47,1,RETAIL,7.26,162,1.177,1.0,3,Strategic High-Value,1.4004225175228604,-0.45836104390476634
13591000000810,10297,Darjeeling Magnolia Exports,704800.0,11554.098360655738,48,31,2018-04-30,2025-04-01,7,3,FOOD SERVICE,6.92,294,1.548,0.3333,4,High Value One-Off,2.5619745079544893,-1.8494041869156503
13591000000812,10298,White Pearl Jasmine Distributors,2807724.0,31905.954545454544,79,55,2018-05-15,2024-11-18,10,3,FOOD SERVICE,6.51,428,1.436,0.3333,4,High Value One-Off,2.9962979756432064,-1.8868526002998136
13591000000814,10299,Matcha Cedar Distributors BFA,40752.0,8150.4,3,2,2018-08-07,2018-12-10,5,1,RETAIL,0.34,2598,1.5,1.0,1,High Frequency Buyers,-1.8032415485759246,0.9126197422462813
13591000000816,10300,Darjeeling Bamboo Tea Co. 7AC,6267587.6,50955.996747967474,81,52,2018-04-30,2025-10-10,34,3,RETAIL,7.45,102,1.558,0.3333,4,High Value One-Off,3.308062634746264,-1.9752905571068307
13591000000820,10302,Darjeeling Orchid Holdings,160044.0,7621.142857142857,7,6,2018-04-30,2019-12-12,8,2,FOOD SERVICE,1.62,2231,1.167,0.5,1,High Frequency Buyers,-0.13904960322945947,-0.3190045403111037
13591000000822,10303,Black Gold Maple Beverages,883544.92,12993.307647058824,57,45,2018-05-14,2025-09-25,7,3,FOOD SERVICE,7.37,117,1.267,0.3333,4,High Value One-Off,2.955250404643352,-2.031028360440672
13591000000824,10304,Black Gold Sage Exports,1841600.0,20237.362637362636,49,38,2018-04-30,2025-09-11,6,2,FOOD SERVICE,7.37,131,1.289,0.5,4,High Value One-Off,1.9793626395949142,-1.3766600429175209
13591000000826,10305,Oolong Willow Beverages,766440.48,19652.32,23,21,2018-09-10,2025-09-09,19,3,FOOD SERVICE,7.0,133,1.095,0.3333,4,High Value One-Off,2.433099206042664,-1.9170128209271344
13591000000828,10306,Darjeeling Orchid Trading,632494.0,11712.851851851852,30,26,2018-04-30,2025-09-15,17,3,FOOD SERVICE,7.38,127,1.154,0.3333,4,High Value One-Off,2.586865504847073,-1.9642675896330395
13591000000832,10308,Black Gold Cedar Distributors 810,131100.0,7711.764705882353,10,8,2018-06-22,2022-04-28,4,2,FOOD SERVICE,3.85,1363,1.25,0.5,4,High Value One-Off,0.4586632537781168,-0.697618460589148
13591000000834,10311,Silver Tip Hibiscus Exports 786,4083707.09,5104.6338625,529,69,2018-05-31,2025-09-30,106,4,GLOBAL,7.33,112,7.667,0.25,4,High Value One-Off,5.447816877501863,-1.2723342843207248
13591000000837,10312,Assam Orchid Beverages 861,17375727.71,3823.883738996479,3979,91,2018-04-05,2025-10-11,565,3,GLOBAL,7.52,101,43.725,0.3333,0,Loyal Medium Buyers,12.614020585526662,8.07941563453591
13591000000859,10326,Assam Cedar Trading 276,226716.0,113358.0,2,1,2024-03-29,2024-03-30,1,1,GLOBAL,0.0,661,2.0,1.0,1,High Frequency Buyers,-1.2514911117465526,0.561595879226369
13591000000871,10333,Black Gold Orchid Beverages ED3,12232185.24,130129.63021276596,85,60,2018-05-04,2025-09-30,8,2,RETAIL,7.41,112,1.417,0.5,4,High Value One-Off,2.5109477353771728,-1.3773163647768876
13591000000887,10343,Matcha Willow Exports 7B4,15200.0,7600.0,2,2,2021-03-16,2021-07-09,2,1,GLOBAL,0.31,1656,1.0,1.0,1,High Frequency Buyers,-1.5550542407415182,0.631776602645589
13591000000889,10344,Ceylon Palm Exports 53F,2819965.0,43384.07692307692,29,23,2018-11-30,2025-05-05,32,1,GLOBAL,6.43,260,1.261,1.0,3,Strategic High-Value,0.3291241005348077,-0.2116710252689115
13591000000891,10345,White Pearl Sage Imports 2B6,543415.0,60379.444444444445,6,6,2020-01-17,2021-01-11,7,1,GLOBAL,0.99,1835,1.0,1.0,1,High Frequency Buyers,-1.4153147713729208,0.612190800794697
13591000000893,10347,Matcha Willow Trading F16,572343.68,8416.818823529413,38,30,2019-03-22,2025-08-12,4,1,GLOBAL,6.39,161,1.267,1.0,3,Strategic High-Value,0.35481726304715255,-0.2836809509617159
13591000000899,10352,Golden Bud Clover Tea Works 70B,2000826.0,15273.480916030534,36,23,2018-12-14,2025-08-28,53,1,GLOBAL,6.7,145,1.565,1.0,3,Strategic High-Value,0.5382465150218336,-0.2197054907315932
13591000000901,10353,Darjeeling Maple Exports 6CA,2244508.0,47755.48936170213,18,14,2019-02-26,2025-09-18,28,1,GLOBAL,6.56,124,1.286,1.0,3,Strategic High-Value,0.17392189457195337,-0.21479942401400723
13591000000905,10355,Assam Willow Tea Works,180182.0,3276.0363636363636,6,6,2018-05-17,2024-12-06,32,1,GLOBAL,6.56,410,1.0,1.0,3,Strategic High-Value,-0.089886266515085,-0.16663654025838406
13591000000907,10358,Oolong Maple Trading 345,894795.0,63913.92857142857,12,11,2018-08-27,2025-06-20,5,1,GLOBAL,6.81,214,1.091,1.0,3,Strategic High-Value,-0.029271388708478535,-0.23608106201373005
13591000000913,10364,Golden Bud Jasmine Holdings 5F8,107500.0,35833.333333333336,3,3,2018-04-12,2020-09-08,3,1,GLOBAL,2.41,1960,1.0,1.0,1,High Frequency Buyers,-1.3525014346376625,0.537668035184208
13591000000919,10367,Darjeeling Cedar Holdings E53,1650775.0,183419.44444444444,9,8,2018-07-18,2024-07-22,6,1,GLOBAL,6.01,547,1.125,1.0,3,Strategic High-Value,-0.30880215189665994,-0.05696031611486443
13591000000921,10368,Assam Palm Tea Co. 36D,4533242.52,32150.656170212762,82,52,2018-05-21,2025-10-08,33,1,GLOBAL,7.38,104,1.577,1.0,3,Strategic High-Value,1.173542160955979,-0.38109372536627434
13591000000925,10372,TeaLeaf Jasmine Imports 179,61624.0,4108.266666666666,3,3,2019-06-18,2022-03-04,14,1,GLOBAL,2.71,1418,1.0,1.0,1,High Frequency Buyers,-1.0779699029241867,0.384022898742715
13591000000933,10378,Black Gold Fern Trading FF0,495000.0,247500.0,2,2,2021-06-09,2021-09-02,2,1,GLOBAL,0.23,1601,1.0,1.0,1,High Frequency Buyers,-1.5744172019208227,0.6581087182967876
13591000000935,10380,Darjeeling Bamboo Beverages 74C,21439247.0,223325.48958333334,26,23,2018-10-01,2025-08-15,36,1,GLOBAL,6.87,158,1.13,1.0,3,Strategic High-Value,0.469995474441653,-0.15449622931320464
13591000000939,10384,Assam Magnolia Tea Works D04,133108.0,5546.166666666667,4,4,2021-12-20,2025-07-07,15,1,GLOBAL,3.55,197,1.0,1.0,3,Strategic High-Value,-0.5508650032709089,0.02674937609596809
13591000000949,10391,GreenLeaf Willow Holdings 33D,1123650.0,224730.0,5,5,2021-07-16,2025-08-28,3,1,GLOBAL,4.12,145,1.0,1.0,3,Strategic High-Value,-0.5240822240633503,-0.0034460916881793534
13591000000951,10392,Herbal Ivy Beverages,23422642.5,251856.37096774194,73,50,2018-05-21,2025-09-04,27,1,GLOBAL,7.29,138,1.46,1.0,3,Strategic High-Value,1.0996240834352076,-0.23938202722603832
13591000000953,10393,Ceylon Hibiscus Distributors C7F,9405340.0,171006.18181818182,35,25,2018-06-15,2025-09-08,23,1,GLOBAL,7.23,134,1.4,1.0,3,Strategic High-Value,0.48793707012632426,-0.23756389000938496
13591000000959,10398,TeaLeaf Jasmine Trading,4340298.25,36169.152083333334,64,41,2018-04-19,2025-09-17,83,1,GLOBAL,7.41,125,1.561,1.0,3,Strategic High-Value,1.1941566680073497,-0.33074860340323003
13591000000961,10399,Silver Tip Bamboo Holdings,9824320.0,204673.33333333334,20,17,2018-09-12,2025-09-26,22,1,GLOBAL,7.04,116,1.176,1.0,3,Strategic High-Value,0.27040966415421575,-0.21856476791480786
13591000000965,10402,GreenLeaf Fern Tea Works C91,12000.0,12000.0,1,1,2018-08-21,2018-08-21,1,1,GLOBAL,0.0,2709,1.0,1.0,1,High Frequency Buyers,-1.9593076587900342,0.9089779550556498
13591000000969,10405,Darjeeling Palm Tea Works 8AA,833150.0,55543.333333333336,10,10,2018-05-18,2023-05-09,10,1,GLOBAL,4.97,987,1.0,1.0,3,Strategic High-Value,-0.5185655027027015,0.08242513697003388
13591000000971,10406,Sencha Fern Tea Works,13708178.48,311549.5109090909,37,29,2018-05-25,2025-02-28,28,1,GLOBAL,6.77,326,1.276,1.0,3,Strategic High-Value,0.4663621264656813,-0.14808059687287525
13591000000975,10412,Assam Palm Distributors 066,39750.0,13250.0,1,1,2018-09-11,2018-09-11,3,1,GLOBAL,0.0,2688,1.0,1.0,1,High Frequency Buyers,-1.9420294517422765,0.9046749670295944
13591000000977,10415,Matcha Ivy Trading 43E,9739358.0,19096.780392156863,224,74,2018-04-24,2025-09-30,119,1,GLOBAL,7.44,112,3.027,1.0,3,Strategic High-Value,2.3071514537376574,-0.11351478683339378
13591000000979,10436,Herbal Ivy Tea Works CB5,3584500.0,149354.16666666666,7,7,2018-07-20,2024-06-10,15,1,GLOBAL,5.89,589,1.0,1.0,3,Strategic High-Value,-0.3099885558148212,-0.040361871359715217
13591000000981,10438,Silver Tip Bamboo Exports,27933762.7,24353.759982563206,657,85,2018-04-04,2025-10-10,332,1,GLOBAL,7.52,102,7.729,1.0,3,Strategic High-Value,4.364544956856177,1.0850504690222642
13591000000985,10445,Ceylon Lotus Beverages 534,1918898.64,42642.191999999995,34,26,2018-05-18,2025-06-24,18,1,GLOBAL,7.1,210,1.308,1.0,3,Strategic High-Value,0.42447623324329153,-0.2897209454238597
13591000000987,10446,White Pearl Jasmine Beverages 416,2898530.0,93500.96774193548,25,22,2018-07-02,2025-08-26,11,1,GLOBAL,7.15,147,1.136,1.0,3,Strategic High-Value,0.3110580471343093,-0.30556682846476496
13591000000989,10447,Silver Tip Clover Tea Co.,37073349.26,243903.61355263158,94,53,2018-08-16,2025-10-01,71,1,GLOBAL,7.13,111,1.774,1.0,3,Strategic High-Value,1.4642357808713826,-0.09804087943329831
13591000000991,10448,Herbal Fern Tea Works,6348173.0,119776.84905660378,35,26,2018-05-18,2025-04-01,31,1,GLOBAL,6.87,294,1.346,1.0,3,Strategic High-Value,0.44515447703667266,-0.2076329962796675
13591000000995,10450,Darjeeling Ivy Holdings,15993305.0,177703.38888888888,34,24,2018-06-25,2025-07-15,60,1,GLOBAL,7.06,189,1.417,1.0,3,Strategic High-Value,0.6450967708298894,-0.1582041041853082
13591000000997,10451,Ceylon Hibiscus Exports,13742350.0,416434.8484848485,24,19,2018-06-28,2025-08-06,15,1,GLOBAL,7.11,167,1.263,1.0,3,Strategic High-Value,0.264014795039627,-0.15941578813950566
13591000001003,10454,TeaLeaf Hibiscus Tea Works,9769878.0,85700.68421052632,51,28,2018-09-21,2025-09-29,54,1,GLOBAL,7.02,113,1.821,1.0,3,Strategic High-Value,0.7436902812789405,-0.17646810788968473
13591000001017,10461,Darjeeling Lotus Tea Works 08A,369800.0,92450.0,3,2,2018-05-25,2020-02-17,4,1,GLOBAL,1.73,2164,1.5,1.0,1,High Frequency Buyers,-1.4960258676353284,0.7135720772358736
13591000001021,10464,Herbal Maple Tea Works,1293482.0,44602.8275862069,23,21,2019-05-15,2025-08-07,5,1,GLOBAL,6.23,166,1.095,1.0,3,Strategic High-Value,0.12793519790697613,-0.24697136791645738
13591000001025,10469,Assam Lotus Beverages 58C,14368.0,4789.333333333333,2,1,2018-08-27,2018-08-27,3,1,GLOBAL,0.0,2703,2.0,1.0,1,High Frequency Buyers,-1.88110151440741,1.0274398979230912
13591000001027,10470,Golden Bud Ivy Exports 83F,6829882.58,126479.30703703704,52,41,2018-11-09,2024-08-01,11,1,GLOBAL,5.73,537,1.268,1.0,3,Strategic High-Value,0.4290653552639251,-0.13733399352549028
13591000001031,10476,Ceylon Rosewood Beverages 23C,4175937.2800000003,134707.6541935484,18,14,2020-03-04,2025-08-06,24,1,GLOBAL,5.42,167,1.286,1.0,3,Strategic High-Value,-0.014709432258585817,-0.09309931045818931
13591000001033,10477,Ceylon Rosewood Beverages,356521.74,59420.29,2,2,2018-10-18,2019-01-24,6,1,GLOBAL,0.27,2553,1.0,1.0,1,High Frequency Buyers,-1.830486611011781,0.8551453357812133
13591000001037,10479,Black Gold Lotus Distributors,5882500.0,1176500.0,5,5,2021-03-12,2025-09-12,4,1,GLOBAL,4.5,130,1.0,1.0,3,Strategic High-Value,-0.5595113983376635,0.11132838667473426
13591000001039,10480,Oolong Bamboo Exports B97,3571250.0,510178.5714285714,7,6,2018-12-18,2023-12-23,2,1,GLOBAL,5.01,759,1.167,1.0,3,Strategic High-Value,-0.6010387646069839,0.13790223317471553
13591000001041,10482,Matcha Bamboo Imports,3299246.04,54987.434,43,33,2018-05-16,2025-08-21,27,1,GLOBAL,7.27,152,1.303,1.0,3,Strategic High-Value,0.6668864039099502,-0.33632366551681453
13591000001043,10486,Silver Tip Willow Tea Co. DD7,2904909.99,38732.133200000004,54,38,2018-05-04,2025-08-29,24,1,GLOBAL,7.32,144,1.421,1.0,3,Strategic High-Value,0.7795150227151663,-0.3485690601415536
13591000001045,10488,Oolong Cedar Trading 649,320750.0,13945.652173913044,18,16,2018-04-26,2022-12-28,8,1,GLOBAL,4.67,1119,1.125,1.0,3,Strategic High-Value,-0.46996816336756736,0.11778971808725112
13591000001049,10491,Ceylon Orchid Exports 2D6,2702495.0,28447.315789473683,71,44,2018-04-26,2025-08-11,22,1,GLOBAL,7.29,162,1.614,1.0,3,Strategic High-Value,0.9084844988011472,-0.3355302757102607
13591000001059,10498,Silver Tip Jasmine Imports E6E,5149075.0,643634.375,6,5,2020-11-16,2025-04-09,6,1,GLOBAL,4.39,286,1.2,1.0,3,Strategic High-Value,-0.5398407499789254,0.11088739432573562
13591000001069,10504,Silver Tip Clover Trading,108000.0,36000.0,2,1,2025-05-19,2025-05-19,3,1,GLOBAL,0.0,246,2.0,1.0,1,High Frequency Buyers,-1.0996798008255753,0.45385396044073195
13591000001073,10506,White Pearl Bamboo Tea Co.,1764095.0,588031.6666666666,3,3,2019-12-02,2023-07-25,2,1,GLOBAL,3.64,910,1.0,1.0,1,High Frequency Buyers,-0.9198063279427494,0.2729600487964663
13591000001075,10507,GreenLeaf Bamboo Trading,1722847.0,45338.07894736842,28,24,2018-06-22,2025-08-27,16,1,GLOBAL,7.18,146,1.167,1.0,3,Strategic High-Value,0.38910470767703276,-0.3248887294633123
13591000001081,10511,GreenLeaf Palm Holdings,422796.0,11126.21052631579,25,23,2019-04-11,2023-02-23,3,2,FOOD SERVICE,3.87,1062,1.087,0.5,4,High Value One-Off,0.8625303421472632,-0.857886034373713
13591000001093,10520,Golden Bud Jasmine Trading,204715.0,51178.75,3,3,2019-07-23,2022-01-10,3,1,GLOBAL,2.47,1471,1.0,1.0,1,High Frequency Buyers,-1.1899040325534669,0.4204103928615461
13591000001095,10521,Matcha Willow Holdings 434,30653.3,6130.66,5,3,2020-10-31,2023-08-16,2,1,GLOBAL,2.79,888,1.667,1.0,1,High Frequency Buyers,-0.9180367420615879,0.3333132939083493
13591000001099,10526,Black Gold Cedar Distributors 375,727125.0,16525.56818181818,25,22,2019-04-10,2025-05-23,16,1,GLOBAL,6.12,242,1.136,1.0,3,Strategic High-Value,0.17380378313816988,-0.22414390181286195
13591000001107,10530,TeaLeaf Clover Imports,4319.6,1079.9,2,2,2020-03-03,2022-09-15,2,1,GLOBAL,2.54,1223,1.0,1.0,1,High Frequency Buyers,-1.1229718896276562,0.3536082021086372
13591000001109,10531,Golden Bud Maple Tea Works,727415.58,26941.317777777775,27,23,2023-10-30,2025-10-07,3,1,RETAIL,1.94,105,1.174,1.0,3,Strategic High-Value,-0.37750386509365363,0.07283478473351755
13591000001115,10534,Sencha Ivy Distributors 6E5,3483300.0,248807.14285714287,11,9,2020-08-18,2025-10-03,8,1,GLOBAL,5.13,109,1.222,1.0,3,Strategic High-Value,-0.2472464857435066,-0.06306456456053716
13591000001119,10536,Oolong Maple Imports,1554893.5,37021.27380952381,26,20,2018-06-19,2024-11-07,20,1,GLOBAL,6.39,439,1.3,1.0,3,Strategic High-Value,0.1379853499430612,-0.15796744557572776
13591000001121,10537,Oolong Ivy Tea Works 764,326570.0,54428.333333333336,4,3,2020-02-13,2022-01-28,6,1,GLOBAL,1.96,1453,1.333,1.0,1,High Frequency Buyers,-1.2131346315352225,0.498891509374567
13591000001129,10541,GreenLeaf Orchid Imports 799,187700.0,23462.5,3,3,2018-09-05,2018-11-27,6,1,GLOBAL,0.23,2611,1.0,1.0,1,High Frequency Buyers,-1.8292721174229911,0.8617116478712021
13591000001143,10550,Oolong Willow Imports,233037.28,77679.09333333334,3,3,2024-10-04,2025-09-29,2,2,RETAIL,0.99,113,1.0,0.5,4,High Value One-Off,0.33931728171779507,-0.7665840345600312
13591000001151,10555,Golden Bud Rosewood Tea Co. 0FE,341401.69,6694.150784313725,35,17,2024-04-10,2025-10-08,4,3,GLOBAL,1.49,104,2.059,0.3333,4,High Value One-Off,1.627048795773338,-1.3422698011211276
13591000001153,10560,Sencha Magnolia Tea Co. CAE,161500.0,40375.0,2,2,2018-05-25,2019-10-28,3,1,GLOBAL,1.43,2276,1.0,1.0,1,High Frequency Buyers,-1.6039254833327603,0.6946950430634553
13591000001155,10561,Ceylon Ivy Distributors 5F2,366870.0,61145.0,4,2,2025-04-01,2025-08-26,4,1,GLOBAL,0.4,147,2.0,1.0,1,High Frequency Buyers,-0.9901624002550999,0.40058399403435485
13591000001157,10563,Oolong Willow Distributors 88E,17500.0,17500.0,1,1,2023-08-08,2023-08-08,1,1,GLOBAL,0.0,896,1.0,1.0,1,High Frequency Buyers,-1.3808659640168928,0.4831519226960618
13591000001164,10573,TeaLeaf Magnolia Tea Works 59F,3802159.45,13482.834929078015,163,66,2018-05-31,2025-10-01,118,1,GLOBAL,7.34,111,2.47,1.0,3,Strategic High-Value,2.023936634688804,-0.2409807622704663
13591000001169,10577,Assam Palm Tea Works,431282.5,21564.125,12,4,2019-03-07,2021-01-18,10,1,GLOBAL,1.87,1828,3.0,1.0,1,High Frequency Buyers,-1.1859012855674513,0.7944399097175499
13591000001171,10580,Sencha Clover Beverages 107,8220865.76,29048.995618374556,125,67,2018-04-26,2025-10-03,94,1,GLOBAL,7.44,109,1.866,1.0,3,Strategic High-Value,1.876189226701258,-0.3524723720158071
13591000001173,10581,Matcha Magnolia Tea Co.,527068.32,3513.7888,127,50,2018-07-31,2025-08-30,25,1,GLOBAL,7.08,143,2.54,1.0,3,Strategic High-Value,1.1237014247483128,-0.19134993478903364
13591000001175,10582,Assam Willow Distributors D47,19178944.6,155926.37886178863,115,65,2018-04-04,2025-10-02,17,1,GLOBAL,7.5,110,1.769,1.0,3,Strategic High-Value,1.4407367247115694,-0.2998081778740523
13591000001179,10586,Golden Bud Jasmine Distributors C6A,10206818.56,226818.19022222224,29,25,2018-06-15,2025-09-02,11,1,GLOBAL,7.22,140,1.16,1.0,3,Strategic High-Value,0.39717640212221905,-0.2619055204033222
13591000001189,10594,White Pearl Rosewood Tea Works B28,1553224.2,64717.674999999996,20,16,2019-05-07,2025-05-23,12,1,GLOBAL,6.05,242,1.25,1.0,3,Strategic High-Value,0.02036517058799517,-0.16515414805058207
13591000001199,10602,White Pearl Ivy Tea Co. 9FA,29100.0,14550.0,2,2,2020-06-25,2020-12-23,2,1,GLOBAL,0.5,1854,1.0,1.0,1,High Frequency Buyers,-1.5940908478357176,0.664370550434227
13591000001205,10607,Ceylon Rosewood Trading,8082698.350000001,149679.5990740741,45,20,2018-07-06,2025-10-03,22,1,GLOBAL,7.24,109,2.25,1.0,3,Strategic High-Value,0.44904472181520716,-0.11054016852102139
13591000001209,10610,GreenLeaf Hibiscus Beverages 61C,272540.0,90846.66666666667,3,3,2020-05-15,2021-05-03,1,1,GLOBAL,0.97,1723,1.0,1.0,1,High Frequency Buyers,-1.4825482480982497,0.6027592995949762
13591000001213,10613,Silver Tip Rosewood Tea Co.,28906050.3,298000.518556701,75,40,2018-08-02,2025-09-08,11,1,GLOBAL,7.1,134,1.875,1.0,3,Strategic High-Value,0.8255315842642096,-0.07685971649100054
13591000001215,10614,Sencha Sage Imports 27E,5190727.43,144186.87305555554,4,3,2018-04-23,2018-12-28,35,1,GLOBAL,0.68,2580,1.333,1.0,1,High Frequency Buyers,-1.5818028645277595,0.90983245881312
13591000001217,10615,Silver Tip Clover Distributors DCF,43498.4,1060.9365853658537,22,21,2020-02-27,2025-08-04,3,1,GLOBAL,5.43,169,1.048,1.0,3,Strategic High-Value,0.008449342859796784,-0.20355548771415113
13591000001221,10617,Black Gold Magnolia Tea Co.,143191.0,71595.5,1,1,2018-12-18,2018-12-18,2,1,GLOBAL,0.0,2590,1.0,1.0,1,High Frequency Buyers,-1.9225096091420424,0.88940236639313
13591000001223,10618,Silver Tip Bamboo Imports,4700000.0,2350000.0,1,1,2019-01-02,2019-01-02,2,1,GLOBAL,0.0,2575,1.0,1.0,1,High Frequency Buyers,-2.168603693841553,1.199087805891231
13591000001229,10622,White Pearl Magnolia Tea Co. 1F2,2177719.47,17997.681570247936,88,58,2018-04-18,2025-09-29,34,1,GLOBAL,7.45,113,1.517,1.0,3,Strategic High-Value,1.3034085494265073,-0.43563008193872127
13591000001231,10624,White Pearl Rosewood Tea Works,2651700.0,69781.57894736843,28,23,2018-06-21,2025-07-14,27,2,GLOBAL,7.06,190,1.217,0.5,4,High Value One-Off,1.698799292415155,-1.2699891730201749
13591000001233,10625,Assam Rosewood Exports,657000.0,21193.548387096773,20,16,2018-11-27,2025-10-01,15,1,GLOBAL,6.84,111,1.25,1.0,3,Strategic High-Value,0.18411207151534567,-0.2685023642589132
13591000001239,10630,White Pearl Magnolia Holdings 67E,128894.0,5604.086956521739,11,9,2018-06-22,2025-08-05,13,1,GLOBAL,7.12,168,1.222,1.0,3,Strategic High-Value,0.03939949872676348,-0.25563913754491346
13591000001245,10633,Matcha Jasmine Distributors C8C,9520970.0,179640.94339622642,48,37,2018-06-14,2025-09-23,10,1,GLOBAL,7.28,119,1.297,1.0,3,Strategic High-Value,0.6799938746469145,-0.3126311862841628
13591000001247,10635,Ceylon Palm Distributors EF1,62000.0,20666.666666666668,2,2,2020-06-30,2022-03-03,3,1,GLOBAL,1.67,1419,1.0,1.0,1,High Frequency Buyers,-1.2966891893031836,0.4711169097898682
13591000001251,10638,TeaLeaf Sage Tea Co.,1406090.0,87880.625,10,8,2018-10-05,2025-06-16,11,1,GLOBAL,6.7,218,1.25,1.0,3,Strategic High-Value,-0.06737417279327682,-0.1851054285457813
13591000001255,10642,Black Gold Clover Beverages 8A8,10185.2,679.0133333333334,8,8,2020-10-09,2025-02-14,5,1,GLOBAL,4.35,340,1.0,1.0,3,Strategic High-Value,-0.45895593149202013,-0.024251090557063395
13591000001259,10646,GreenLeaf Palm Imports,34722.22,34722.22,1,1,2020-06-06,2020-06-06,1,1,GLOBAL,0.0,2054,1.0,1.0,1,High Frequency Buyers,-1.7526794583384266,0.7578612801832081
13591000001269,10653,Black Gold Hibiscus Holdings 281,198450.0,13230.0,11,8,2018-05-03,2025-07-23,11,1,GLOBAL,7.22,181,1.375,1.0,3,Strategic High-Value,0.026300401607670415,-0.23514300651317713
13591000001275,10662,Oolong Willow Imports A78,50972913.03,435665.92333333334,99,52,2018-04-09,2025-08-05,41,1,GLOBAL,7.32,168,1.904,1.0,3,Strategic High-Value,1.3261513069441346,0.031560589127833806
13591000001277,10663,Sencha Orchid Beverages 055,70000.0,70000.0,1,1,2025-09-17,2025-09-17,1,1,GLOBAL,0.0,125,1.0,1.0,1,High Frequency Buyers,-1.140564090063376,0.3086578783248008
13591000001279,10664,White Pearl Palm Trading 12F,4454777.04,25899.866511627908,84,45,2018-04-06,2025-10-07,80,1,GLOBAL,7.5,105,1.867,1.0,3,Strategic High-Value,1.3150430134880766,-0.30489872563193615
13591000001283,10666,Sencha Lotus Exports,523285.4,9514.28,53,32,2018-07-04,2025-09-29,10,1,GLOBAL,7.24,113,1.656,1.0,3,Strategic High-Value,0.5908364106463802,-0.30700707615931305
13591000001285,10667,Ceylon Sage Tea Co. 3B8,234050.0,58512.5,4,4,2018-05-17,2020-08-21,3,1,GLOBAL,2.26,1978,1.0,1.0,1,High Frequency Buyers,-1.3588415923695554,0.5526095775669145
13591000001287,10668,Black Gold Sage Tea Co.,177020.0,35404.0,4,4,2019-10-21,2024-06-05,5,1,GLOBAL,4.62,594,1.0,1.0,3,Strategic High-Value,-0.5935190911221333,0.038426501443203344
13591000001289,10669,TeaLeaf Orchid Beverages 7DB,1117740.0,50806.36363636364,8,6,2018-12-05,2025-06-18,18,1,GLOBAL,6.54,216,1.333,1.0,3,Strategic High-Value,-0.08457817821189553,-0.15899230938728162
13591000001291,10670,Silver Tip Magnolia Exports,151850.0,9490.625,4,4,2018-05-23,2025-05-29,11,1,GLOBAL,7.02,236,1.0,1.0,3,Strategic High-Value,-0.12895709564068739,-0.23704569646714127
13591000001293,10671,Assam Bamboo Holdings EDF,3398420.5,27406.61693548387,75,41,2018-04-19,2025-09-29,56,1,GLOBAL,7.45,113,1.829,1.0,3,Strategic High-Value,1.0831721824411833,-0.3013298951217797
13591000001295,10672,GreenLeaf Fern Imports,1023521.0,56862.27777777778,15,12,2020-02-03,2025-04-08,11,1,GLOBAL,5.18,287,1.25,1.0,3,Strategic High-Value,-0.20063277658485854,-0.07298391230108398
13591000001301,10676,Oolong Magnolia Imports 8D9,22697.2,7565.733333333334,3,2,2018-04-04,2018-07-26,3,1,GLOBAL,0.31,2735,1.5,1.0,1,High Frequency Buyers,-1.8615581335086984,0.9467159827749407
13591000001305,10678,Ceylon Willow Distributors 1EB,24883.69,2764.854444444444,9,5,2021-12-31,2025-09-30,7,1,GLOBAL,3.75,112,1.8,1.0,3,Strategic High-Value,-0.4643568439785244,0.08463311633182545
13591000001307,10681,White Pearl Rosewood Beverages 722,3562838.09,35628.3809,82,52,2018-04-27,2025-09-29,40,1,GLOBAL,7.43,113,1.577,1.0,3,Strategic High-Value,1.2108521349234536,-0.3872191859354736
13591000001321,10691,Black Gold Bamboo Distributors DEA,671289.8,20342.115151515154,23,22,2019-03-04,2024-12-02,7,1,GLOBAL,5.75,414,1.045,1.0,3,Strategic High-Value,0.014466429315523801,-0.16931447440606875
13591000001323,10692,Sencha Ivy Imports,17500.0,17500.0,1,1,2020-03-05,2020-03-05,1,1,GLOBAL,0.0,2147,1.0,1.0,1,High Frequency Buyers,-1.780430602629699,0.7774777893803261
13591000001325,10693,Sencha Palm Beverages 336,56937.6,28468.8,1,1,2018-11-28,2018-11-28,2,1,GLOBAL,0.0,2610,1.0,1.0,1,High Frequency Buyers,-1.9241486645383634,0.8881791456728837
13591000001327,10694,Herbal Cedar Tea Co. 877,151522.0,10101.466666666667,13,12,2018-08-29,2024-05-30,6,1,GLOBAL,5.75,600,1.083,1.0,3,Strategic High-Value,-0.2618579185847646,-0.07860739828639801
13591000001345,10708,Black Gold Clover Beverages 286,127720.3,5321.679166666667,5,5,2020-04-07,2025-07-09,17,1,GLOBAL,5.25,195,1.0,1.0,3,Strategic High-Value,-0.29483020057741094,-0.11188928758633171
13591000001349,10710,Silver Tip Hibiscus Beverages 84A,3206360.0,13644.08510638298,62,44,2018-04-25,2025-09-09,38,1,GLOBAL,7.38,133,1.409,1.0,3,Strategic High-Value,0.9980613563791195,-0.38200463300317816
13591000001355,10713,Black Gold Palm Imports,22671869.6,310573.5561643836,59,29,2021-02-12,2025-10-08,25,2,GLOBAL,4.65,104,2.034,0.5,4,High Value One-Off,1.6355147153564962,-0.8481665596639936
13591000001358,10714,Golden Bud Magnolia Trading 2F8,812975.0,116139.28571428571,5,4,2022-03-04,2023-07-18,7,1,GLOBAL,1.37,917,1.25,1.0,1,High Frequency Buyers,-1.1037337985843214,0.415434191591808
13591000001364,10721,Black Gold Cedar Tea Works 7BA,646909.99,8401.42844155844,16,6,2018-04-09,2022-10-31,26,1,GLOBAL,4.56,1177,2.667,1.0,3,Strategic High-Value,-0.5143395646848523,0.3854007001604433
13591000001368,10723,Darjeeling Magnolia Holdings 2D5,921460.0,43879.04761904762,16,12,2018-08-23,2025-02-20,9,1,GLOBAL,6.5,334,1.333,1.0,3,Strategic High-Value,-0.04555111064247378,-0.1571109215449861
13591000001372,10726,Assam Bamboo Holdings,31150.0,7787.5,3,3,2024-07-18,2025-05-23,3,1,GLOBAL,0.85,242,1.0,1.0,1,High Frequency Buyers,-1.0057664680895504,0.2522022348926015
13591000001376,10728,Oolong Bamboo Distributors D14,980500.0,326833.3333333333,3,3,2024-02-28,2024-11-26,2,1,GLOBAL,0.74,420,1.0,1.0,1,High Frequency Buyers,-1.1165020307446378,0.34831060946316944
13591000001380,10731,Matcha Cedar Beverages DE8,24065291.9,183704.5183206107,69,40,2018-04-17,2025-08-27,19,1,GLOBAL,7.36,146,1.725,1.0,3,Strategic High-Value,0.8817652406408786,-0.1624851412186025
13591000001386,10735,Herbal Jasmine Trading 9F5,1838705.53,14143.888692307693,44,33,2018-07-11,2025-09-08,32,1,GLOBAL,7.16,134,1.333,1.0,3,Strategic High-Value,0.687408830282646,-0.34015128950045165
13591000001388,10736,Matcha Palm Holdings CC0,2922700.0,487116.6666666667,6,6,2021-10-04,2025-05-09,4,1,GLOBAL,3.59,256,1.0,1.0,3,Strategic High-Value,-0.6272473122452673,0.10356200095211308
13591000001400,10749,Oolong Lotus Trading B7D,21208130.0,279054.34210526315,51,37,2018-05-18,2025-10-01,41,1,GLOBAL,7.37,111,1.378,1.0,3,Strategic High-Value,0.8931236819036436,-0.22027515414704027
13591000001402,10750,TeaLeaf Willow Exports FF6,2262970.05,48148.298936170206,36,26,2020-01-24,2025-09-09,22,1,GLOBAL,5.63,133,1.385,1.0,3,Strategic High-Value,0.2840572563859005,-0.17701201041147
13591000001404,10754,Golden Bud Ivy Trading,584500.0,41750.0,12,11,2018-11-12,2025-09-11,9,1,GLOBAL,6.83,131,1.091,1.0,3,Strategic High-Value,0.022690126954107964,-0.2612029808208351
13591000001406,10755,TeaLeaf Maple Imports 594,353960.0,50565.71428571428,4,2,2022-06-22,2022-07-11,7,1,GLOBAL,0.05,1289,2.0,1.0,1,High Frequency Buyers,-1.3837777303913903,0.6958622744587062
13591000001412,10762,Assam Sage Distributors BFF,4835950.2,32675.33918918919,83,49,2018-04-09,2025-07-09,93,1,GLOBAL,7.25,195,1.694,1.0,3,Strategic High-Value,1.3935417290661714,-0.3048571586401893
13591000001420,10767,Black Gold Willow Exports B43,138440.0,138440.0,1,1,2018-10-19,2018-10-19,1,1,GLOBAL,0.0,2650,1.0,1.0,1,High Frequency Buyers,-1.9547993915034223,0.9117171981757584
13591000001422,10768,Darjeeling Palm Holdings,35363803.0,721710.2653061225,29,23,2018-04-20,2025-06-02,30,1,GLOBAL,7.12,232,1.261,1.0,3,Strategic High-Value,0.44535569665824126,0.008233973917006398
13591000001432,10774,GreenLeaf Rosewood Beverages 9CA,14750.0,14750.0,1,1,2023-07-20,2023-07-20,1,1,GLOBAL,0.0,915,1.0,1.0,1,High Frequency Buyers,-1.386622689286065,0.48726061698753864
13591000001434,10775,Sencha Cedar Imports 755,33500.0,33500.0,1,1,2022-12-01,2022-12-01,1,1,GLOBAL,0.0,1146,1.0,1.0,1,High Frequency Buyers,-1.4625291356459449,0.5440732138461953
13591000001438,10781,White Pearl Bamboo Beverages D5C,11419334.88,38448.93898989899,215,82,2018-04-17,2025-09-11,60,1,GLOBAL,7.4,131,2.622,1.0,3,Strategic High-Value,2.1177016257298593,-0.21081358677082954
13591000001440,10783,TeaLeaf Jasmine Holdings,172000.0,86000.0,2,1,2025-09-02,2025-09-09,1,1,GLOBAL,0.02,133,2.0,1.0,1,High Frequency Buyers,-1.077209083099163,0.43203787812715444
13591000001446,10789,Golden Bud Maple Holdings EBB,162000.0,81000.0,2,1,2018-11-20,2018-11-28,2,1,GLOBAL,0.02,2610,2.0,1.0,1,High Frequency Buyers,-1.8624898816692568,1.0142773553867042
13591000001452,10798,Matcha Clover Imports,82564.4,2663.3677419354835,19,17,2019-05-08,2025-08-01,8,1,GLOBAL,6.23,172,1.118,1.0,3,Strategic High-Value,0.0589523231057388,-0.2361057867082437
13591000001458,10801,Sencha Willow Exports,5577789.99,72438.83103896104,61,34,2018-05-17,2025-09-24,37,1,GLOBAL,7.36,118,1.794,1.0,3,Strategic High-Value,0.8136955004016101,-0.2577647777909466
13591000001468,10808,Herbal Bamboo Imports 305,79775.0,8863.888888888889,3,3,2018-12-17,2024-11-06,9,1,GLOBAL,5.89,440,1.0,1.0,3,Strategic High-Value,-0.37475640635116036,-0.09629157148954398
13591000001470,10809,Assam Clover Trading 267,2098332.8,24118.767816091953,40,28,2018-04-26,2025-09-29,51,1,GLOBAL,7.43,113,1.429,1.0,3,Strategic High-Value,0.7303650881879413,-0.32428640397619773
13591000001472,10810,Matcha Rosewood Imports,10718150.88,19037.5681705151,142,38,2020-01-13,2025-10-10,81,3,RETAIL,5.74,102,3.737,0.3333,4,High Value One-Off,3.248315742948458,-1.386574403083869
13591000001478,10813,Darjeeling Bamboo Holdings E92,695960.0,173990.0,2,2,2020-06-09,2021-11-25,4,1,GLOBAL,1.46,1517,1.0,1.0,1,High Frequency Buyers,-1.3660878033262234,0.5338979796941995
13591000001480,10814,Ceylon Palm Imports D85,190600.0,19060.0,10,9,2018-05-22,2022-04-07,4,1,GLOBAL,3.88,1384,1.111,1.0,1,High Frequency Buyers,-0.8318230666390821,0.27141892165713416
13591000001486,10819,Ceylon Orchid Exports C54,1700623.61,100036.68294117648,16,12,2018-07-31,2025-09-30,9,1,GLOBAL,7.17,112,1.333,1.0,3,Strategic High-Value,0.10939962689823043,-0.25030741336771783
13591000001500,10830,Golden Bud Lotus Beverages,25500.0,8500.0,3,3,2019-03-04,2020-06-25,1,1,GLOBAL,1.31,2035,1.0,1.0,1,High Frequency Buyers,-1.5287198403291897,0.6376036367863962
13591000001518,10845,White Pearl Clover Tea Works,6829707.79,38805.15789772727,80,38,2018-06-28,2025-09-25,107,1,GLOBAL,7.24,117,2.105,1.0,3,Strategic High-Value,1.2947770458338193,-0.19627127887506182
13591000001520,10849,GreenLeaf Orchid Trading 1C5,31909500.0,10636500.0,3,3,2019-07-31,2023-12-19,1,1,GLOBAL,4.39,763,1.0,1.0,1,High Frequency Buyers,-1.8532443742574283,1.6211150296567411
13591000001528,10857,GreenLeaf Magnolia Imports A0E,113106.48,28276.62,3,3,2019-11-27,2021-08-13,3,1,GLOBAL,1.71,1621,1.0,1.0,1,High Frequency Buyers,-1.3353178488843722,0.5120587221956092
13591000001530,10858,Silver Tip Palm Beverages B30,69630.0,23210.0,1,1,2020-02-11,2020-02-11,3,1,GLOBAL,0.0,2170,1.0,1.0,1,High Frequency Buyers,-1.7776464094522035,0.7842330221866859
13591000001532,10859,Assam Lotus Exports 0F3,4547512.03,12562.187928176796,98,49,2018-05-22,2025-10-09,49,1,GLOBAL,7.38,103,2.0,1.0,3,Strategic High-Value,1.2385147483283894,-0.29170688373856984
13591000001534,10860,Herbal Sage Beverages,6477659.5,185075.98571428572,25,18,2018-06-26,2025-07-22,26,1,GLOBAL,7.07,182,1.389,1.0,3,Strategic High-Value,0.3038761645562552,-0.2014450862370525
13591000001536,10861,GreenLeaf Orchid Distributors 994,15737175.0,365980.81395348837,30,26,2018-04-04,2025-09-25,17,1,GLOBAL,7.48,117,1.154,1.0,3,Strategic High-Value,0.49337948445304824,-0.24147851927177502
13591000001544,10868,TeaLeaf Magnolia Exports,3409894.06,92159.29891891892,19,17,2018-09-25,2025-09-04,14,1,GLOBAL,6.94,138,1.118,1.0,3,Strategic High-Value,0.19543059442131536,-0.2677476227878069
13591000001546,10869,Oolong Willow Imports EFF,92820.0,30940.0,3,3,2019-09-16,2024-02-28,2,1,GLOBAL,4.45,692,1.0,1.0,3,Strategic High-Value,-0.6842075801253902,0.07801678687020501
13591000001550,10875,White Pearl Fern Beverages D2F,16175.0,3235.0,1,1,2020-09-16,2020-09-16,5,1,GLOBAL,0.0,1952,1.0,1.0,1,High Frequency Buyers,-1.6952366399697405,0.7304301240930982
13591000001552,10877,Golden Bud Clover Imports,36000.0,36000.0,1,1,2022-08-25,2022-08-25,1,1,GLOBAL,0.0,1244,1.0,1.0,1,High Frequency Buyers,-1.4941134193930343,0.5674585371053532
13591000001560,10884,Sencha Orchid Exports 425,14457825.3,229489.29047619048,21,16,2018-06-11,2025-05-26,36,1,GLOBAL,6.96,239,1.312,1.0,3,Strategic High-Value,0.29610360963248017,-0.12658575515586049
13591000001564,10886,GreenLeaf Orchid Imports E81,872999.99,13430.769076923078,29,22,2018-05-04,2025-07-31,19,1,GLOBAL,7.24,173,1.318,1.0,3,Strategic High-Value,0.37447017022062423,-0.3005721155095316
13591000001568,10888,Ceylon Rosewood Tea Works,967575.0,50925.0,15,9,2019-02-12,2024-08-28,11,1,GLOBAL,5.54,510,1.667,1.0,3,Strategic High-Value,-0.25913018504330115,0.017804984759583673
13591000001570,10889,Matcha Cedar Distributors 285,299920.0,24993.333333333332,3,3,2018-06-20,2021-11-04,12,1,GLOBAL,3.38,1538,1.0,1.0,1,High Frequency Buyers,-1.0405318293649704,0.36329419521302986
13591000001572,10890,TeaLeaf Orchid Imports 92C,528876.0,35258.4,9,8,2018-04-30,2020-07-15,8,2,RETAIL,2.21,2015,1.125,0.5,4,High Value One-Off,0.045473366403814226,-0.4249469455898779
13591000001576,10893,Oolong Magnolia Trading 46F,4406939.85,23317.14206349206,104,55,2018-09-18,2025-09-18,43,3,RETAIL,7.0,124,1.891,0.3333,4,High Value One-Off,3.3872777796098776,-1.8960970046172854
13591000001580,10897,White Pearl Palm Tea Co.,1633946.64,31422.050769230766,31,21,2021-01-21,2025-09-18,24,2,RETAIL,4.66,124,1.476,0.5,4,High Value One-Off,1.3673313675727117,-1.0613137649150273
13591000001584,10899,Ceylon Palm Holdings BE4,3392100.0,1696050.0,2,2,2023-08-24,2024-03-23,2,1,GLOBAL,0.58,668,1.0,1.0,1,High Frequency Buyers,-1.3899309195885365,0.6102020567432224
13591000001586,10902,Matcha Clover Tea Co. 720,318795.0,31879.5,10,6,2018-07-30,2019-06-11,7,1,GLOBAL,0.87,2415,1.667,1.0,1,High Frequency Buyers,-1.5680085034812783,0.8378846814200184
13591000001592,10906,Herbal Bamboo Tea Co. E56,1808559.8699999999,106385.87470588235,12,9,2020-01-29,2025-09-30,6,2,RETAIL,5.67,112,1.333,0.5,4,High Value One-Off,1.129425970093522,-1.1058084289551284
13591000001598,10909,Sencha Jasmine Distributors 63C,39490.0,6581.666666666667,3,3,2019-07-09,2021-06-14,4,1,GLOBAL,1.93,1681,1.0,1.0,1,High Frequency Buyers,-1.3179668548819394,0.5058622786396176
13591000001600,10911,White Pearl Ivy Tea Works 2FC,13750.0,13750.0,1,1,2023-09-04,2023-09-04,1,1,GLOBAL,0.0,869,1.0,1.0,1,High Frequency Buyers,-1.3718170816684705,0.47630663485137903
13591000001606,10914,Oolong Sage Beverages C5B,742348.0,16496.62222222222,19,7,2018-04-09,2019-01-28,35,1,GLOBAL,0.8,2549,2.714,1.0,1,High Frequency Buyers,-1.3736255502548593,1.0104898614463615
13591000001618,10925,Herbal Magnolia Tea Co.,4798808.89,52160.96619565217,77,56,2018-04-23,2025-08-01,19,1,GLOBAL,7.27,172,1.375,1.0,3,Strategic High-Value,1.1272300870866374,-0.4092296626501089
13591000001620,10930,Sencha Maple Beverages,43296.0,1353.0,2,1,2020-06-29,2020-06-29,18,1,GLOBAL,0.0,2031,2.0,1.0,1,High Frequency Buyers,-1.5862768424892333,0.8714336768332854
13591000001622,10931,Golden Bud Ivy Trading 8C9,25471.4,821.6580645161291,24,22,2018-09-17,2023-05-02,5,1,GLOBAL,4.62,994,1.091,1.0,3,Strategic High-Value,-0.3260454553394029,0.05617326322971681
13591000001626,10933,Black Gold Hibiscus Holdings,14750.0,14750.0,1,1,2019-06-07,2019-06-07,1,1,GLOBAL,0.0,2419,1.0,1.0,1,High Frequency Buyers,-1.8669945649644506,0.8411104199396838
13591000001634,10938,Silver Tip Sage Trading,7153893.600000001,52991.804444444446,94,56,2018-04-27,2025-09-25,65,1,GLOBAL,7.41,117,1.679,1.0,3,Strategic High-Value,1.4474410920086087,-0.3530984352101398
13591000001636,10941,Silver Tip Jasmine Trading E2D,42000.0,42000.0,1,1,2018-06-11,2018-06-11,1,1,GLOBAL,0.0,2780,1.0,1.0,1,High Frequency Buyers,-1.985386269456822,0.929625748884879
13591000001642,10950,TeaLeaf Jasmine Trading 9B5,59400.0,59400.0,1,1,2019-07-18,2019-07-18,1,1,GLOBAL,0.0,2378,1.0,1.0,1,High Frequency Buyers,-1.858961858415403,0.8373334136726327
13591000001662,10968,Assam Willow Tea Works AD9,18160.0,9080.0,1,1,2023-04-06,2023-04-06,2,1,GLOBAL,0.0,1020,1.0,1.0,1,High Frequency Buyers,-1.4141737310973495,0.5114305122708692
13591000001670,10973,Ceylon Rosewood Trading 7B6,3948225.0,219345.83333333334,16,13,2019-04-18,2025-07-02,8,1,GLOBAL,6.21,202,1.231,1.0,3,Strategic High-Value,-0.04332286405164485,-0.14344113625313046
13591000001672,10975,Silver Tip Sage Exports 868,1296100.0,11572.32142857143,54,35,2018-05-22,2025-09-19,25,1,GLOBAL,7.33,123,1.543,1.0,3,Strategic High-Value,0.7367690869363868,-0.33465770321990723
13591000001678,10978,Ceylon Bamboo Imports 4E2,1125514.93,9458.108655462185,71,36,2018-04-17,2022-09-20,24,1,GLOBAL,4.43,1218,1.972,1.0,3,Strategic High-Value,0.061156035186578715,0.21708547128904146
13591000001686,10986,White Pearl Rosewood Tea Co. 604,448530.0,34502.307692307695,6,5,2021-03-23,2025-03-11,10,1,GLOBAL,3.97,315,1.2,1.0,3,Strategic High-Value,-0.5273532835921009,0.046664394552372014
13591000001690,10988,Golden Bud Orchid Tea Co. 8BF,1935.0,1935.0,1,1,2020-02-19,2020-02-19,1,1,GLOBAL,0.0,2162,1.0,1.0,1,High Frequency Buyers,-1.7834567438664597,0.7789608841996122
13591000001694,10991,Assam Ivy Distributors F1B,3202940.0,43282.97297297297,57,40,2018-05-31,2025-09-30,24,1,GLOBAL,7.33,112,1.425,1.0,3,Strategic High-Value,0.835207403458662,-0.3621249791934847
13591000001704,10996,Black Gold Willow Imports,412200.0,103050.0,4,3,2018-05-08,2020-03-04,3,1,GLOBAL,1.82,2148,1.333,1.0,1,High Frequency Buyers,-1.474844201366411,0.6795616913677227
13591000001706,10997,Herbal Palm Distributors,64500.0,32250.0,2,2,2019-06-21,2023-11-27,2,1,GLOBAL,4.44,785,1.0,1.0,3,Strategic High-Value,-0.7368243506378201,0.10537657730742635
13591000001708,10998,Matcha Magnolia Exports F2A,4627240.0,25995.73033707865,137,36,2018-04-09,2021-12-27,42,1,GLOBAL,3.72,1485,3.806,1.0,3,Strategic High-Value,0.15479996071947774,0.6670450076454338
13591000001716,11006,TeaLeaf Lotus Tea Works 7CF,1567125.0,33343.085106382976,39,28,2018-05-09,2024-11-19,18,1,GLOBAL,6.53,427,1.393,1.0,3,Strategic High-Value,0.33060097888518125,-0.1924413051254649
13591000001718,11007,White Pearl Fern Beverages,10465.95,1046.595,9,7,2018-05-30,2023-01-31,4,1,GLOBAL,4.67,1085,1.286,1.0,3,Strategic High-Value,-0.6617363744726737,0.16714879439326633
13591000001724,11010,TeaLeaf Willow Tea Works,141120.0,20160.0,4,4,2018-10-10,2022-10-03,5,2,RETAIL,3.98,1205,1.0,0.5,4,High Value One-Off,0.4271735955569117,-0.7568566250518013
13591000001728,11013,Assam Orchid Tea Co. 962,85000.0,85000.0,1,1,2025-02-07,2025-02-07,1,1,GLOBAL,0.0,347,1.0,1.0,1,High Frequency Buyers,-1.2131707855656657,0.362860091895383
13591000001730,11014,Herbal Bamboo Tea Works 84E,184700.0,36940.0,4,3,2018-05-25,2023-09-20,4,1,GLOBAL,5.32,853,1.333,1.0,3,Strategic High-Value,-0.588987144645898,0.09006822027514615
13591000001734,11016,Ceylon Hibiscus Trading 3DB,746650.0,53332.142857142855,6,5,2018-09-25,2021-01-15,11,1,GLOBAL,2.31,1831,1.2,1.0,1,High Frequency Buyers,-1.2256184531169194,0.5382274391712757
13591000001740,11023,Herbal Rosewood Beverages C75,495204.0,38092.61538461538,8,6,2023-03-01,2025-07-21,9,1,GLOBAL,2.39,183,1.333,1.0,1,High Frequency Buyers,-0.6677851683630136,0.1529270737692722
13591000001746,11029,GreenLeaf Clover Tea Works 752,155925.0,25987.5,4,3,2024-04-18,2025-06-25,5,1,GLOBAL,1.19,209,1.333,1.0,1,High Frequency Buyers,-0.9195495437156178,0.26202898897425386
13591000001750,11033,Oolong Rosewood Trading,13964852.81,66499.2990952381,133,71,2018-04-04,2025-09-29,74,1,GLOBAL,7.49,113,1.873,1.0,3,Strategic High-Value,1.878494363962749,-0.3320119978848098
13591000001754,11035,Darjeeling Cedar Beverages 4B2,1851625.0,17468.16037735849,39,29,2018-05-31,2025-05-15,26,1,GLOBAL,6.96,250,1.345,1.0,3,Strategic High-Value,0.506455917249938,-0.2786636556649586
13591000001756,11037,Darjeeling Orchid Holdings 197,2600512.98,6550.410528967254,74,41,2018-04-27,2025-09-02,52,1,GLOBAL,7.35,140,1.805,1.0,3,Strategic High-Value,1.0376910566549749,-0.29933520349041726
13591000001758,11039,Herbal Cedar Tea Works E0D,1674690.0,15949.42857142857,39,30,2018-05-17,2025-06-18,31,1,GLOBAL,7.09,216,1.3,1.0,3,Strategic High-Value,0.5782826409903126,-0.3087357917919635
13591000001766,11047,Golden Bud Bamboo Tea Works D90,54250.0,10850.0,4,4,2020-07-22,2021-12-28,3,1,GLOBAL,1.43,1484,1.0,1.0,1,High Frequency Buyers,-1.3051633318628522,0.4946119064769407
13591000001776,11052,White Pearl Willow Trading CD4,2920470.4,73011.76,17,14,2018-08-08,2025-09-15,10,1,GLOBAL,7.1,127,1.214,1.0,3,Strategic High-Value,0.1421938040498961,-0.2620485755515419
13591000001780,11054,Herbal Jasmine Holdings 986,240000.0,80000.0,1,1,2018-04-19,2018-04-19,3,1,GLOBAL,0.0,2833,1.0,1.0,1,High Frequency Buyers,-1.9954738704185402,0.9483676814063223
13591000001782,11060,Golden Bud Hibiscus Tea Co.,25622294.13,166378.5333116883,93,53,2018-04-04,2025-06-24,77,1,GLOBAL,7.22,210,1.755,1.0,3,Strategic High-Value,1.4459698927175297,-0.1631558930665358
13591000001784,11061,White Pearl Maple Distributors 32B,282144.4,18809.626666666667,9,8,2019-06-05,2025-05-23,8,1,GLOBAL,5.97,242,1.125,1.0,3,Strategic High-Value,-0.19128822215404248,-0.1541473531112653
13591000001786,11064,Silver Tip Maple Beverages,9250.0,4625.0,1,1,2022-12-13,2022-12-13,2,1,GLOBAL,0.0,1134,1.0,1.0,1,High Frequency Buyers,-1.4500943377824609,0.5376391411936806
13591000001788,11067,Oolong Ivy Tea Works,5415863.37,57615.56776595745,62,40,2018-07-31,2025-08-26,51,1,GLOBAL,7.07,147,1.55,1.0,3,Strategic High-Value,0.9506364615046589,-0.29260825233011817
13591000001790,11068,Sencha Clover Tea Works 3F9,4244746.0,707457.6666666666,4,4,2020-11-02,2022-04-18,4,1,GLOBAL,1.46,1373,1.0,1.0,1,High Frequency Buyers,-1.328018870628337,0.5789043609515856
13591000001792,11069,Assam Cedar Holdings 2D7,120963.0,6366.473684210527,8,7,2018-12-14,2024-05-15,13,1,GLOBAL,5.42,615,1.143,1.0,3,Strategic High-Value,-0.37541259691485274,-0.01803100466685689
13591000001794,11073,Golden Bud Ivy Tea Works 246,4401470.0,13460.152905198776,141,65,2018-04-09,2025-08-01,53,1,GLOBAL,7.31,172,2.169,1.0,3,Strategic High-Value,1.6007133363295996,-0.2896442160542669
13591000001796,11074,Sencha Orchid Holdings,577200.01,5063.15798245614,17,14,2018-05-16,2022-08-16,20,1,GLOBAL,4.25,1253,1.214,1.0,3,Strategic High-Value,-0.5385856475122291,0.20598336676258458
13591000001802,11080,Matcha Clover Beverages,2103982.2,84159.288,7,5,2019-01-02,2023-09-20,7,1,GLOBAL,4.71,853,1.4,1.0,3,Strategic High-Value,-0.6046971595922102,0.15590258004256277
13591000001808,11087,Black Gold Cedar Beverages E3C,8128907.52,80484.23287128712,93,55,2018-05-31,2025-09-29,23,3,FOOD SERVICE,7.33,113,1.691,0.3333,4,High Value One-Off,3.3123175667580513,-1.9364900055271765
13591000001816,11097,Silver Tip Palm Beverages,228772.9,28596.6125,8,7,2024-10-14,2025-10-07,2,1,RETAIL,0.98,105,1.143,1.0,1,High Frequency Buyers,-0.8566936066581947,0.21294255247389338
13591000001820,11100,White Pearl Sage Holdings D7B,16622815.38,182668.30087912088,64,43,2018-11-01,2025-10-01,21,2,GLOBAL,6.92,111,1.488,0.5,4,High Value One-Off,2.16269921231505,-1.2208530721241915
13591000001822,11102,Silver Tip Clover Beverages E20,5078894.98,59751.70564705883,28,18,2019-07-05,2025-09-04,34,1,GLOBAL,6.17,138,1.556,1.0,3,Strategic High-Value,0.2651588573700413,-0.1400494435978694
13591000001826,11104,Golden Bud Clover Distributors,93151.0,4902.684210526316,19,18,2018-04-04,2024-12-02,3,1,GLOBAL,6.66,414,1.056,1.0,3,Strategic High-Value,0.02800604971599005,-0.22683440939376734
13591000001828,11106,GreenLeaf Rosewood Beverages E76,954281.0,31809.366666666665,8,8,2019-04-30,2025-05-09,20,1,GLOBAL,6.03,256,1.0,1.0,3,Strategic High-Value,-0.13219766356857618,-0.16421877620725459
13591000001830,11107,Sencha Maple Distributors 2A6,1900832.78,14621.790615384616,69,50,2018-05-25,2025-07-31,62,1,GLOBAL,7.18,173,1.38,1.0,3,Strategic High-Value,1.2091470735202094,-0.39117025089366225
13591000001842,11116,Oolong Maple Trading,3189631.99,21551.5675,59,44,2021-12-30,2025-09-22,27,1,GLOBAL,3.73,120,1.341,1.0,3,Strategic High-Value,0.45651295401594516,-0.11083578566922991
13591000001848,11120,Ceylon Fern Beverages,92469.18999999999,30823.063333333328,3,3,2023-01-28,2024-01-31,1,1,GLOBAL,1.01,720,1.0,1.0,1,High Frequency Buyers,-1.1505239238140639,0.355021591580317
13591000001852,11122,Herbal Sage Imports F89,297360.0,148680.0,2,2,2018-09-03,2019-11-28,2,1,GLOBAL,1.23,2245,1.0,1.0,1,High Frequency Buyers,-1.6378103559891541,0.7173791736005956
13591000001854,11123,TeaLeaf Magnolia Tea Works CAC,21156527.0,264456.5875,70,31,2018-05-02,2021-03-04,7,1,GLOBAL,2.84,1783,2.258,1.0,1,High Frequency Buyers,-0.46829313412295237,0.6878704348337106
13591000001856,11125,TeaLeaf Bamboo Tea Works 5DC,120735.0,24147.0,5,5,2018-07-20,2023-03-09,3,1,GLOBAL,4.64,1048,1.0,1.0,3,Strategic High-Value,-0.7240400685031635,0.13690317184550957
13591000001860,11127,GreenLeaf Clover Beverages 46E,85000.0,85000.0,1,1,2024-12-09,2024-12-09,1,1,GLOBAL,0.0,407,1.0,1.0,1,High Frequency Buyers,-1.2323345572017714,0.3769764404174101
13591000001866,11131,Assam Willow Exports E52,307875.0,25656.25,10,8,2021-12-21,2023-07-31,6,1,GLOBAL,1.61,904,1.25,1.0,1,High Frequency Buyers,-0.9782857414488885,0.3614682545112398
13591000001868,11132,White Pearl Sage Tea Works E38,206806.0,29543.714285714286,7,6,2018-04-20,2025-09-17,4,1,GLOBAL,7.41,125,1.167,1.0,3,Strategic High-Value,-0.02744560110172581,-0.28027802250667727
13591000001872,11145,Black Gold Rosewood Holdings B80,10155383.94,19343.588457142858,337,89,2018-04-04,2025-09-30,138,1,GLOBAL,7.49,112,3.787,1.0,3,Strategic High-Value,2.8586171307320223,0.03702805492715636
13591000001876,11160,Oolong Bamboo Imports AB8,16316514.31,48998.54147147147,190,67,2018-04-19,2025-09-23,157,1,GLOBAL,7.43,119,2.836,1.0,3,Strategic High-Value,2.3415089050291287,-0.08713069923191691
13591000001878,11161,Assam Orchid Exports,395535.0,23266.764705882353,15,11,2018-05-21,2021-05-06,9,1,GLOBAL,2.96,1720,1.364,1.0,1,High Frequency Buyers,-0.9721305046720251,0.4500730778874107
13591000001890,11168,Black Gold Sage Trading 510,96750.0,13821.42857142857,4,3,2018-06-16,2021-01-11,7,1,GLOBAL,2.57,1835,1.333,1.0,1,High Frequency Buyers,-1.2456812075296464,0.534462537752418
13591000001892,11169,Oolong Fern Exports,635600.0,127120.0,4,4,2018-05-30,2024-02-01,4,1,GLOBAL,5.68,719,1.0,1.0,3,Strategic High-Value,-0.5086551010732574,-0.0014356638165895165
13591000001898,11172,Golden Bud Fern Trading 0D8,3748336.75,937084.1875,4,3,2019-02-26,2023-12-04,2,1,GLOBAL,4.77,778,1.333,1.0,3,Strategic High-Value,-0.7412930614539572,0.24973591017118568
13591000001910,11178,Assam Ivy Exports,4882113.04,305132.065,15,14,2018-07-20,2025-08-28,7,1,GLOBAL,7.11,145,1.071,1.0,3,Strategic High-Value,0.09049038552348151,-0.23780966073318036
13591000001912,11179,Silver Tip Sage Holdings 55F,160000.0,160000.0,1,1,2019-02-13,2019-02-13,1,1,GLOBAL,0.0,2533,1.0,1.0,1,High Frequency Buyers,-1.9198745677512778,0.8870243432433127
13591000001914,11180,Ceylon Bamboo Trading 800,49375.0,9875.0,1,1,2019-01-23,2019-01-23,5,1,GLOBAL,0.0,2554,1.0,1.0,1,High Frequency Buyers,-1.888179202504455,0.8730969342858145
13591000001922,11186,GreenLeaf Rosewood Holdings 91E,1219763.49,53033.1952173913,13,10,2018-04-06,2020-01-14,11,1,GLOBAL,1.77,2198,1.3,1.0,1,High Frequency Buyers,-1.2975446902366692,0.6609094373608315
13591000001928,11189,White Pearl Clover Holdings 2C3,159750.0,53250.0,3,3,2018-12-12,2025-05-05,3,1,GLOBAL,6.4,260,1.0,1.0,3,Strategic High-Value,-0.2870369915314664,-0.17364993103121132
13591000001934,11192,Matcha Bamboo Tea Co. 570,346840.0,69368.0,5,3,2018-07-17,2019-12-06,4,1,GLOBAL,1.39,2237,1.667,1.0,1,High Frequency Buyers,-1.528602590025158,0.7709697569603298
13591000001936,11193,Oolong Lotus Trading 23E,244100.0,61025.0,2,2,2023-04-28,2024-09-20,4,1,GLOBAL,1.4,487,1.0,1.0,1,High Frequency Buyers,-1.0332940636995125,0.27939681385784015
13591000001938,11194,Ceylon Rosewood Beverages A7D,201950.0,40390.0,4,3,2020-01-01,2024-07-31,5,1,GLOBAL,4.58,538,1.333,1.0,3,Strategic High-Value,-0.5806586148114096,0.07485941157458857
13591000001940,11195,Oolong Fern Trading 238,40217.39,10054.3475,2,1,2019-03-25,2019-03-28,3,1,GLOBAL,0.01,2490,2.0,1.0,1,High Frequency Buyers,-1.812285644753146,0.9773563103023857
13591000001942,11196,TeaLeaf Rosewood Beverages 28C,117200.0,16742.85714285714,6,4,2018-10-09,2019-09-03,5,1,GLOBAL,0.9,2331,1.5,1.0,1,High Frequency Buyers,-1.6016639104015251,0.7992075738161134
13591000001944,11197,Matcha Ivy Beverages 7E1,5252368.33,404028.3330769231,4,3,2021-01-15,2023-08-10,9,1,GLOBAL,2.57,894,1.333,1.0,1,High Frequency Buyers,-0.9631710736704268,0.39337773351458794
13591000001948,11199,Matcha Fern Tea Co. 18F,16200.0,16200.0,1,1,2019-11-13,2019-11-13,1,1,GLOBAL,0.0,2260,1.0,1.0,1,High Frequency Buyers,-1.816374975038811,0.8038926963467566
13591000001958,11204,Matcha Cedar Tea Co. 835,364830.0,45603.75,3,2,2018-10-05,2019-03-25,8,1,GLOBAL,0.47,2493,1.5,1.0,1,High Frequency Buyers,-1.739991570440457,0.884810485743194
13591000001960,11205,White Pearl Maple Distributors 57E,772450.0,14854.807692307691,28,27,2020-01-02,2025-09-29,11,1,GLOBAL,5.74,113,1.037,1.0,3,Strategic High-Value,0.23776768039848248,-0.26324483500953927
13591000001962,11206,Ceylon Lotus Imports,1507295.44,27912.87851851852,35,24,2019-10-03,2025-08-05,23,3,RETAIL,5.84,168,1.458,0.3333,4,High Value One-Off,2.386263958504725,-1.7704203375056737
13591000001970,11210,Matcha Clover Exports B21,114505.0,22901.0,3,3,2019-09-24,2025-07-15,5,1,GLOBAL,5.81,189,1.0,1.0,3,Strategic High-Value,-0.3278772234693953,-0.14771001342136028
13591000001972,11211,Darjeeling Magnolia Exports 14F,1087415.0,4198.513513513513,33,25,2018-04-09,2025-09-30,44,1,GLOBAL,7.48,112,1.32,1.0,3,Strategic High-Value,0.6250356754328485,-0.34228971538919967
13591000001976,11213,Black Gold Orchid Distributors 600,435257.86,33481.373846153845,5,5,2018-08-27,2023-05-18,12,1,GLOBAL,4.72,978,1.0,1.0,3,Strategic High-Value,-0.6434128911023208,0.11861853724728107
13591000001980,11215,White Pearl Hibiscus Trading 754,2144723.29,27496.452435897438,74,46,2018-04-09,2023-05-11,10,1,GLOBAL,5.09,985,1.609,1.0,3,Strategic High-Value,0.3341748046579781,0.017111220483709253
13591000001982,11216,TeaLeaf Sage Beverages 724,22000.0,22000.0,1,1,2019-10-15,2019-10-15,1,1,GLOBAL,0.0,2289,1.0,1.0,1,High Frequency Buyers,-1.826295084303092,0.8114779980941814
13591000001984,11217,Sencha Fern Holdings C86,901000.0,901000.0,1,1,2024-10-22,2024-10-22,1,1,GLOBAL,0.0,455,1.0,1.0,1,High Frequency Buyers,-1.3401858549198309,0.49553130696109254
13591000001986,11218,Silver Tip Maple Tea Works,22459759.88,135299.758313253,160,83,2018-04-09,2025-10-02,22,3,GLOBAL,7.48,110,1.928,0.3333,4,High Value One-Off,4.01049789834174,-1.908007935656341
13591000001988,11219,Assam Bamboo Beverages,50540.0,10108.0,5,5,2018-05-17,2020-10-05,2,1,RETAIL,2.39,1933,1.0,1.0,1,High Frequency Buyers,-1.3062975733601543,0.5197640922179023
13591000001990,11220,TeaLeaf Bamboo Imports,870818.0,11929.013698630137,50,46,2018-04-30,2025-09-18,9,3,RETAIL,7.39,124,1.087,0.3333,4,High Value One-Off,2.9701630326420414,-2.0675169369685222
13591000001994,11222,Oolong Willow Distributors 987,1139188.0,18986.466666666667,45,32,2018-04-30,2025-07-28,13,3,FOOD SERVICE,7.24,176,1.406,0.3333,4,High Value One-Off,2.6833984302558194,-1.9247252416855631
13591000001996,11223,Darjeeling Maple Exports,417967.6,12665.684848484847,24,20,2021-01-20,2025-10-07,16,1,RETAIL,4.71,105,1.2,1.0,3,Strategic High-Value,-0.0061517714350486676,-0.12947338574514697
13591000001998,11224,Golden Bud Hibiscus Imports 3C0,60515.0,10085.833333333334,4,4,2020-12-01,2023-06-13,4,2,RETAIL,2.53,952,1.0,0.5,4,High Value One-Off,0.313025629856608,-0.7042292951301822
13591000002000,11225,Herbal Hibiscus Tea Works,118386.0,4228.071428571428,13,11,2019-11-19,2024-09-19,14,3,FOOD SERVICE,4.84,488,1.182,0.3333,4,High Value One-Off,1.8010097668480536,-1.6128516441169898
13591000002002,11226,Golden Bud Jasmine Imports C4E,6000.0,3000.0,2,2,2020-02-11,2020-06-24,1,1,FOOD SERVICE,0.37,2036,1.0,1.0,1,High Frequency Buyers,-1.6733462808032107,0.7156712578627683
13591000002004,11227,Darjeeling Cedar Beverages,23273168.36,18588.792619808308,314,79,2018-04-30,2025-10-10,161,3,RETAIL,7.45,102,3.975,0.3333,4,High Value One-Off,4.928321404174056,-1.4249723968389905
13591000002006,11230,Darjeeling Ivy Holdings 211,69120.0,69120.0,1,1,2020-05-28,2020-05-28,1,1,GLOBAL,0.0,2063,1.0,1.0,1,High Frequency Buyers,-1.7594541371366037,0.7645002611093157
13591000002008,11231,Assam Rosewood Trading 7BA,9379090.0,128480.68493150685,25,23,2018-05-25,2025-09-24,23,1,GLOBAL,7.33,118,1.087,1.0,3,Strategic High-Value,0.4422948021674654,-0.2930996882240628
13591000002010,11233,Oolong Hibiscus Imports 38E,479721.77999999997,4483.381121495327,65,45,2018-04-26,2025-08-26,11,1,GLOBAL,7.33,147,1.444,1.0,3,Strategic High-Value,0.8608231525075295,-0.39448390975126596
13591000002012,11234,Sencha Hibiscus Tea Co. 828,13930040.0,145104.58333333334,92,49,2018-04-09,2025-09-02,4,1,GLOBAL,7.4,140,1.878,1.0,3,Strategic High-Value,0.9931209032739102,-0.2409298153955424
13591000002014,11240,Assam Clover Holdings,18734861.65,11333.854597701149,121,50,2018-05-04,2025-06-17,263,3,RETAIL,7.12,217,2.42,0.3333,4,High Value One-Off,4.53408224491948,-1.6488904725992972
13591000002016,11241,Sencha Orchid Tea Works BFF,9773338.57,19353.145683168317,223,81,2018-04-30,2025-09-30,62,3,FOOD SERVICE,7.42,112,2.753,0.3333,4,High Value One-Off,4.245536274626306,-1.7943101781164017
13591000002018,11249,Golden Bud Maple Tea Co.,6188338.08,31254.232727272727,102,29,2019-04-01,2025-09-11,26,1,RETAIL,6.45,131,3.517,1.0,3,Strategic High-Value,0.6764856198780391,0.10292956686533809
13591000002020,11250,Silver Tip Lotus Beverages,780332.38,1503.530597302505,35,20,2019-07-01,2025-11-04,153,3,FOOD SERVICE,6.35,77,1.75,0.3333,4,High Value One-Off,3.110044636653458,-1.7603940792575685
13591000002022,11251,Black Gold Cedar Exports,13427.09,1220.6445454545456,3,3,2019-07-22,2021-08-25,10,2,FOOD SERVICE,2.09,1609,1.0,0.5,4,High Value One-Off,0.05676393188604884,-0.5107997684828568
13591000002030,11255,Darjeeling Clover Holdings,179057.28,1105.2918518518518,6,5,2019-05-21,2020-01-30,69,3,FOOD SERVICE,0.7,2182,1.2,0.3333,4,High Value One-Off,0.8809475280365973,-0.8510195676030351
13591000002040,11260,TeaLeaf Willow Exports,183154.19,2154.755176470588,29,24,2019-06-21,2025-11-25,68,3,RETAIL,6.43,56,1.208,0.3333,4,High Value One-Off,2.7168103961398473,-1.8850006319712214
13591000002044,11270,Sencha Maple Exports E8C,843466.0,12224.144927536232,54,32,2018-05-14,2022-11-24,15,2,RETAIL,4.53,1153,1.688,0.5,4,High Value One-Off,1.2309117926334594,-0.8282231931760451
13591000002046,11271,Assam Lotus Holdings,86000.0,14333.333333333334,6,4,2019-05-06,2020-04-30,1,1,FOOD SERVICE,0.99,2091,1.5,1.0,1,High Frequency Buyers,-1.5342542465563507,0.73454499981396
13591000002048,11272,TeaLeaf Maple Imports,1927690.6,16618.022413793104,95,62,2018-04-30,2025-09-01,12,3,FOOD SERVICE,7.34,141,1.532,0.3333,4,High Value One-Off,3.36895902238535,-2.0361864372426677
13591000002052,11274,Silver Tip Sage Tea Co.,25159395.78,10779.518329048844,449,80,2018-04-30,2025-08-05,97,2,RETAIL,7.27,168,5.612,0.5,4,High Value One-Off,3.9579562925539347,-0.41801545294898723
13591000002054,11275,Sencha Ivy Holdings 5A4,3557246.0,24035.445945945947,126,76,2018-04-30,2025-10-09,14,2,FOOD SERVICE,7.44,103,1.658,0.5,4,High Value One-Off,2.9095421941698407,-1.459996843518818
13591000002056,11276,Matcha Lotus Exports D00,1130400.0,10003.53982300885,45,33,2018-07-11,2025-09-23,7,2,FOOD SERVICE,7.2,119,1.364,0.5,4,High Value One-Off,1.8638260664519208,-1.3377751755462441
13591000002060,11278,Oolong Willow Holdings 415,382586.0,10068.052631578947,34,23,2018-05-07,2023-06-12,6,2,FOOD SERVICE,5.1,953,1.478,0.5,4,High Value One-Off,1.1067284325813782,-0.9217672818888205
13591000002064,11280,Oolong Lotus Trading,216200.0,11378.947368421053,17,17,2018-04-30,2024-04-10,5,1,FOOD SERVICE,5.95,650,1.0,1.0,3,Strategic High-Value,-0.15609670681221396,-0.1168819689929062
13591000002066,11281,Ceylon Magnolia Exports,274778.0,5088.481481481482,23,18,2018-04-30,2020-02-21,10,2,FOOD SERVICE,1.81,2160,1.278,0.5,4,High Value One-Off,0.18625001019708004,-0.38787114408358275
13591000002068,11282,Assam Bamboo Distributors,467012.0,11119.333333333334,19,7,2022-10-06,2023-10-05,10,2,FOOD SERVICE,1.0,838,2.714,0.5,4,High Value One-Off,0.3643363805583729,-0.40129775395416456
13591000002072,11284,White Pearl Cedar Exports D23,140554638.42,25243.289946120687,395,58,2018-04-30,2023-12-04,576,3,RETAIL,5.6,778,6.81,0.3333,0,Loyal Medium Buyers,6.86655741933653,0.22249071321297112
13591000002076,11286,Oolong Jasmine Holdings,6600.0,3300.0,1,1,2018-12-14,2018-12-14,2,1,FOOD SERVICE,0.0,2594,1.0,1.0,1,High Frequency Buyers,-1.9162668794156659,0.880954806165368
13591000002082,11289,Ceylon Ivy Distributors,3095262.78,24565.577619047617,101,70,2018-04-30,2025-09-18,8,2,RETAIL,7.39,124,1.443,0.5,4,High Value One-Off,2.706645512450949,-1.4771910451828663
13591000002084,11290,Sencha Cedar Beverages,667750.0,6611.3861386138615,67,36,2018-04-30,2024-05-02,7,1,FOOD SERVICE,6.01,628,1.861,1.0,3,Strategic High-Value,0.3556364818568426,-0.0702750831362724
13591000002086,11291,Darjeeling Cedar Trading,687300.0,13746.0,44,31,2022-05-13,2025-09-22,10,3,FOOD SERVICE,3.36,120,1.419,0.3333,4,High Value One-Off,2.1540634290912126,-1.630300937328152
13591000002088,11292,Oolong Bamboo Tea Co.,280800.0,93600.0,3,3,2018-04-30,2018-09-17,2,1,RETAIL,0.38,2682,1.0,1.0,1,High Frequency Buyers,-1.8613661106571529,0.875347080126432
13591000002090,11293,Ceylon Hibiscus Trading 22C,69585.9,6325.990909090909,5,5,2022-03-29,2025-10-10,7,3,FOOD SERVICE,3.53,102,1.0,0.3333,4,High Value One-Off,1.5732633522050363,-1.5978697146467835
13591000002094,11295,Silver Tip Hibiscus Tea Co.,216210.0,12011.666666666666,15,13,2018-09-18,2024-07-25,3,2,FOOD SERVICE,5.85,544,1.154,0.5,4,High Value One-Off,1.0781621361201172,-1.0816643309750902
13591000002100,11298,Sencha Fern Exports,924470.0,9731.263157894737,68,48,2018-04-30,2025-07-09,10,2,FOOD SERVICE,7.19,195,1.417,0.5,4,High Value One-Off,2.183242112157129,-1.3735613499333255
13591000002102,11299,Matcha Hibiscus Imports,496644.0,12734.461538461539,34,25,2018-05-09,2023-06-26,9,2,FOOD SERVICE,5.13,939,1.36,0.5,4,High Value One-Off,1.1647878856464053,-0.9520155404484614
13591000002104,11300,Sencha Clover Trading,370700.0,15445.833333333334,24,20,2020-06-24,2023-04-24,1,1,GLOBAL,2.83,1002,1.2,1.0,1,High Frequency Buyers,-0.61988699292024,0.2271574402058507
13591000002108,11302,Matcha Palm Holdings 277,434700.0,18900.0,23,18,2020-06-25,2022-05-25,1,1,GLOBAL,1.91,1336,1.278,1.0,1,High Frequency Buyers,-0.8846207654841742,0.39893050200263325
13591000002112,11304,TeaLeaf Lotus Imports CF6,96000.0,32000.0,3,3,2022-12-09,2024-04-02,1,1,GLOBAL,1.31,658,1.0,1.0,1,High Frequency Buyers,-1.0914221623001619,0.31700554049860374
13591000002114,11305,Assam Sage Tea Works,1351758.1,34660.4641025641,11,11,2019-11-05,2025-05-30,7,2,BULK,5.57,235,1.0,0.5,4,High Value One-Off,1.1083051361805505,-1.1336103882358792
13591000002126,11311,GreenLeaf Maple Holdings 019,32800.0,10933.333333333334,2,2,2018-09-14,2019-10-28,3,1,FOOD SERVICE,1.12,2276,1.0,1.0,1,High Frequency Buyers,-1.641650831951766,0.7146118234998526
13591000002134,11315,Ceylon Jasmine Beverages 51D,3392104.0,484586.28571428574,5,5,2018-12-03,2022-05-30,4,1,GLOBAL,3.49,1331,1.0,1.0,1,High Frequency Buyers,-1.0032639101158787,0.371554746117856
13591000002144,11320,White Pearl Lotus Tea Co. 221,25897354.0,239790.3148148148,37,23,2018-04-20,2025-06-30,48,1,GLOBAL,7.2,204,1.609,1.0,3,Strategic High-Value,0.6140275214784645,-0.06729947850681528
13591000002146,11321,Ceylon Lotus Holdings E62,12391855.8,221283.1392857143,46,33,2018-05-21,2025-09-17,25,1,GLOBAL,7.33,125,1.394,1.0,3,Strategic High-Value,0.6911720281126326,-0.2573022215820447
13591000002150,11323,Matcha Bamboo Tea Co.,84800.0,84800.0,1,1,2018-09-12,2018-09-12,1,1,GLOBAL,0.0,2687,1.0,1.0,1,High Frequency Buyers,-1.9605352028344767,0.9133713946005845
13591000002152,11324,Golden Bud Willow Exports 695,3960000.0,3960000.0,1,1,2021-06-22,2021-06-22,1,1,GLOBAL,0.0,1673,1.0,1.0,1,High Frequency Buyers,-2.0760480879706043,1.1841934376616983
13591000002158,11327,Matcha Magnolia Imports,1849212.69,27194.304264705883,10,8,2018-07-20,2022-08-31,64,2,RETAIL,4.11,1238,1.25,0.5,4,High Value One-Off,0.8548789218745753,-0.7252731867290174
13591000002160,11328,Sencha Lotus Beverages,3429373.75,381041.52777777775,9,9,2019-01-24,2024-08-21,3,1,GLOBAL,5.57,517,1.0,1.0,3,Strategic High-Value,-0.3776281380926271,-0.015286153369009925
13591000002168,11333,Sencha Rosewood Tea Co.,363928.68,90982.17,4,4,2022-02-25,2024-05-08,3,1,GLOBAL,2.2,622,1.0,1.0,1,High Frequency Buyers,-0.9369884752977868,0.24315445847048558
13591000002174,11336,White Pearl Hibiscus Beverages,497744.53,757.6020243531203,76,70,2019-05-03,2025-09-30,28,2,RETAIL,6.41,112,1.086,0.5,4,High Value One-Off,2.640584483932722,-1.4938337035690565
13591000002178,11340,White Pearl Maple Tea Works,547627.16,27381.358,16,15,2018-04-30,2025-09-22,6,2,RETAIL,7.4,120,1.067,0.5,4,High Value One-Off,1.4688929299509015,-1.3200267991932064
13591000002186,11345,Golden Bud Orchid Trading 4E9,9300.0,9300.0,1,1,2018-09-17,2018-09-17,1,1,GLOBAL,0.0,2682,1.0,1.0,1,High Frequency Buyers,-1.9503778282730209,0.9022706878937028
13591000002194,11349,Sencha Hibiscus Beverages 224,1550168.22,11833.345190839695,62,47,2018-07-11,2025-10-10,44,1,GLOBAL,7.25,102,1.319,1.0,3,Strategic High-Value,1.0735952476477977,-0.4170981085253201
13591000002196,11350,Matcha Palm Holdings,407182.23,1233.8855454545453,18,17,2019-06-10,2025-08-29,70,2,FOOD SERVICE,6.22,144,1.059,0.5,4,High Value One-Off,1.6909734618737262,-1.225995721219374
13591000002198,11351,Herbal Ivy Tea Works 7AD,787433.33,393716.665,2,2,2019-06-12,2020-10-16,2,1,GLOBAL,1.35,1922,1.0,1.0,1,High Frequency Buyers,-1.545857458737524,0.6656323812041044
13591000002200,11352,TeaLeaf Cedar Beverages,359050.44999999995,71810.09,2,2,2025-02-17,2025-05-02,4,1,RETAIL,0.2,263,1.0,1.0,1,High Frequency Buyers,-1.1203315040762993,0.3231329823560253
13591000002202,11353,Assam Palm Beverages,10729789.75,2682447.4375,4,4,2018-08-30,2022-09-05,3,1,GLOBAL,4.02,1233,1.0,1.0,1,High Frequency Buyers,-1.1613794192364937,0.631211148501535
13591000002206,11356,Ceylon Clover Holdings,586468.5,53315.318181818184,10,8,2019-01-03,2025-08-29,8,1,GLOBAL,6.65,144,1.25,1.0,3,Strategic High-Value,-0.06489541442116745,-0.20832504263600174
13591000002222,11364,Darjeeling Fern Exports 8A1,1361294.95,56720.62291666667,10,7,2023-07-13,2025-09-04,17,2,RETAIL,2.15,138,1.429,0.5,4,High Value One-Off,0.6847536462702455,-0.8091695655452259
13591000002226,11366,Darjeeling Fern Exports,330620.8,1046.2683544303798,6,6,2019-04-26,2022-11-22,101,3,RETAIL,3.58,1155,1.0,0.3333,4,High Value One-Off,1.7657546037729523,-1.3431003719754935
13591000002228,11367,Assam Cedar Imports 9EA,4698.15,783.025,3,3,2019-06-10,2021-05-07,3,1,BULK,1.91,1719,1.0,1.0,1,High Frequency Buyers,-1.3374825364749305,0.5152820852130211
13591000002230,11368,TeaLeaf Orchid Trading,284530.39,3428.0769879518075,83,76,2018-04-16,2025-09-18,1,1,GLOBAL,7.43,124,1.092,1.0,3,Strategic High-Value,1.4573037113490495,-0.6153451455084209
13591000002232,11369,GreenLeaf Willow Tea Works,952640.62,79386.71833333334,12,10,2018-07-10,2025-03-25,1,1,GLOBAL,6.71,301,1.2,1.0,3,Strategic High-Value,-0.10668752512643057,-0.18708481270256552
13591000002234,11370,Ceylon Sage Distributors,48641.34,5404.593333333333,9,9,2019-03-31,2025-09-23,1,1,GLOBAL,6.48,119,1.0,1.0,3,Strategic High-Value,-0.10877641552990178,-0.24829482476974699
13591000002242,11374,Sencha Rosewood Trading B9D,438975.0,9339.893617021276,19,16,2018-07-31,2023-10-13,16,1,GLOBAL,5.2,830,1.188,1.0,3,Strategic High-Value,-0.25979692788491643,0.0183165505437036
13591000002252,11379,Golden Bud Clover Distributors 1A0,680.0,680.0,1,1,2020-06-17,2020-06-17,1,1,GLOBAL,0.0,2043,1.0,1.0,1,High Frequency Buyers,-1.7453063015039754,0.7507984920529887
13591000002254,11380,Assam Jasmine Holdings 8D3,2911470.0,9869.389830508475,77,45,2018-04-17,2025-09-08,45,1,GLOBAL,7.39,134,1.711,1.0,3,Strategic High-Value,1.0869424997733574,-0.33401292457129744
13591000002256,11381,Matcha Rosewood Tea Works AC4,29000.0,2230.769230769231,1,1,2025-04-23,2025-04-23,13,1,GLOBAL,0.0,272,1.0,1.0,1,High Frequency Buyers,-1.1159879565203503,0.33637893657996015
13591000002258,11382,TeaLeaf Bamboo Beverages,65150.0,16287.5,2,2,2019-01-30,2019-07-05,3,1,GLOBAL,0.43,2391,1.0,1.0,1,High Frequency Buyers,-1.7695776138062418,0.7968100359589235
13591000002264,11385,Assam Sage Exports,343957.87,1232.8239068100359,35,32,2019-04-08,2025-06-02,49,2,FOOD SERVICE,6.15,232,1.094,0.5,4,High Value One-Off,1.8659335219788038,-1.2671477803173403
13591000002268,11387,Black Gold Palm Distributors 870,1382807.82,14404.248125,79,45,2018-05-21,2025-07-31,29,1,GLOBAL,7.2,173,1.756,1.0,3,Strategic High-Value,0.9633691541016104,-0.31304865099003526
13591000002272,11389,TeaLeaf Hibiscus Trading 720,2070500.4,41410.008,34,25,2021-01-29,2025-09-17,14,1,GLOBAL,4.63,125,1.36,1.0,3,Strategic High-Value,0.089142605088636,-0.10308827449995617
13591000002276,11391,Matcha Sage Imports 693,23163.36,2316.3360000000002,10,10,2018-09-11,2025-08-06,1,1,GLOBAL,6.9,167,1.0,1.0,3,Strategic High-Value,-0.04728214039705495,-0.27527890090946955
13591000002278,11392,Assam Willow Imports 48D,10960953.0,86306.71653543306,86,60,2019-02-06,2025-09-29,10,1,GLOBAL,6.64,113,1.433,1.0,3,Strategic High-Value,1.124507699659564,-0.33888138336670787
13591000002280,11393,Herbal Bamboo Tea Works BA5,398000.0,199000.0,2,2,2023-10-13,2024-07-09,2,1,GLOBAL,0.74,560,1.0,1.0,1,High Frequency Buyers,-1.169562805729908,0.3664060592718618
13591000002282,11394,Assam Palm Distributors 38F,179223.05000000002,9956.836111111112,9,8,2018-05-09,2025-09-03,10,1,GLOBAL,7.32,139,1.125,1.0,3,Strategic High-Value,0.030344162534739788,-0.28598801224921294
13591000002286,11397,Golden Bud Lotus Tea Co.,378760.0,54108.57142857143,5,4,2021-12-16,2024-06-07,4,1,GLOBAL,2.48,592,1.25,1.0,1,High Frequency Buyers,-0.8641799504841072,0.2407917618232081
13591000002288,11398,Darjeeling Cedar Holdings,4643720.18,11667.63864321608,83,41,2018-04-30,2024-11-11,118,3,RETAIL,6.54,435,2.024,0.3333,4,High Value One-Off,3.332415850990128,-1.7025853201729955
13591000002290,11399,Matcha Palm Distributors C9A,8750.0,8750.0,1,1,2023-08-14,2023-08-14,1,1,GLOBAL,0.0,890,1.0,1.0,1,High Frequency Buyers,-1.3779574882582082,0.48059011548772784
13591000002298,11403,Sencha Magnolia Tea Works,3252.5,406.5625,1,1,2023-04-26,2023-04-26,8,1,RETAIL,0.0,1000,1.0,1.0,1,High Frequency Buyers,-1.3749447521895508,0.5064888727950908
13591000002304,11406,Assam Jasmine Trading,1145209.8,6776.389349112426,102,63,2018-04-30,2025-09-17,18,3,FOOD SERVICE,7.38,125,1.619,0.3333,4,High Value One-Off,3.4412293918315724,-2.0345452160186404
13591000002306,11407,Sencha Jasmine Tea Co.,6777.969999999999,2259.3233333333333,3,3,2018-05-17,2021-03-30,1,1,GLOBAL,2.87,1757,1.0,1.0,1,High Frequency Buyers,-1.2342511750477303,0.4485925795178907
13591000002310,11409,Darjeeling Fern Holdings D6D,8366626.0,83666.26,26,15,2018-06-12,2020-06-18,39,2,RETAIL,2.02,2042,1.733,0.5,4,High Value One-Off,0.3924906722468834,-0.2928153770652347
13591000002312,11410,Herbal Magnolia Beverages B1C,333314.0,6802.326530612245,45,37,2018-04-30,2025-08-11,8,2,FOOD SERVICE,7.28,162,1.216,0.5,4,High Value One-Off,1.936613545023534,-1.3806861542439766
13591000002316,11412,Black Gold Magnolia Holdings D3D,1675129.0,18821.674157303372,22,13,2018-05-14,2021-07-02,30,1,RETAIL,3.13,1663,1.692,1.0,1,High Frequency Buyers,-0.7478342423096505,0.46998913623194855
13591000002322,11415,Herbal Bamboo Tea Co.,45299.590000000004,1415.6121875000001,4,4,2020-03-03,2025-06-05,10,1,FOOD SERVICE,5.26,229,1.0,1.0,3,Strategic High-Value,-0.3627336404745808,-0.102062212671725
13591000002324,11416,Ceylon Lotus Exports 9D7,364160.0,52022.857142857145,5,5,2018-08-21,2019-01-18,4,1,GLOBAL,0.41,2559,1.0,1.0,1,High Frequency Buyers,-1.7596826391157783,0.8302515915276047
13591000002326,11417,Herbal Lotus Tea Co.,3446998.0,164142.7619047619,8,4,2018-04-20,2021-05-31,7,1,GLOBAL,3.11,1695,2.0,1.0,1,High Frequency Buyers,-1.0702484865353439,0.5767893074227782
13591000002328,11418,White Pearl Hibiscus Beverages B86,897950.02,49886.112222222226,18,17,2018-04-09,2025-07-08,6,1,GLOBAL,7.25,196,1.059,1.0,3,Strategic High-Value,0.16733096118940136,-0.3085168957589605
13591000002338,11423,Herbal Jasmine Distributors 033,650000.0,325000.0,2,2,2021-05-20,2022-01-03,2,1,GLOBAL,0.62,1478,1.0,1.0,1,High Frequency Buyers,-1.4924128990858034,0.6091467528910584
13591000002340,11424,Golden Bud Rosewood Exports BF9,887250.0,15038.135593220339,51,43,2018-04-30,2025-08-28,3,1,FOOD SERVICE,7.33,145,1.186,1.0,3,Strategic High-Value,0.7508078261355087,-0.42955393667458114
13591000002342,11425,Matcha Sage Distributors,144538.0,3361.3488372093025,17,15,2018-06-19,2022-03-07,14,2,FOOD SERVICE,3.72,1415,1.133,0.5,4,High Value One-Off,0.6206301981167969,-0.7208865655742064
13591000002348,11428,Silver Tip Lotus Imports A8C,2375216.77,27301.342183908047,80,49,2018-04-30,2025-09-15,7,2,RETAIL,7.38,127,1.633,0.5,4,High Value One-Off,2.2601386199839313,-1.358532268906283
13591000002350,11429,Assam Willow Holdings A96,1136288.47,15565.595479452055,73,62,2018-04-30,2025-08-15,7,2,FOOD SERVICE,7.29,158,1.177,0.5,4,High Value One-Off,2.4690845551703573,-1.494813408606083
13591000002352,11430,GreenLeaf Clover Holdings 558,32004.0,6400.8,2,2,2018-08-03,2018-09-20,5,2,FOOD SERVICE,0.13,2679,1.0,0.5,1,High Frequency Buyers,-0.5910282777078915,-0.10020819579039315
13591000002354,11431,Golden Bud Hibiscus Distributors 044,497885.0,5594.213483146067,12,9,2018-04-30,2019-09-12,50,1,RETAIL,1.37,2322,1.333,1.0,1,High Frequency Buyers,-1.198574167654431,0.7259996085967855
13591000002356,11432,Ceylon Hibiscus Distributors 8D0,2714375.0,46799.56896551724,20,15,2022-06-30,2025-06-24,16,1,GLOBAL,2.98,210,1.333,1.0,3,Strategic High-Value,-0.3610103773423954,0.09007989574821733
13591000002358,11433,Black Gold Sage Beverages 49E,443680.0,147893.33333333334,1,1,2018-08-09,2018-08-09,3,1,GLOBAL,0.0,2721,1.0,1.0,1,High Frequency Buyers,-1.9669556278477707,0.931759430760709
13591000002366,11437,Oolong Hibiscus Tea Co.,411185.0,12093.676470588236,8,5,2018-06-14,2021-04-28,23,1,GLOBAL,2.87,1728,1.6,1.0,1,High Frequency Buyers,-1.0245292468805922,0.5149193429157893
13591000002370,11439,Ceylon Bamboo Trading 850,12921.0,1076.75,7,7,2024-09-13,2025-07-29,2,1,GLOBAL,0.87,175,1.0,1.0,1,High Frequency Buyers,-0.9009148097881632,0.2149609582475947
13591000002372,11440,GreenLeaf Orchid Tea Co.,168560.0,9915.29411764706,15,13,2018-04-30,2020-01-09,2,1,RETAIL,1.69,2203,1.154,1.0,1,High Frequency Buyers,-1.3019223862068512,0.6224209296543493
13591000002374,11441,White Pearl Orchid Tea Co.,489570.21,5563.297840909091,51,41,2018-04-30,2025-08-06,26,3,FOOD SERVICE,7.27,167,1.244,0.3333,4,High Value One-Off,2.938275438737372,-1.9982964668338634
13591000002376,11442,Herbal Hibiscus Distributors,1489220.0,10341.805555555555,91,58,2018-05-14,2025-09-04,10,3,FOOD SERVICE,7.31,138,1.569,0.3333,4,High Value One-Off,3.271604569366769,-2.0150698581958193
13591000002378,11443,Herbal Rosewood Beverages,958700.0,20841.304347826088,39,34,2018-04-30,2025-05-22,4,1,FOOD SERVICE,7.06,243,1.147,1.0,3,Strategic High-Value,0.4919612511515288,-0.3502441897733481
13591000002382,11445,Assam Willow Tea Co.,2978013.45,13004.425545851529,83,55,2018-04-30,2025-09-18,74,3,RETAIL,7.39,124,1.509,0.3333,4,High Value One-Off,3.5595163707892383,-2.004941052385164
13591000002384,11446,Matcha Palm Tea Works,1250611.33,21940.549649122808,37,20,2018-08-16,2024-06-11,13,3,RETAIL,5.82,588,1.85,0.3333,4,High Value One-Off,2.1404241519778404,-1.600507675970508
13591000002386,11447,Darjeeling Palm Imports,1059665.59,4838.655662100457,19,11,2018-04-30,2025-09-19,51,1,RETAIL,7.39,123,1.727,1.0,3,Strategic High-Value,0.3738469409777403,-0.21733553015881904
13591000002390,11450,Ceylon Clover Beverages 632,10086280.0,360224.28571428574,16,12,2018-10-04,2022-04-26,17,1,GLOBAL,3.56,1365,1.333,1.0,1,High Frequency Buyers,-0.7256572475264278,0.41284602800343273
13591000002396,11454,GreenLeaf Orchid Beverages,230660.0,115330.0,1,1,2019-06-11,2019-06-11,2,1,GLOBAL,0.0,2415,1.0,1.0,1,High Frequency Buyers,-1.8714310711869258,0.8542419083003668
13591000002398,11455,Darjeeling Jasmine Holdings EFC,1158465.0,1158465.0,1,1,2022-07-31,2022-07-31,1,1,GLOBAL,0.0,1269,1.0,1.0,1,High Frequency Buyers,-1.6293664327579365,0.7208864305580762
13591000002400,11456,Matcha Fern Beverages,298900.0,9963.333333333334,21,19,2018-04-30,2025-08-21,4,1,FOOD SERVICE,7.31,152,1.105,1.0,3,Strategic High-Value,0.22774751204304175,-0.3351202530999671
13591000002402,11457,Ceylon Bamboo Trading 3C3,6849107.42,29269.68982905983,172,81,2018-04-30,2025-09-22,23,2,RETAIL,7.4,120,2.123,0.5,4,High Value One-Off,3.1241811374360617,-1.3451255781616689
13591000002406,11459,Assam Clover Imports,1876592.0,9574.448979591836,119,64,2018-04-30,2025-09-29,24,3,FOOD SERVICE,7.42,113,1.859,0.3333,4,High Value One-Off,3.5330103391039396,-1.9898791046721793
13591000002408,11460,GreenLeaf Fern Tea Co. E46,38603324.13,12231.725009505704,292,77,2018-04-30,2025-10-09,104,1,RETAIL,7.44,103,3.792,1.0,3,Strategic High-Value,2.487372827117976,0.21752975010438616
13591000002412,11462,Oolong Lotus Trading 4D8,60744.0,3573.176470588235,3,2,2018-04-30,2018-07-17,17,1,RETAIL,0.21,2744,1.5,1.0,1,High Frequency Buyers,-1.8026022337463559,0.9586245755794688
13591000002416,11464,TeaLeaf Hibiscus Distributors,1116805.04,2302.6908041237116,19,19,2019-08-02,2025-11-07,71,3,RETAIL,6.27,74,1.0,0.3333,4,High Value One-Off,2.585159190970024,-1.8699288109154395
13591000002424,11468,Sencha Fern Exports D29,1601106.28,20013.8285,51,28,2023-05-11,2025-09-22,12,3,FOOD SERVICE,2.37,120,1.821,0.3333,4,High Value One-Off,2.0060490287210757,-1.4706811294505024
13591000002428,11470,TeaLeaf Ivy Tea Works,388.28999999999996,194.14499999999998,2,2,2019-04-18,2024-09-23,1,1,GLOBAL,5.43,484,1.0,1.0,3,Strategic High-Value,-0.5123669587936114,-0.04787763275304265
13591000002432,11472,Sencha Palm Distributors 612,2875980.0,136951.42857142858,12,12,2018-06-11,2024-12-17,7,1,GLOBAL,6.52,399,1.0,1.0,3,Strategic High-Value,-0.10311686594141203,-0.16519317709568584
13591000002436,11475,Ceylon Bamboo Distributors 2F9,63000.0,21000.0,2,2,2022-11-24,2024-02-20,3,1,GLOBAL,1.24,700,1.0,1.0,1,High Frequency Buyers,-1.1235880339987185,0.3358276894655231
13591000002440,11477,Oolong Palm Tea Works 73F,26600.0,26600.0,1,1,2021-01-11,2021-01-11,1,1,GLOBAL,0.0,1835,1.0,1.0,1,High Frequency Buyers,-1.6818107726608256,0.7052689563161617
13591000002442,11478,Matcha Cedar Beverages,65140.74,21713.579999999998,1,1,2021-03-17,2021-03-17,3,1,GLOBAL,0.0,1770,1.0,1.0,1,High Frequency Buyers,-1.6497280453855967,0.6899093051754607
13591000002446,11480,Matcha Rosewood Trading BF3,577.72,577.72,1,1,2018-05-04,2018-05-04,1,1,GLOBAL,0.0,2818,1.0,1.0,1,High Frequency Buyers,-1.9928267550214693,0.9331212159335239
13591000002452,11483,Black Gold Magnolia Imports,488372.32,5251.315268817204,39,27,2018-05-17,2025-10-07,22,3,FOOD SERVICE,7.39,105,1.444,0.3333,4,High Value One-Off,2.6679963580548085,-1.9307515236540833
13591000002458,11486,Ceylon Ivy Distributors A0A,786905.0,131150.83333333334,5,4,2019-02-07,2020-07-10,5,1,GLOBAL,1.42,2020,1.25,1.0,1,High Frequency Buyers,-1.4619192984152758,0.6724187228675762
13591000002464,11490,Black Gold Bamboo Imports 56A,570400.0,285200.0,1,1,2020-11-25,2020-11-25,2,1,GLOBAL,0.0,1882,1.0,1.0,1,High Frequency Buyers,-1.7198980242343727,0.7521938763285313
13591000002466,11491,Silver Tip Jasmine Imports,375249.08999999997,9152.416829268292,28,23,2018-05-16,2025-08-25,19,1,GLOBAL,7.28,148,1.217,1.0,3,Strategic High-Value,0.3999643434547122,-0.33249711809420074
13591000002472,11494,Silver Tip Maple Beverages 11A,72500.0,9062.5,8,7,2018-04-09,2023-04-28,3,1,GLOBAL,5.05,998,1.143,1.0,3,Strategic High-Value,-0.5999683511646966,0.0996597675184258
13591000002474,11495,Assam Ivy Holdings,94654.2,1087.9793103448276,6,4,2021-08-06,2024-10-24,46,2,FOOD SERVICE,3.22,453,1.5,0.5,4,High Value One-Off,0.8209233879538044,-0.8080405104874829
13591000002492,11504,Sencha Ivy Imports 100,25877.48,601.8018604651163,23,16,2023-03-14,2025-09-12,5,1,GLOBAL,2.5,130,1.438,1.0,3,Strategic High-Value,-0.4307968784185327,0.09574317294914546
13591000002496,11506,Oolong Rosewood Imports,1684.35,1684.35,1,1,2019-03-25,2019-03-25,1,1,GLOBAL,0.0,2493,1.0,1.0,1,High Frequency Buyers,-1.889148464686079,0.8568031260374352
13591000002506,11511,TeaLeaf Clover Exports,424673.91000000003,53084.238750000004,6,4,2018-09-12,2020-06-04,4,1,GLOBAL,1.73,2056,1.5,1.0,1,High Frequency Buyers,-1.4133015967986724,0.6754727877015463
13591000002508,11513,Silver Tip Maple Distributors,819486.0,13217.516129032258,60,50,2018-05-15,2025-10-02,5,2,FOOD SERVICE,7.38,110,1.2,0.5,4,High Value One-Off,2.2293370524759215,-1.4578882190444395
13591000002510,11514,Ceylon Willow Holdings,118515.0,14814.375,2,2,2018-06-07,2022-01-20,7,2,FOOD SERVICE,3.62,1461,1.0,0.5,4,High Value One-Off,0.2665671535181716,-0.6594038128966537
13591000002512,11515,Herbal Palm Trading AC2,170580.0,10034.117647058823,12,11,2019-04-24,2024-04-09,4,2,FOOD SERVICE,4.96,651,1.091,0.5,4,High Value One-Off,0.8849265296702964,-0.9862711941601565
13591000002514,11516,Sencha Maple Tea Co. B53,1508536.0,43101.02857142857,35,30,2018-05-17,2025-08-21,5,2,RETAIL,7.26,152,1.167,0.5,4,High Value One-Off,1.7659801877239516,-1.3471954354064706
13591000002516,11517,Golden Bud Willow Exports,1016270.0,48393.80952380953,18,17,2018-04-30,2022-03-14,10,2,RETAIL,3.87,1408,1.059,0.5,4,High Value One-Off,0.6561372422688285,-0.7435912122763078
13591000002518,11518,Darjeeling Jasmine Distributors 4EA,233725.0,46745.0,3,3,2018-04-04,2025-02-20,5,1,GLOBAL,6.88,334,1.0,1.0,3,Strategic High-Value,-0.2359657971317961,-0.1940531736535547
13591000002524,11521,Herbal Fern Tea Co. 4B3,110455.0,7889.642857142857,2,2,2024-03-12,2025-09-25,14,1,GLOBAL,1.54,117,1.0,1.0,1,High Frequency Buyers,-0.8378276454667158,0.17543324837931243
13591000002532,11526,Sencha Palm Imports 53E,181.0,2.873015873015873,11,9,2018-04-30,2025-09-26,62,2,FOOD SERVICE,7.41,116,1.222,0.5,4,High Value One-Off,1.6529781171097113,-1.2717227503782167
13591000002536,11528,Silver Tip Willow Beverages 826,1409127.96,5871.3665,50,38,2018-06-26,2025-06-26,52,1,GLOBAL,7.0,208,1.316,1.0,3,Strategic High-Value,0.854997061280408,-0.3348475849318106
13591000002538,11529,Black Gold Rosewood Beverages 06F,2330350.15,20263.914347826085,18,10,2018-04-19,2025-05-15,68,1,GLOBAL,7.07,250,1.8,1.0,3,Strategic High-Value,0.3672283026018053,-0.1366335694804872
13591000002546,11534,Herbal Jasmine Trading E07,126550.0,14061.111111111111,4,4,2018-04-30,2023-05-29,5,1,FOOD SERVICE,5.08,967,1.0,1.0,3,Strategic High-Value,-0.6498775670486834,0.08701856214870655
13591000002548,11535,White Pearl Ivy Distributors,431550.0,20550.0,16,15,2018-08-15,2025-05-19,4,2,FOOD SERVICE,6.76,246,1.067,0.5,4,High Value One-Off,1.3343339531671639,-1.2419097294567136
13591000002552,11537,Golden Bud Maple Trading 403,6745.0,3372.5,1,1,2019-09-20,2019-09-20,2,1,GLOBAL,0.0,2314,1.0,1.0,1,High Frequency Buyers,-1.8268439284041198,0.8150884797094897
13591000002554,11538,Oolong Fern Beverages E97,14360.0,14360.0,1,1,2018-11-21,2018-11-21,1,1,GLOBAL,0.0,2617,1.0,1.0,1,High Frequency Buyers,-1.9301907921119337,0.8876431052373571
13591000002556,11539,Oolong Magnolia Imports,54600.0,10920.0,4,4,2018-07-17,2020-02-27,2,2,FOOD SERVICE,1.62,2154,1.0,0.5,1,High Frequency Buyers,-0.20122024841802433,-0.35009587657961067
13591000002562,11542,GreenLeaf Bamboo Imports,104052.0,104052.0,1,1,2022-05-06,2022-05-06,1,1,BULK,0.0,1355,1.0,1.0,1,High Frequency Buyers,-1.5372823161874833,0.6025190994916104
13591000002570,11546,Oolong Willow Trading,20135853.47,13143.50748694517,132,29,2018-04-30,2021-03-01,258,3,RETAIL,2.84,1786,4.552,0.3333,4,High Value One-Off,3.1604939963963377,-0.5404357300561299
13591000002574,11548,Ceylon Ivy Trading,69876.76,3882.042222222222,6,6,2018-07-13,2025-09-03,14,3,RETAIL,7.14,139,1.0,0.3333,4,High Value One-Off,2.0946896808616646,-1.8770332334897828
13591000002576,11549,Herbal Magnolia Beverages,742780.0,10611.142857142857,38,36,2018-04-30,2025-09-25,10,3,FOOD SERVICE,7.41,117,1.056,0.3333,4,High Value One-Off,2.7630529473266483,-2.03084934956848
13591000002578,11550,Herbal Magnolia Holdings 9A5,564978.76,3323.404470588235,18,14,2019-08-09,2022-06-13,82,2,RETAIL,2.84,1317,1.286,0.5,4,High Value One-Off,0.8888981720224055,-0.6359676276643916
13591000002580,11551,Darjeeling Cedar Imports,350800.0,29233.333333333332,4,4,2020-03-03,2024-01-10,8,1,GLOBAL,3.85,741,1.0,1.0,3,Strategic High-Value,-0.7244342382975021,0.13432326129611305
13591000002582,11553,Herbal Hibiscus Exports,7680.0,7680.0,1,1,2018-08-09,2018-08-09,1,1,GLOBAL,0.0,2721,1.0,1.0,1,High Frequency Buyers,-1.9626505998680301,0.9112333682367996
13591000002584,11554,Black Gold Maple Trading 0CB,1058850.0,352950.0,3,2,2024-10-02,2024-12-04,2,1,GLOBAL,0.17,412,1.5,1.0,1,High Frequency Buyers,-1.1802150139895489,0.4605940021026674
13591000002586,11555,Silver Tip Clover Imports E35,5876048.6,127740.18695652173,25,21,2018-04-12,2025-02-19,7,1,GLOBAL,6.86,335,1.19,1.0,3,Strategic High-Value,0.18024364712456173,-0.20447686431258774
13591000002596,11560,Black Gold Maple Trading E1F,126400.0,6652.631578947368,5,3,2018-04-09,2018-11-27,11,1,GLOBAL,0.64,2611,1.667,1.0,1,High Frequency Buyers,-1.7028327846521676,0.9098613811014765
13591000002604,11564,Oolong Orchid Beverages 510,274968.0,68742.0,2,2,2018-09-11,2018-10-16,2,1,GLOBAL,0.1,2653,1.0,1.0,1,High Frequency Buyers,-1.9073729759906903,0.8920951684128781
13591000002614,11569,Assam Magnolia Tea Works 31A,111320.0,15902.857142857143,2,2,2018-08-10,2020-12-18,4,1,GLOBAL,2.36,1859,1.0,1.0,1,High Frequency Buyers,-1.3405162328256146,0.5202177535210474
13591000002618,11571,White Pearl Jasmine Exports,429269.56,30662.11142857143,7,5,2018-05-04,2019-05-21,11,1,GLOBAL,1.05,2436,1.4,1.0,1,High Frequency Buyers,-1.5692667395944995,0.8000664047165024
13591000002620,11572,Golden Bud Palm Trading 3DB,102910.0,9355.454545454546,11,6,2018-07-16,2019-12-12,4,1,GLOBAL,1.41,2231,1.833,1.0,1,High Frequency Buyers,-1.4409059773500699,0.7686137019416919
13591000002624,11574,Sencha Magnolia Exports B72,256500.0,256500.0,1,1,2021-02-09,2021-02-09,1,1,GLOBAL,0.0,1806,1.0,1.0,1,High Frequency Buyers,-1.69861496498042,0.7286660116361788
13591000002632,11578,GreenLeaf Fern Distributors,545518.03,90919.67166666668,4,3,2018-05-08,2018-12-05,3,1,GLOBAL,0.58,2603,1.333,1.0,1,High Frequency Buyers,-1.7812751780969156,0.8834307200263994
13591000002648,11586,Ceylon Palm Holdings 266,454400.0,37866.666666666664,9,6,2019-10-01,2022-05-09,9,1,GLOBAL,2.6,1352,1.5,1.0,1,High Frequency Buyers,-1.0022189368192205,0.4323786801964298
13591000002652,11588,Black Gold Lotus Trading 5CD,33600.0,16800.0,2,2,2022-03-12,2022-09-08,2,1,GLOBAL,0.49,1230,1.0,1.0,1,High Frequency Buyers,-1.3963495450536743,0.5186564368910866
13591000002656,11590,Matcha Cedar Tea Co. E3E,1272360.0,24468.46153846154,40,33,2018-08-29,2024-12-17,16,1,GLOBAL,6.3,399,1.212,1.0,3,Strategic High-Value,0.3909303252622278,-0.23445951593841777
13591000002662,11593,Ceylon Bamboo Beverages 8A9,47780.0,15926.666666666666,1,1,2024-07-04,2024-07-04,3,1,GLOBAL,0.0,565,1.0,1.0,1,High Frequency Buyers,-1.264237323146965,0.4055755866679068
13591000002664,11594,Golden Bud Orchid Tea Co. 619,73200.0,24400.0,3,3,2022-06-22,2024-12-04,1,1,GLOBAL,2.45,412,1.0,1.0,1,High Frequency Buyers,-0.8622238648150107,0.1683654049597402
13591000002678,11601,Black Gold Clover Distributors FF2,4319058.57,15048.984564459932,52,19,2018-04-30,2020-02-17,44,2,RETAIL,1.8,2164,2.737,0.5,4,High Value One-Off,0.5122152065488172,-0.14925415438635756
13591000002680,11602,Ceylon Clover Exports 2CC,140848.0,2515.1428571428573,20,13,2018-05-17,2023-12-15,19,2,RETAIL,5.58,767,1.538,0.5,4,High Value One-Off,1.0856807703642615,-0.9547704310286055
13591000002682,11603,Sencha Orchid Tea Works,1311674.0,36435.38888888889,19,16,2018-04-30,2025-09-16,10,3,FOOD SERVICE,7.38,126,1.188,0.3333,4,High Value One-Off,2.337222761257422,-1.9086835917635512
13591000002684,11604,Black Gold Lotus Trading,27942.8,1470.6736842105263,4,4,2019-04-09,2020-09-15,5,1,RETAIL,1.44,1953,1.0,1.0,1,High Frequency Buyers,-1.4420118506124942,0.6031470694401896
13591000002686,11605,Golden Bud Fern Trading,69297.02,2235.387741935484,8,7,2020-04-30,2022-11-15,6,1,RETAIL,2.54,1162,1.143,1.0,1,High Frequency Buyers,-0.9654798016220882,0.3352765406159497
13591000002688,11606,Herbal Ivy Tea Works,143244.9,1351.3669811320754,27,25,2020-05-06,2025-03-28,8,1,RETAIL,4.89,298,1.08,1.0,3,Strategic High-Value,0.011354350791622638,-0.1429759228006974
13591000002690,11607,Darjeeling Ivy Imports,27631.31,3453.91375,1,1,2020-05-29,2020-05-29,4,1,RETAIL,0.0,2062,1.0,1.0,1,High Frequency Buyers,-1.7356713166773707,0.7562496412031888
13591000002696,11610,TeaLeaf Palm Trading,655270.04,2028.6998142414861,78,46,2020-04-29,2025-10-30,8,1,RETAIL,5.5,82,1.696,1.0,3,Strategic High-Value,0.6725258617322669,-0.22444314741688923
13591000002698,11611,Assam Bamboo Tea Co.,4104694.04,19639.684401913877,128,69,2018-04-30,2025-10-09,23,2,RETAIL,7.44,103,1.855,0.5,4,High Value One-Off,2.829569783540545,-1.3876376511974484
13591000002706,11615,Ceylon Rosewood Exports,1171339.03,5856.6951500000005,27,16,2019-07-17,2025-10-31,85,3,RETAIL,6.29,81,1.688,0.3333,4,High Value One-Off,2.647977361343132,-1.7563536296937263
13591000002708,11616,Darjeeling Jasmine Distributors,286540.0,6663.720930232558,32,28,2018-04-30,2024-11-12,16,2,FOOD SERVICE,6.54,434,1.143,0.5,4,High Value One-Off,1.5949945455646841,-1.2291935431883747
13591000002710,11617,Darjeeling Jasmine Beverages,868902.28,21722.557,31,28,2018-05-22,2025-08-13,6,1,RETAIL,7.23,160,1.107,1.0,3,Strategic High-Value,0.4188561812534316,-0.36246191396655486
13591000002714,11619,Silver Tip Hibiscus Distributors 9A1,2350978.0,11813.959798994974,24,13,2018-04-30,2019-07-18,57,2,RETAIL,1.22,2378,1.846,0.5,1,High Frequency Buyers,0.2289272192163369,-0.17039360143562823
13591000002716,11620,Black Gold Sage Trading,950208.0,43191.27272727273,20,9,2018-04-30,2018-12-04,3,2,FOOD SERVICE,0.6,2604,2.222,0.5,1,High Frequency Buyers,-0.28120069786395513,-0.017835833534426932
13591000002718,11621,Golden Bud Clover Tea Works,1166328.0,12959.2,19,17,2018-05-21,2021-03-04,9,1,RETAIL,2.79,1783,1.118,1.0,1,High Frequency Buyers,-0.9000135887997938,0.42148451563070993
13591000002726,11625,GreenLeaf Hibiscus Trading 089,289699.5,28969.95,3,3,2021-01-22,2023-08-31,4,1,BULK,2.6,873,1.0,1.0,1,High Frequency Buyers,-0.973639523555561,0.26737483291738784
13591000002728,11626,White Pearl Jasmine Holdings,3327160.0,17887.956989247312,120,69,2018-04-30,2025-09-03,20,3,FOOD SERVICE,7.35,139,1.739,0.3333,4,High Value One-Off,3.5941001468432496,-2.0121573489737345
13591000002730,11627,White Pearl Sage Beverages,3812381.88,2742.7207769784172,74,54,2019-05-28,2025-10-23,214,3,FOOD SERVICE,6.41,89,1.37,0.3333,4,High Value One-Off,4.153382751710801,-1.9327662989162877
13591000002736,11631,Ceylon Bamboo Tea Works,88020.0,2316.315789473684,9,7,2018-04-30,2022-11-17,19,1,FOOD SERVICE,4.55,1160,1.286,1.0,3,Strategic High-Value,-0.6216606780920041,0.19721344927569717
13591000002738,11632,Golden Bud Fern Tea Works AC0,405864.23,4889.93048192771,44,25,2018-04-30,2024-03-25,9,2,RETAIL,5.9,666,1.76,0.5,4,High Value One-Off,1.3869305918624721,-1.0175367555867507
13591000002740,11633,Darjeeling Palm Tea Co.,1233192.68,9067.593235294116,74,43,2018-04-30,2025-08-04,23,3,FOOD SERVICE,7.26,169,1.721,0.3333,4,High Value One-Off,3.011447593779482,-1.9175409964196783
13591000002742,11634,Black Gold Jasmine Tea Co.,134000.0,3828.5714285714284,21,13,2018-04-30,2020-02-10,3,1,FOOD SERVICE,1.78,2171,1.615,1.0,1,High Frequency Buyers,-1.239923017137745,0.6698111449716871
13591000002744,11635,Herbal Willow Tea Works 73F,707023.4,9685.25205479452,37,31,2018-04-30,2024-07-26,18,2,FOOD SERVICE,6.24,543,1.194,0.5,4,High Value One-Off,1.6012332487024752,-1.1821163421916554
13591000002746,11636,Herbal Cedar Beverages 5B2,577750.0,7045.731707317073,46,29,2018-04-30,2024-05-10,5,1,FOOD SERVICE,6.03,620,1.586,1.0,3,Strategic High-Value,0.1722397124510686,-0.09281473740906476
13591000002748,11639,White Pearl Willow Trading 3F3,82608.66,1180.1237142857144,7,7,2019-06-14,2025-06-09,54,1,RETAIL,5.99,225,1.0,1.0,3,Strategic High-Value,0.032459646505863825,-0.16742327791965242
13591000002752,11642,Herbal Sage Imports F1E,797961.13,132993.52166666667,4,3,2018-12-19,2025-05-30,6,2,RETAIL,6.44,235,1.333,0.5,4,High Value One-Off,1.0553012117580771,-1.1146235253613217
13591000002754,11643,Darjeeling Palm Tea Co. EF2,3557968.0,46207.37662337662,77,65,2018-04-30,2025-10-07,9,2,FOOD SERVICE,7.44,105,1.185,0.5,4,High Value One-Off,2.586015500628204,-1.5121685911138976
13591000002756,11644,Ceylon Willow Holdings 845,214800.0,6137.142857142857,35,32,2018-04-30,2025-09-17,2,1,FOOD SERVICE,7.38,125,1.094,1.0,3,Strategic High-Value,0.512756456605502,-0.4093625685875221
13591000002758,11645,Sencha Orchid Tea Co. BB7,127486.0,4249.533333333334,11,9,2018-04-30,2019-01-24,16,2,RETAIL,0.74,2553,1.222,0.5,1,High Frequency Buyers,-0.2464158236654852,-0.17961915612530002
13591000002762,11647,Sencha Magnolia Distributors,25500.0,2550.0,5,5,2018-04-30,2019-03-19,4,1,FOOD SERVICE,0.88,2499,1.0,1.0,1,High Frequency Buyers,-1.6740889131158068,0.7709201639582524
13591000002764,11648,Silver Tip Willow Exports 8C3,1718741.0,10291.862275449103,73,46,2018-07-31,2025-09-01,22,3,FOOD SERVICE,7.09,141,1.587,0.3333,4,High Value One-Off,3.046651435474575,-1.9431581003172687
13591000002768,11650,Silver Tip Bamboo Beverages 3F6,1531162.0,20974.821917808218,58,48,2018-04-30,2025-10-03,19,3,RETAIL,7.43,109,1.208,0.3333,4,High Value One-Off,3.089409976809839,-2.05460262871199
13591000002772,11652,Sencha Fern Tea Co.,90650.0,11331.25,5,3,2018-07-10,2018-10-25,4,1,FOOD SERVICE,0.29,2644,1.667,1.0,1,High Frequency Buyers,-1.7972222558694684,0.9444295509762264
13591000002774,11653,Black Gold Maple Exports,1546974.0,14594.094339622641,82,70,2018-04-30,2025-09-04,4,2,FOOD SERVICE,7.35,138,1.171,0.5,4,High Value One-Off,2.6400680708078217,-1.539349921753136
13591000002776,11654,Darjeeling Fern Tea Co.,924830.0,21507.674418604653,43,31,2018-04-30,2021-05-03,3,2,FOOD SERVICE,3.01,1723,1.387,0.5,4,High Value One-Off,0.73638029439657,-0.6190966744897984
13591000002778,11655,Matcha Willow Imports FCD,886944.0,27717.0,22,17,2018-04-30,2019-08-02,4,1,RETAIL,1.26,2363,1.294,1.0,1,High Frequency Buyers,-1.3020011633202586,0.7025900296381469
13591000002780,11656,Herbal Jasmine Exports 143,245357.3,20446.441666666666,11,10,2018-04-30,2020-07-08,7,2,FOOD SERVICE,2.19,2022,1.1,0.5,4,High Value One-Off,0.07720263814398716,-0.43782567275523027
13591000002786,11660,Matcha Sage Tea Co. DC0,434575.1,2821.9162337662337,9,9,2018-06-06,2020-02-10,44,2,RETAIL,1.68,2171,1.0,0.5,4,High Value One-Off,0.13333456862703202,-0.3664483482667937
13591000002790,11662,Ceylon Maple Tea Works,24373.47,145.94892215568862,9,7,2019-12-13,2023-09-19,121,2,FOOD SERVICE,3.77,854,1.286,0.5,4,High Value One-Off,1.2138304813572693,-0.7853245652928226
13591000002792,11663,Herbal Fern Distributors EC3,91050.0,7587.5,6,6,2018-04-30,2019-01-09,2,1,FOOD SERVICE,0.7,2568,1.0,1.0,1,High Frequency Buyers,-1.7094282260898956,0.7973264834104072
13591000002794,11664,TeaLeaf Magnolia Distributors,56600.0,8085.714285714285,4,4,2018-07-19,2018-10-22,5,2,FOOD SERVICE,0.26,2647,1.0,0.5,1,High Frequency Buyers,-0.5211328397984525,-0.12700147625079877
13591000002796,11665,White Pearl Bamboo Beverages,2110225.25,14966.136524822696,51,40,2018-04-30,2025-09-23,12,1,RETAIL,7.4,119,1.275,1.0,3,Strategic High-Value,0.7640292167383719,-0.40376214424439044
13591000002798,11666,GreenLeaf Magnolia Exports,191422.0,23927.75,8,7,2018-04-30,2019-01-02,2,2,FOOD SERVICE,0.68,2575,1.143,0.5,1,High Frequency Buyers,-0.3863151791235701,-0.170395834319956
13591000002800,11667,Sencha Bamboo Imports 41F,50000.0,25000.0,2,2,2018-07-05,2018-12-06,1,1,FOOD SERVICE,0.42,2602,1.0,1.0,1,High Frequency Buyers,-1.8499762174976966,0.847926833972463
13591000002802,11668,TeaLeaf Fern Holdings,202550.0,10127.5,17,13,2018-04-30,2020-02-21,2,1,FOOD SERVICE,1.81,2160,1.308,1.0,1,High Frequency Buyers,-1.2609636335776826,0.6240737074673244
13591000002806,11670,Golden Bud Jasmine Holdings,24834.0,3547.714285714286,6,6,2018-08-20,2021-03-03,3,2,FOOD SERVICE,2.54,1784,1.0,0.5,4,High Value One-Off,0.08664199397828716,-0.5198592614632181
13591000002808,11671,Ceylon Palm Imports 5E5,19440.0,3240.0,2,2,2018-08-10,2018-10-01,3,1,GLOBAL,0.14,2668,1.0,1.0,1,High Frequency Buyers,-1.894788534722164,0.8828801624325139
13591000002810,11672,Darjeeling Hibiscus Imports,219379.0,13711.1875,8,8,2019-09-10,2022-10-11,4,1,RETAIL,3.09,1197,1.0,1.0,1,High Frequency Buyers,-0.9044127539319602,0.27922676452187556
13591000002814,11674,Darjeeling Hibiscus Tea Works 7FE,78368.0,7836.8,10,10,2018-05-09,2020-03-20,2,2,FOOD SERVICE,1.86,2132,1.0,0.5,1,High Frequency Buyers,-0.03409591050052151,-0.4025884969905622
13591000002818,11676,Oolong Clover Tea Co.,2824485.0,28244.85,100,81,2018-04-30,2025-10-09,2,1,RETAIL,7.44,103,1.235,1.0,3,Strategic High-Value,1.600988422793118,-0.5931807871555155
13591000002822,11678,GreenLeaf Orchid Tea Co. 9F0,116615.0,4664.6,8,7,2019-11-25,2025-04-16,11,2,FOOD SERVICE,5.39,279,1.143,0.5,4,High Value One-Off,1.0158097629076077,-1.082525111863723
13591000002826,11680,GreenLeaf Lotus Distributors,26428.0,6607.0,3,2,2018-05-08,2019-10-24,3,2,RETAIL,1.46,2280,1.5,0.5,1,High Frequency Buyers,-0.2666904422838123,-0.23813882214854207
13591000002828,11681,Matcha Fern Holdings,1624985.0,7190.199115044248,18,14,2018-05-18,2020-03-03,30,1,RETAIL,1.79,2149,1.286,1.0,1,High Frequency Buyers,-1.0863789078321728,0.6283308670702294
13591000002830,11682,GreenLeaf Sage Trading 60A,19443170.0,13702.02255109232,223,47,2018-04-30,2022-05-25,111,2,RETAIL,4.07,1336,4.745,0.5,4,High Value One-Off,2.314520756615166,-0.12544648817152243
13591000002834,11684,Black Gold Palm Trading,438722.38,54840.2975,7,7,2018-05-16,2019-07-15,5,1,GLOBAL,1.16,2381,1.0,1.0,1,High Frequency Buyers,-1.5563329308357998,0.7209391377945016
13591000002836,11685,Ceylon Jasmine Tea Co.,122675.2,1858.7151515151515,4,4,2019-11-01,2021-09-29,37,2,RETAIL,1.91,1574,1.0,0.5,4,High Value One-Off,0.20937490158447697,-0.5045999943979482
13591000002838,11686,White Pearl Orchid Trading,344203.2,5934.537931034483,23,18,2018-06-15,2025-08-25,15,3,FOOD SERVICE,7.2,148,1.278,0.3333,4,High Value One-Off,2.383477115463836,-1.8942620534507681
13591000002840,11687,Oolong Palm Exports,1325425.0,16363.271604938273,41,32,2018-05-07,2024-02-27,24,1,GLOBAL,5.81,693,1.281,1.0,3,Strategic High-Value,0.26082629975979743,-0.11063760919729781
13591000002842,11688,White Pearl Rosewood Trading 51E,465004.0,7265.6875,43,23,2018-04-30,2020-05-11,6,2,FOOD SERVICE,2.03,2080,1.87,0.5,4,High Value One-Off,0.3757912112554271,-0.35644497893590094
13591000002844,11689,Darjeeling Hibiscus Tea Co. 05A,772750.0,29721.153846153848,26,25,2018-04-30,2025-09-18,2,2,RETAIL,7.39,124,1.04,0.5,4,High Value One-Off,1.6573161656913804,-1.367485110715036
13591000002846,11690,Sencha Maple Trading,44125.17,5515.64625,5,5,2018-04-30,2025-07-07,4,2,RETAIL,7.19,197,1.0,0.5,4,High Value One-Off,1.1884035589275885,-1.2537872795712972
13591000002848,11691,Darjeeling Bamboo Beverages,90688.0,5038.222222222223,16,11,2018-08-21,2020-07-08,8,2,FOOD SERVICE,1.88,2022,1.455,0.5,4,High Value One-Off,0.09016957389577336,-0.37329325071666036
13591000002858,11696,TeaLeaf Clover Trading,386053.05,12064.1578125,28,20,2018-04-30,2025-06-16,9,2,FOOD SERVICE,7.13,218,1.4,0.5,4,High Value One-Off,1.5526665778681685,-1.252771820013072
13591000002860,11697,Herbal Sage Tea Co.,950940.0,13393.521126760563,60,40,2018-06-18,2024-03-12,6,2,FOOD SERVICE,5.73,679,1.5,0.5,4,High Value One-Off,1.6496837518979386,-1.097373546564023
13591000002862,11698,Silver Tip Fern Imports,399328.0,6143.507692307692,28,19,2018-04-30,2020-03-03,14,2,FOOD SERVICE,1.84,2149,1.474,0.5,4,High Value One-Off,0.2521569390083753,-0.367396257246563
13591000002866,11700,Black Gold Hibiscus Tea Co.,2453822.0,188755.53846153847,12,9,2018-08-15,2024-10-28,5,1,GLOBAL,6.2,449,1.333,1.0,3,Strategic High-Value,-0.21966179630240562,-0.06690199947720188
13591000002868,11701,Matcha Bamboo Trading,2323180.05,24199.7921875,35,31,2019-05-29,2025-07-30,8,2,RETAIL,6.17,174,1.129,0.5,4,High Value One-Off,1.6546835544258383,-1.2638150317427699
13591000002870,11702,Assam Fern Holdings,1015496.0,16378.967741935483,43,9,2022-06-13,2023-05-11,17,2,FOOD SERVICE,0.91,985,4.778,0.5,4,High Value One-Off,0.5353904641366688,-0.08913906997551031
13591000002880,11707,Herbal Orchid Beverages,19273588.06,14491.419593984961,185,73,2018-04-30,2025-10-07,146,3,RETAIL,7.44,105,2.534,0.3333,4,High Value One-Off,4.5209136665393475,-1.7556997164895616
13591000002882,11708,Oolong Fern Beverages 306,5961052.0,10349.048611111111,26,17,2018-04-30,2023-12-07,121,1,RETAIL,5.6,775,1.529,1.0,3,Strategic High-Value,0.43383891930957386,0.06759040832819117
13591000002886,11710,Black Gold Rosewood Holdings BA4,99300.0,99300.0,1,1,2019-02-05,2019-02-05,1,1,GLOBAL,0.0,2541,1.0,1.0,1,High Frequency Buyers,-1.9155474076203607,0.8809276131014312
13591000002888,11711,Assam Hibiscus Tea Works,27540.0,27540.0,1,1,2020-12-02,2020-12-02,1,1,RETAIL,0.0,1875,1.0,1.0,1,High Frequency Buyers,-1.6946932001530144,0.7148034167039623
13591000002894,11714,Darjeeling Lotus Beverages,2443125.0,51981.382978723406,28,18,2019-02-11,2025-04-21,16,2,GLOBAL,6.19,274,1.556,0.5,4,High Value One-Off,1.4192964938629362,-1.1165479842568875
13591000002902,11720,Darjeeling Willow Tea Co.,7400.0,3700.0,1,1,2022-01-06,2022-01-06,2,1,FOOD SERVICE,0.0,1475,1.0,1.0,1,High Frequency Buyers,-1.558906584141775,0.6177398946263343
13591000002904,11721,White Pearl Willow Tea Co.,2599754.69,11062.785914893617,36,24,2018-04-30,2025-09-23,91,2,RETAIL,7.4,119,1.5,0.5,4,High Value One-Off,2.157612503457361,-1.2728500832889404
13591000002910,11728,Matcha Magnolia Trading 7B4,7617225.0,692475.0,8,6,2018-07-24,2021-07-27,10,1,GLOBAL,3.01,1638,1.333,1.0,1,High Frequency Buyers,-1.0987725480960469,0.571606377728701
13591000002912,11729,Assam Maple Beverages CEE,254500.0,50900.0,4,4,2018-08-20,2023-11-10,4,1,GLOBAL,5.22,802,1.0,1.0,3,Strategic High-Value,-0.5879709975838997,0.04242041916031273
13591000002914,11730,Sencha Jasmine Beverages A68,110043.85,611.3547222222222,5,5,2019-04-23,2022-06-06,58,2,FOOD SERVICE,3.12,1324,1.0,0.5,4,High Value One-Off,0.581268561515427,-0.6602333825495518
13591000002920,11733,Sencha Maple Distributors 2E8,4289850.0,23314.402173913044,114,66,2018-04-30,2025-10-02,24,3,FOOD SERVICE,7.43,110,1.727,0.3333,4,High Value One-Off,3.570558534614494,-2.0094450772294987
13591000002922,11734,GreenLeaf Lotus Imports 046,2429915.04,7231.89,27,25,2019-04-26,2024-11-18,29,1,RETAIL,5.57,428,1.08,1.0,3,Strategic High-Value,0.17755676977473286,-0.14807471977723766
13591000002926,11740,Ceylon Maple Tea Co. F86,2450.0,2450.0,1,1,2019-02-06,2019-02-06,1,1,FOOD SERVICE,0.0,2540,1.0,1.0,1,High Frequency Buyers,-1.904246897262665,0.867961575747058
13591000002928,11741,Black Gold Ivy Exports,18760231.22,31163.174784053153,240,79,2018-04-30,2025-10-09,72,3,RETAIL,7.44,103,3.038,0.3333,4,High Value One-Off,4.321989947181099,-1.672482064184349
13591000002932,11744,Oolong Orchid Distributors,212928.32,1259.9308875739646,11,9,2020-02-27,2023-10-30,63,2,FOOD SERVICE,3.67,813,1.222,0.5,4,High Value One-Off,0.9447229762616083,-0.8119530326032093
13591000002934,11745,Matcha Lotus Imports,168332.71,1185.4416197183098,7,6,2019-12-19,2025-10-20,97,2,FOOD SERVICE,5.84,92,1.167,0.5,4,High Value One-Off,1.5723514693392069,-1.1409903618960686
13591000002936,11751,Oolong Hibiscus Imports,13663007.97,28464.599937500003,166,73,2018-04-30,2025-08-11,27,3,FOOD SERVICE,7.28,162,2.274,0.3333,4,High Value One-Off,3.798535583731914,-1.8363805614590256
13591000002938,11754,Silver Tip Ivy Tea Works,10400.0,2600.0,4,4,2019-02-22,2020-08-14,1,1,FOOD SERVICE,1.48,1985,1.0,1.0,1,High Frequency Buyers,-1.4684169503447082,0.6069377312476241
13605000007414,12152,Herbal Palm Exports,42510.0,42510.0,1,1,2020-09-03,2020-09-03,1,1,GLOBAL,0.0,1965,1.0,1.0,1,High Frequency Buyers,-1.7251361965749739,0.7379457200780067
13674000004959,12255,Darjeeling Bamboo Tea Co. 7FA,15595.0,7797.5,2,2,2021-06-17,2024-12-31,2,1,GLOBAL,3.54,385,1.0,1.0,3,Strategic High-Value,-0.7246481473500072,0.07870019959970236
13674000004990,12256,Assam Jasmine Imports 8FE,38976.0,5568.0,7,7,2021-05-18,2021-12-02,1,1,RETAIL,0.54,1510,1.0,1.0,1,High Frequency Buyers,-1.3764279262672883,0.5555708863382908
1367660000531,12767,Herbal Rosewood Imports,4306.61,4306.61,1,1,2025-01-27,2025-01-27,1,1,GLOBAL,0.0,358,1.0,1.0,1,High Frequency Buyers,-1.2075349095445806,0.35484108266722003
1367880000010,12708,Matcha Bamboo Distributors C7B,88000.0,88000.0,1,1,2024-11-06,2024-11-06,1,1,GLOBAL,0.0,440,1.0,1.0,1,High Frequency Buyers,-1.2432147796913695,0.3851347769123414
13689000001304,11929,Golden Bud Rosewood Holdings,5525835.2,12558.716363636364,51,26,2019-03-11,2025-06-05,95,2,RETAIL,6.24,229,1.962,0.5,4,High Value One-Off,2.0827478421862295,-1.074544869272808
1369660001165,12869,Golden Bud Clover Tea Co.,55500.0,6166.666666666667,2,1,2025-08-22,2025-08-22,9,2,FOOD SERVICE,0.0,151,2.0,0.5,4,High Value One-Off,0.2641387742772565,-0.5588624082211845
13717000006761,12532,Golden Bud Lotus Exports 11A,1569046.96,224149.5657142857,6,4,2023-07-13,2023-12-19,2,1,GLOBAL,0.44,763,1.5,1.0,1,High Frequency Buyers,-1.1966903404078508,0.5007714338981879
13722000002565,12245,Darjeeling Jasmine Holdings,345615.0,7680.333333333333,22,20,2021-04-27,2025-09-01,8,2,FOOD SERVICE,4.35,141,1.1,0.5,4,High Value One-Off,1.1832615409458833,-1.0967952721879175
13733000001073,12178,Darjeeling Willow Imports,1042344.12,6394.749202453988,48,33,2020-11-05,2024-03-11,15,2,RETAIL,3.35,680,1.455,0.5,4,High Value One-Off,1.229412182138451,-0.8878862465121498
13748000008935,12277,Matcha Jasmine Exports,934660.0,311553.3333333333,2,2,2021-07-15,2021-09-16,3,1,GLOBAL,0.17,1587,1.0,1.0,1,High Frequency Buyers,-1.5785525692435396,0.6703732970899736
13759000012533,12682,Silver Tip Orchid Distributors,2557633.88,46502.43418181818,35,13,2024-09-27,2025-10-09,11,3,FOOD SERVICE,1.03,103,2.692,0.3333,4,High Value One-Off,1.5648512762751634,-1.1874123905188618
13760000001555,12115,Assam Magnolia Tea Works CD7,4516375.5,225818.775,10,7,2020-04-28,2020-12-08,4,1,GLOBAL,0.61,1869,1.429,1.0,1,High Frequency Buyers,-1.4472745927027177,0.7446441543920175
1376330000097,12733,Matcha Sage Holdings,51800.0,10360.0,2,2,2024-12-06,2025-04-28,3,1,GLOBAL,0.39,267,1.0,1.0,1,High Frequency Buyers,-1.0957889410616712,0.2994138404205512
13772000001927,12013,Oolong Maple Beverages,1173460.76,43461.50962962963,19,18,2019-12-09,2025-10-30,5,2,FOOD SERVICE,5.89,82,1.056,0.5,4,High Value One-Off,1.340803213082936,-1.2199689704888264
1384110000013,12713,Darjeeling Maple Exports 7C0,2557627.14,213135.595,12,7,2024-11-18,2025-08-06,2,1,GLOBAL,0.71,167,1.714,1.0,1,High Frequency Buyers,-0.8863082602487871,0.35922678377363354
13846000001374,11959,Sencha Jasmine Beverages,2423.06,403.8433333333333,4,2,2019-10-07,2020-02-29,4,1,GLOBAL,0.4,2152,2.0,1.0,1,High Frequency Buyers,-1.6246573891096665,0.8624918515259541
13846000001400,11960,Black Gold Rosewood Distributors,37005.25,4111.694444444444,1,1,2019-10-01,2019-10-01,9,1,RETAIL,0.0,2303,1.0,1.0,1,High Frequency Buyers,-1.786126882605863,0.8138738205848302
13854000001986,12172,Assam Palm Distributors B5A,6490.42,649.042,10,10,2020-10-05,2025-02-28,1,1,GLOBAL,4.4,326,1.0,1.0,3,Strategic High-Value,-0.4264673738308289,-0.04152977655521297
13859000001858,12189,Golden Bud Fern Beverages,2298510.0,208955.45454545456,10,2,2020-12-04,2021-01-01,9,1,GLOBAL,0.08,1845,5.0,1.0,1,High Frequency Buyers,-1.3622157916708297,1.221501070256406
13863000010719,12559,Oolong Clover Imports,179272.5,89636.25,2,1,2023-11-03,2023-11-03,2,1,BULK,0.0,809,2.0,1.0,1,High Frequency Buyers,-1.2908366413339005,0.5933120638127699
13878000002831,12391,Golden Bud Clover Beverages 2D0,316.74,79.185,1,1,2022-09-30,2022-09-30,4,1,GLOBAL,0.0,1208,1.0,1.0,1,High Frequency Buyers,-1.4626025749401244,0.5547391619619414
1389880000056,12731,Black Gold Maple Tea Co.,2023614.3699999999,10938.456054054053,9,6,2024-12-05,2025-08-22,48,1,RETAIL,0.71,151,1.5,1.0,1,High Frequency Buyers,-0.6515242604167503,0.3106770692675768
13926000003426,12265,Black Gold Willow Holdings CAB,14800.0,3700.0,1,1,2021-06-17,2021-06-17,4,1,GLOBAL,0.0,1678,1.0,1.0,1,High Frequency Buyers,-1.6130938216091264,0.6658585967431929
13937000002545,12284,Matcha Sage Beverages B48,17700.0,2528.5714285714284,1,1,2021-08-03,2021-08-03,7,1,FOOD SERVICE,0.0,1631,1.0,1.0,1,High Frequency Buyers,-1.581997067728166,0.6551420614322662
13981000004938,12485,GreenLeaf Maple Trading,28000.0,28000.0,1,1,2023-02-01,2023-02-01,1,1,GLOBAL,0.0,1084,1.0,1.0,1,High Frequency Buyers,-1.4421029667907797,0.5287633548924373
13981000004981,12486,Sencha Bamboo Holdings 9A5,377734.0,31477.833333333332,11,9,2023-02-01,2025-10-07,5,1,GLOBAL,2.68,105,1.222,1.0,3,Strategic High-Value,-0.5686766987149657,0.08227833493790586
13997000008208,12639,Matcha Hibiscus Distributors 305,884221.2,1710.2924564796904,20,6,2024-09-06,2025-07-31,175,2,FOOD SERVICE,0.9,173,3.333,0.5,4,High Value One-Off,1.462504281060848,-0.44159100346399716
13997000008222,12640,Darjeeling Hibiscus Tea Works,303809.85,1819.2206586826346,8,5,2024-08-14,2025-09-02,72,1,FOOD SERVICE,1.05,140,1.6,1.0,1,High Frequency Buyers,-0.49532142383008254,0.29022135450164765
14005000004679,12437,Ceylon Jasmine Trading,489100.0,122275.0,2,2,2022-08-29,2024-01-10,4,1,GLOBAL,1.37,741,1.0,1.0,1,High Frequency Buyers,-1.1247073230494988,0.35067370844436135
1402660000028,12714,White Pearl Fern Trading,102000.0,12750.0,3,3,2024-11-19,2025-10-03,6,1,FOOD SERVICE,0.87,109,1.0,1.0,1,High Frequency Buyers,-0.9450667565689311,0.2208576593403504
14037000001332,12179,Black Gold Bamboo Exports 83D,136200.0,19457.14285714286,3,3,2020-11-05,2022-02-21,5,1,GLOBAL,1.3,1429,1.0,1.0,1,High Frequency Buyers,-1.3161442595479342,0.49848378203761456
1406550000346,12801,Matcha Maple Distributors 258,1958400.0,652800.0,2,1,2025-03-26,2025-03-26,2,1,GLOBAL,0.0,300,2.0,1.0,1,High Frequency Buyers,-1.1881428106761351,0.5549086865312564
14122000002884,12438,Assam Sage Trading 2EF,1337800.0,74322.22222222222,10,9,2022-08-29,2024-11-20,3,1,GLOBAL,2.23,426,1.111,1.0,1,High Frequency Buyers,-0.7506886787370499,0.18950076480799652
14131000000588,11961,Matcha Willow Distributors,18600.0,9300.0,1,1,2019-06-06,2019-06-06,2,1,GLOBAL,0.0,2420,1.0,1.0,1,High Frequency Buyers,-1.8613526277632009,0.8408422214030584
14161000002729,11943,Golden Bud Orchid Tea Co. E44,150480.0,50160.0,2,2,2019-04-09,2019-07-23,2,1,GLOBAL,0.29,2373,1.0,1.0,1,High Frequency Buyers,-1.7912121680423798,0.8081930353769077
14162000017130,12669,Darjeeling Fern Holdings 5FE,87600.0,3504.0,3,3,2024-08-30,2025-04-29,9,1,GLOBAL,0.66,266,1.0,1.0,1,High Frequency Buyers,-1.005838925404476,0.27353838680340453
14181000000812,12010,Sencha Cedar Distributors 354,7541728.52,260059.60413793102,11,9,2019-11-15,2024-08-28,25,2,RETAIL,4.79,510,1.222,0.5,4,High Value One-Off,0.9805562352357996,-0.9007031307352489
1419990000156,12771,Golden Bud Fern Holdings,78420.0,15684.0,1,2,2025-10-20,2025-12-01,5,2,RETAIL,0.11,50,0.5,0.5,4,High Value One-Off,0.2123216971836966,-0.776605042525684
14211000000652,11930,Black Gold Ivy Holdings,194.35,194.35,1,1,2019-03-08,2019-03-08,1,1,GLOBAL,0.0,2510,1.0,1.0,1,High Frequency Buyers,-1.8944092597650717,0.8606069001974607
1421880000094,12746,Herbal Jasmine Tea Works,12420894.72,136493.3485714286,84,5,2024-12-21,2025-05-15,3,1,GLOBAL,0.4,250,16.8,1.0,1,High Frequency Buyers,0.07228571683179516,2.3570834431773435
14220000009287,12609,Silver Tip Willow Exports,10516.16,584.2311111111111,10,8,2024-04-02,2025-10-31,3,1,RETAIL,1.58,81,1.25,1.0,1,High Frequency Buyers,-0.7333513698199966,0.16479249764534262
14220000009300,12610,Ceylon Bamboo Distributors,669444.95,2848.701914893617,13,9,2024-06-05,2025-10-20,63,2,RETAIL,1.37,92,1.444,0.5,4,High Value One-Off,0.8897811410040424,-0.7686388977083399
1425220000225,12796,Matcha Maple Trading,81000.0,40500.0,2,2,2025-03-21,2025-07-17,1,1,RETAIL,0.32,187,1.0,1.0,1,High Frequency Buyers,-1.0934828310380604,0.28974061987678745
14268000000638,11871,Sencha Palm Exports,60000.0,60000.0,1,1,2018-09-17,2018-09-17,1,1,GLOBAL,0.0,2682,1.0,1.0,1,High Frequency Buyers,-1.9561263309896202,0.9089351151457999
14287000002124,12219,Ceylon Sage Trading 03A,653150.04,93307.14857142858,7,3,2021-03-05,2021-06-30,2,1,GLOBAL,0.32,1665,2.333,1.0,1,High Frequency Buyers,-1.4547720626894949,0.8070681060239506
14313000000010,11826,Oolong Jasmine Tea Works,1174705.78,26697.85863636364,7,4,2018-07-11,2021-12-14,28,1,GLOBAL,3.43,1498,1.75,1.0,1,High Frequency Buyers,-0.861861865218024,0.4465410527959162
14313000000037,11827,Golden Bud Bamboo Tea Works D6D,8285750.0,753250.0,5,5,2018-08-06,2023-04-11,10,1,GLOBAL,4.68,1015,1.0,1.0,1,High Frequency Buyers,-0.7294168369188109,0.2677149130276802
14313000000089,11828,TeaLeaf Lotus Holdings 922,133735.0,13373.5,5,3,2018-08-01,2020-01-31,7,1,GLOBAL,1.5,2181,1.667,1.0,1,High Frequency Buyers,-1.4744862669012841,0.7413060025675495
14313000000149,11829,Ceylon Cedar Imports 93D,1702750.0,113516.66666666667,12,9,2018-06-19,2025-06-16,6,1,GLOBAL,6.99,218,1.333,1.0,3,Strategic High-Value,-0.030427314074612827,-0.19719491249864876
14322000003939,12350,Assam Lotus Tea Works,698464.18,3858.9181215469616,10,8,2022-03-11,2025-10-09,34,1,FOOD SERVICE,3.58,103,1.25,1.0,3,Strategic High-Value,-0.3109755745536522,0.022066503597405005
1436770000747,12870,Assam Orchid Holdings A55,47457.63,47457.63,1,1,2025-08-12,2025-08-12,1,1,GLOBAL,0.0,161,1.0,1.0,1,High Frequency Buyers,-1.1495064383471385,0.314164531916225
14372000009340,12594,GreenLeaf Jasmine Tea Co. 008,2746650.0,686662.5,4,4,2024-05-21,2025-05-19,3,1,GLOBAL,0.99,246,1.0,1.0,1,High Frequency Buyers,-1.0376086356875742,0.3389347722545747
14377000013069,12618,Silver Tip Bamboo Trading 132,393739.0,18749.47619047619,9,9,2024-04-22,2025-09-29,7,3,FOOD SERVICE,1.44,113,1.0,0.3333,4,High Value One-Off,1.380113300510141,-1.4461679474126967
1440110000786,12875,GreenLeaf Sage Trading,161093.1,16109.310000000001,4,2,2025-08-22,2025-09-18,6,1,RETAIL,0.07,124,2.0,1.0,1,High Frequency Buyers,-1.010976817197228,0.41455643002277837
14409000001082,12231,Sencha Cedar Holdings,84142.8,467.46000000000004,8,4,2021-07-05,2022-08-18,107,1,FOOD SERVICE,1.12,1251,2.0,1.0,1,High Frequency Buyers,-0.6505532806133734,0.6037704628991983
14409000001093,12232,Black Gold Rosewood Distributors 274,3899074.46,10153.839739583333,130,53,2021-03-22,2025-09-18,169,2,RETAIL,4.49,124,2.453,0.5,4,High Value One-Off,2.9214959000873817,-0.9600646403834852
14409000001162,12233,Ceylon Lotus Holdings,388153.48,7763.0696,11,11,2021-05-24,2025-09-04,5,1,RETAIL,4.28,138,1.0,1.0,3,Strategic High-Value,-0.33916792455488626,-0.07720231609036227
14422000008588,12655,Golden Bud Fern Trading 99F,186901.0,186901.0,1,1,2024-07-31,2024-07-31,1,1,GLOBAL,0.0,538,1.0,1.0,1,High Frequency Buyers,-1.2857292687714548,0.42119184477760213
14425000000829,12035,Assam Willow Beverages EC3,109800.0,54900.0,2,2,2020-01-17,2020-02-01,1,1,GLOBAL,0.04,2180,1.0,1.0,1,High Frequency Buyers,-1.7684217107403504,0.7826430834820957
14429000000667,11890,Black Gold Hibiscus Trading FBC,97750.0,97750.0,1,1,2019-01-22,2019-01-22,1,1,GLOBAL,0.0,2555,1.0,1.0,1,High Frequency Buyers,-1.919843211155753,0.884017682939199
14450000003036,11970,Black Gold Orchid Tea Works,3750000.0,3750000.0,1,1,2019-06-26,2019-06-26,1,1,GLOBAL,0.0,2400,1.0,1.0,1,High Frequency Buyers,-2.2844387546796465,1.327632390706445
14456000000010,11797,Matcha Ivy Tea Co.,1527789.86,3292.6505603448277,44,40,2019-05-21,2025-10-08,91,2,FOOD SERVICE,6.38,104,1.1,0.5,4,High Value One-Off,2.335779790648009,-1.3369386933074396
1451330000070,12712,Ceylon Fern Exports F17,32450.0,32450.0,1,1,2024-11-12,2024-11-12,1,1,GLOBAL,0.0,434,1.0,1.0,1,High Frequency Buyers,-1.234999993732747,0.37642119070207164
14514000001716,12399,Oolong Willow Exports 84F,1654009.0,63615.730769230766,13,9,2022-05-09,2025-06-17,24,1,GLOBAL,3.11,217,1.444,1.0,3,Strategic High-Value,-0.4308458252491892,0.11858239429140117
14518000007472,12554,GreenLeaf Lotus Beverages C7C,801238.83,21085.232368421053,10,7,2024-06-17,2025-08-20,15,3,RETAIL,1.17,153,1.429,0.3333,4,High Value One-Off,1.362448814519556,-1.347063376762254
14520000002132,12333,Silver Tip Fern Holdings 49F,2126753.09,17290.675528455282,29,22,2021-12-17,2025-09-09,50,2,RETAIL,3.73,133,1.318,0.5,4,High Value One-Off,1.3926140471240127,-1.0082354612080346
14520000002143,12334,Herbal Maple Holdings 1D7,418479.0,4810.103448275862,4,3,2022-01-21,2022-03-30,32,1,RETAIL,0.19,1392,1.333,1.0,1,High Frequency Buyers,-1.28203219707613,0.6221781559703217
14546000007966,12496,Oolong Clover Beverages,136745.0,4021.9117647058824,5,4,2023-05-04,2025-08-29,17,2,RETAIL,2.32,144,1.25,0.5,4,High Value One-Off,0.6302930270641657,-0.844973474643741
1455660000388,12788,Ceylon Bamboo Trading 7D3,126000.0,63000.0,2,2,2025-03-03,2025-06-26,1,1,GLOBAL,0.31,208,1.0,1.0,1,High Frequency Buyers,-1.1039818889054707,0.2985610405319835
14573000005544,12538,Assam Willow Distributors,581200.92,7175.320000000001,17,16,2023-12-21,2025-11-24,6,1,FOOD SERVICE,1.93,57,1.062,1.0,3,Strategic High-Value,-0.5046229046585652,0.07504394271997937
14574000004692,12285,GreenLeaf Orchid Trading 4AF,462343.5,462343.5,1,1,2021-08-04,2021-08-04,1,1,GLOBAL,0.0,1630,1.0,1.0,1,High Frequency Buyers,-1.6657403259512817,0.7143158277874845
14580000001706,12050,GreenLeaf Clover Holdings B56,11750.0,11750.0,1,1,2020-02-06,2020-02-06,1,1,GLOBAL,0.0,2175,1.0,1.0,1,High Frequency Buyers,-1.7887217455545474,0.7833095911422907
1459330000382,12797,Sencha Palm Holdings,85250.0,14208.333333333334,4,3,2025-03-21,2025-09-23,3,2,GLOBAL,0.51,119,1.333,0.5,4,High Value One-Off,0.30863937776478245,-0.6951224203719651
14630000002793,12122,GreenLeaf Sage Distributors,25700.0,12850.0,2,2,2021-02-18,2021-09-14,1,1,GLOBAL,0.57,1589,1.0,1.0,1,High Frequency Buyers,-1.5053775094716568,0.5961265235621043
1465770000582,12773,Oolong Orchid Beverages 9B1,10000.0,10000.0,1,1,2025-02-07,2025-02-07,1,1,FOOD SERVICE,0.0,347,1.0,1.0,1,High Frequency Buyers,-1.2046670833221753,0.353001471699973
1466110000110,12737,TeaLeaf Sage Beverages,202230.0,28890.0,6,4,2025-06-17,2025-10-10,3,2,RETAIL,0.31,102,1.5,0.5,4,High Value One-Off,0.3192588235555426,-0.6643323340456074
14665000000703,11807,TeaLeaf Sage Holdings,35728.44,2101.672941176471,2,2,2021-02-09,2022-08-04,14,1,RETAIL,1.48,1265,1.0,1.0,1,High Frequency Buyers,-1.211948525454872,0.44906964158895285
14687000002545,12032,White Pearl Lotus Holdings 93B,202800.0,101400.0,2,2,2020-01-07,2020-05-18,1,1,GLOBAL,0.36,2073,1.0,1.0,1,High Frequency Buyers,-1.6973133568404422,0.7386900864111864
14690000008322,12670,Ceylon Bamboo Imports 9B5,166000.0,166000.0,1,1,2024-08-30,2024-08-30,1,1,GLOBAL,0.0,508,1.0,1.0,1,High Frequency Buyers,-1.273777571212186,0.41138627024053176
14690000008347,12671,GreenLeaf Jasmine Imports DA0,338000.0,169000.0,2,2,2024-08-30,2024-12-06,2,1,GLOBAL,0.27,410,1.0,1.0,1,High Frequency Buyers,-1.1801156987751587,0.3639613218517778
14707000003001,12335,White Pearl Hibiscus Beverages E15,3153000.0,788250.0,4,3,2021-12-20,2022-12-29,3,1,GLOBAL,1.02,1118,1.333,1.0,1,High Frequency Buyers,-1.3219707253315784,0.6026078128648267
14715000006747,12555,Sencha Hibiscus Holdings 793,434825.0,144941.66666666666,2,2,2023-11-14,2024-03-01,3,1,GLOBAL,0.3,690,1.0,1.0,1,High Frequency Buyers,-1.25716824867286,0.4252003421392674
14720000010985,12220,Ceylon Magnolia Distributors E77,131725.0,9408.92857142857,4,4,2021-02-22,2022-04-28,7,3,FOOD SERVICE,1.18,1363,1.0,0.3333,4,High Value One-Off,0.840166065918665,-1.110879774374297
14736000003160,12241,Ceylon Bamboo Tea Co. 6FD,277000.0,138500.0,2,1,2021-04-16,2021-04-20,2,1,GLOBAL,0.01,1736,2.0,1.0,1,High Frequency Buyers,-1.5909833481694995,0.8173403953058156
14736000003172,12242,Sencha Maple Trading 504,322000.0,322000.0,1,1,2021-04-19,2021-04-19,1,1,GLOBAL,0.0,1737,1.0,1.0,1,High Frequency Buyers,-1.6840031942248799,0.7210420724731724
14737000000149,11794,White Pearl Hibiscus Tea Co.,132650.0,16581.25,4,4,2018-04-25,2025-05-06,8,1,GLOBAL,7.03,259,1.0,1.0,3,Strategic High-Value,-0.15181793043438105,-0.23211805385084008
14737000000177,11793,Oolong Sage Trading,17970132.48,253100.45746478875,60,37,2018-04-06,2025-08-04,31,1,GLOBAL,7.33,169,1.622,1.0,3,Strategic High-Value,0.8310499156343875,-0.18690209466408728
14737000000217,11764,TeaLeaf Lotus Trading,2089521.61,208952.16100000002,7,5,2018-12-04,2025-10-09,6,1,GLOBAL,6.85,103,1.4,1.0,3,Strategic High-Value,-0.10383619836134708,-0.1734762548087965
14737000000404,11765,Silver Tip Willow Beverages 25E,31450.0,10483.333333333334,2,2,2022-10-14,2024-06-27,2,1,GLOBAL,1.7,572,1.0,1.0,1,High Frequency Buyers,-1.0264430718153366,0.2678631640299225
14737000000497,11766,Ceylon Jasmine Beverages 48E,27141.5,1005.2407407407408,13,11,2018-07-24,2024-09-24,21,1,GLOBAL,6.17,483,1.182,1.0,3,Strategic High-Value,-0.10320382778331846,-0.12089912567379679
14737000000590,11770,Herbal Cedar Tea Works 883,27950.0,3105.5555555555557,7,7,2018-11-14,2020-11-06,5,1,GLOBAL,1.98,1901,1.0,1.0,1,High Frequency Buyers,-1.2905688672920061,0.5345442121749352
14737000000683,11795,Golden Bud Maple Trading,122563.0,24512.6,2,2,2018-04-06,2021-09-24,5,1,GLOBAL,3.47,1579,1.0,1.0,1,High Frequency Buyers,-1.100867576597622,0.3683332160225925
14775000002429,12590,GreenLeaf Rosewood Imports,1550604.72,20137.723636363637,16,13,2024-01-23,2025-09-11,23,2,FOOD SERVICE,1.63,131,1.231,0.5,4,High Value One-Off,0.7708527500763047,-0.8242032816635019
14782000001936,12003,Darjeeling Lotus Tea Co. 568,54300.0,6787.5,3,3,2019-10-08,2020-12-18,5,1,GLOBAL,1.2,1859,1.0,1.0,1,High Frequency Buyers,-1.4654160230473516,0.6054346021201853
14784000001301,11953,Matcha Rosewood Holdings,13064.0,1866.2857142857142,4,3,2019-12-31,2020-03-02,5,2,RETAIL,0.17,2150,1.333,0.5,1,High Frequency Buyers,-0.3729061124657513,-0.192208519718806
14789000006004,12385,White Pearl Orchid Beverages B60,360200.02,6105.085084745763,8,8,2022-04-20,2025-07-18,16,1,GLOBAL,3.24,186,1.0,1.0,3,Strategic High-Value,-0.4966871909951669,0.03134432682680086
14804000007818,12574,Matcha Lotus Distributors,99428.66,1988.5732,15,12,2024-02-01,2025-10-16,12,2,FOOD SERVICE,1.71,96,1.25,0.5,4,High Value One-Off,0.7113399040497173,-0.8445103835825408
14805000001723,11917,Golden Bud Palm Trading,5313.6,2656.8,2,2,2020-02-07,2020-11-03,1,1,FOOD SERVICE,0.74,1904,1.0,1.0,1,High Frequency Buyers,-1.5825240888512422,0.6554638609680775
14832000001099,11931,Oolong Fern Imports 9FF,53900.0,3170.5882352941176,17,15,2019-10-14,2022-03-07,4,1,FOOD SERVICE,2.4,1415,1.133,1.0,1,High Frequency Buyers,-0.9045330029285397,0.36805478486101656
14832000001124,11932,Herbal Rosewood Exports,249548.0,3465.9444444444443,45,30,2019-03-15,2024-06-24,10,2,FOOD SERVICE,5.28,575,1.5,0.5,4,High Value One-Off,1.4265908222644916,-1.0508722392847338
1483770000226,12774,White Pearl Sage Imports,276694.92000000004,46115.82000000001,3,2,2025-02-18,2025-09-03,2,2,GLOBAL,0.54,139,1.5,0.5,4,High Value One-Off,0.28712984580944967,-0.6631840744731312
14858000008544,12417,Ceylon Hibiscus Holdings,2070590.0,98599.52380952382,14,11,2022-06-16,2025-09-17,12,1,GLOBAL,3.26,125,1.273,1.0,3,Strategic High-Value,-0.4172236934074225,0.05906664044929825
14858000008678,12418,Matcha Clover Beverages ECD,1914005.0,50368.55263157895,11,7,2022-07-18,2023-06-08,20,1,GLOBAL,0.89,957,1.571,1.0,1,High Frequency Buyers,-1.0123712795130237,0.49111453279048206
14865000004215,12464,Assam Rosewood Holdings,58650.0,19550.0,2,2,2022-11-28,2022-12-06,2,1,GLOBAL,0.02,1141,1.0,1.0,1,High Frequency Buyers,-1.4299279546482042,0.53518323968197
14892000008591,12497,Darjeeling Ivy Distributors,196250.0,39250.0,3,3,2023-03-08,2025-03-10,4,1,GLOBAL,2.01,316,1.0,1.0,1,High Frequency Buyers,-0.8747761795609094,0.18346410449961037
1489990000637,12852,Sencha Fern Beverages,209544.0,104772.0,2,1,2025-08-14,2025-08-14,1,1,GLOBAL,0.0,159,2.0,1.0,1,High Frequency Buyers,-1.0902087805931358,0.44230877065538055
14908000012023,12560,Sencha Orchid Exports,182280.0,182280.0,1,1,2023-12-22,2023-12-22,1,1,GLOBAL,0.0,760,1.0,1.0,1,High Frequency Buyers,-1.3561112823841506,0.4728149118567958
14917000004314,12299,Ceylon Cedar Tea Co. 124,795000.0,795000.0,1,1,2021-09-30,2021-09-30,1,1,GLOBAL,0.0,1573,1.0,1.0,1,High Frequency Buyers,-1.685252233901803,0.7446324178786842
14934000001510,11883,Sencha Bamboo Distributors,2842.5,568.5,1,1,2021-06-23,2021-06-23,5,1,RETAIL,0.0,1672,1.0,1.0,1,High Frequency Buyers,-1.6055382309058954,0.6641390858204418
14943000000073,11848,Oolong Willow Distributors 611,6771512.17,33857.56085,139,71,2018-07-23,2025-10-03,14,2,RETAIL,7.2,109,1.958,0.5,4,High Value One-Off,2.8114210443762913,-1.3362043742796819
14955000004272,12392,Ceylon Lotus Tea Co. ECD,534900.0,24313.636363636364,22,20,2022-05-05,2025-09-23,3,2,FOOD SERVICE,3.39,119,1.1,0.5,4,High Value One-Off,1.0362417688591765,-1.0240158381437732
14965000010331,12641,White Pearl Hibiscus Distributors,127322.03,63661.015,2,2,2024-05-28,2024-08-09,2,1,GLOBAL,0.2,529,1.0,1.0,1,High Frequency Buyers,-1.2157236667687716,0.3829839011425274
14974000013799,12509,Darjeeling Sage Exports,112100.0,3396.969696969697,24,16,2023-11-30,2025-10-07,12,2,FOOD SERVICE,1.85,105,1.5,0.5,4,High Value One-Off,0.8319267342838585,-0.8355885162689454
14974000013811,12510,Sencha Clover Exports,542790.0,41753.07692307692,13,9,2023-05-04,2024-10-29,4,1,RETAIL,1.49,448,1.444,1.0,1,High Frequency Buyers,-0.8248626578860138,0.28778684161280865
14974000013824,12511,Darjeeling Magnolia Holdings,363825.0,27986.53846153846,13,13,2023-05-16,2025-06-19,1,1,RETAIL,2.09,215,1.0,1.0,3,Strategic High-Value,-0.6325473921498785,0.10554352424374049
14986000010403,12703,Darjeeling Rosewood Beverages,492894.92,54766.102222222224,9,7,2024-12-02,2025-09-12,2,2,FOOD SERVICE,0.78,130,1.286,0.5,4,High Value One-Off,0.41505055363987636,-0.729467872692123
14987000002297,12132,Matcha Willow Imports 34C,38000.0,38000.0,1,1,2020-07-09,2020-07-09,1,1,GLOBAL,0.0,2021,1.0,1.0,1,High Frequency Buyers,-1.742511027473764,0.7505281470041479
14997000001285,12439,Oolong Palm Imports,507464.51,4832.995333333333,11,10,2022-10-08,2025-10-17,24,2,RETAIL,3.03,95,1.1,0.5,4,High Value One-Off,0.896067977007585,-0.9549824900489676
15031000003326,12004,Herbal Rosewood Tea Works,3160689.58,31293.956237623763,53,27,2020-01-20,2025-09-10,16,2,RETAIL,5.64,132,1.963,0.5,4,High Value One-Off,1.6274053633251935,-1.0777255455303507
15031000003338,12005,Ceylon Maple Tea Co. BDF,437442.0,43744.2,5,5,2022-07-21,2023-08-23,2,2,GLOBAL,1.09,881,1.0,0.5,4,High Value One-Off,0.15449603484206592,-0.6061842264537164
15043000003488,12308,Herbal Maple Beverages,66000.0,66000.0,1,1,2024-08-14,2024-08-14,1,1,GLOBAL,0.0,524,1.0,1.0,1,High Frequency Buyers,-1.2675496406571605,0.4020058029191923
15054000004473,12324,Matcha Clover Tea Co. F7F,12800.0,12800.0,1,1,2021-12-02,2021-12-02,1,1,GLOBAL,0.0,1510,1.0,1.0,1,High Frequency Buyers,-1.576442328419117,0.626991415705893
15095000001861,11992,Silver Tip Maple Holdings,176930.0,9312.105263157895,12,9,2019-10-10,2023-02-06,10,1,GLOBAL,3.33,1079,1.333,1.0,1,High Frequency Buyers,-0.7579911397103974,0.2716389225764407
15126000006100,12515,Ceylon Bamboo Exports F38,57750.0,28875.0,2,2,2023-05-11,2023-10-20,2,1,GLOBAL,0.44,823,1.0,1.0,1,High Frequency Buyers,-1.274255749627059,0.428493508414716
15132000000474,11896,TeaLeaf Sage Beverages 5CA,22500.0,22500.0,1,1,2018-11-12,2018-11-12,1,1,GLOBAL,0.0,2626,1.0,1.0,1,High Frequency Buyers,-1.9339882930075099,0.8908305464275363
15162000003254,12419,TeaLeaf Orchid Beverages,14559.38,970.6253333333333,1,1,2022-07-02,2022-07-02,14,1,RETAIL,0.0,1298,1.0,1.0,1,High Frequency Buyers,-1.4382756493020166,0.5776803809550705
15163000002650,11998,Matcha Rosewood Imports 4D8,878262.5,38185.32608695652,9,6,2019-09-27,2021-03-03,6,1,GLOBAL,1.43,1784,1.5,1.0,1,High Frequency Buyers,-1.3085462396613063,0.6281707900942959
15164000008964,12566,Silver Tip Hibiscus Exports 899,12386327.0,495453.08,23,10,2023-11-08,2025-09-25,12,1,GLOBAL,1.88,117,2.3,1.0,1,High Frequency Buyers,-0.5566482974260735,0.4178434438640884
15167000003615,12257,Sencha Willow Imports EE1,585990.0,45076.153846153844,2,2,2021-05-20,2022-01-19,8,1,RETAIL,0.67,1462,1.0,1.0,1,High Frequency Buyers,-1.4164095207831302,0.5668957350317686
15172000003499,12512,Ceylon Sage Imports,37990.5,18995.25,2,1,2023-04-26,2023-04-26,1,1,GLOBAL,0.0,1000,2.0,1.0,1,High Frequency Buyers,-1.3493757287321015,0.628381107532252
15179000000479,12117,Golden Bud Lotus Exports FC1,384000.0,192000.0,2,2,2020-05-11,2020-06-10,2,1,GLOBAL,0.08,2050,1.0,1.0,1,High Frequency Buyers,-1.731427220877441,0.7679154399961512
1518220000641,12847,GreenLeaf Sage Tea Co. 5B8,33884.0,11294.666666666666,1,1,2025-07-14,2025-07-14,3,1,GLOBAL,0.0,190,1.0,1.0,1,High Frequency Buyers,-1.14396883974544,0.3166837455192836
15208000000043,11799,White Pearl Hibiscus Exports,17500.0,17500.0,1,1,2018-05-25,2018-05-25,1,1,GLOBAL,0.0,2797,1.0,1.0,1,High Frequency Buyers,-1.988038128687512,0.9304048983689529
15208000000057,11798,Sencha Magnolia Exports DA3,522420.0,34828.0,5,5,2018-04-25,2023-03-15,11,1,GLOBAL,4.89,1042,1.0,1.0,3,Strategic High-Value,-0.6466986545995111,0.12084069663295098
1521220000610,12823,Silver Tip Hibiscus Trading 174,579661.03,82808.71857142857,7,3,2025-06-02,2025-09-29,1,1,GLOBAL,0.33,113,2.333,1.0,1,High Frequency Buyers,-0.9620835416418654,0.4392223369183839
15216000001415,11997,Silver Tip Willow Imports,923975.0,13587.867647058823,39,35,2019-10-29,2025-08-18,6,2,FOOD SERVICE,5.8,155,1.114,0.5,4,High Value One-Off,1.682619372474503,-1.2698362486904977
15244000001939,12061,Assam Lotus Distributors,219939.65,5236.658333333333,5,3,2020-02-17,2020-07-31,38,1,GLOBAL,0.45,1999,1.667,1.0,1,High Frequency Buyers,-1.3884094974008387,0.785442405896386
15244000001950,12062,TeaLeaf Fern Trading 4F3,575655.1,10279.555357142857,9,6,2020-02-21,2021-01-20,39,1,GLOBAL,0.91,1826,1.5,1.0,1,High Frequency Buyers,-1.2127021779988314,0.678810941731365
15252000007085,12011,Oolong Cedar Tea Works 75F,1767500.0,147291.66666666666,5,5,2019-10-30,2023-07-18,7,1,GLOBAL,3.72,917,1.0,1.0,1,High Frequency Buyers,-0.7908330872394966,0.20444094109342012
15261000004046,12286,Black Gold Orchid Distributors,71768.0,23922.666666666668,3,2,2021-08-31,2021-09-30,1,1,GLOBAL,0.08,1573,1.5,1.0,1,High Frequency Buyers,-1.5330192270198346,0.69345449319624
15261000004071,12287,Black Gold Jasmine Trading,29207.5,2246.730769230769,1,1,2021-09-15,2021-09-15,13,1,RETAIL,0.0,1588,1.0,1.0,1,High Frequency Buyers,-1.536314531486887,0.6460007658627248
15267000002394,12123,Matcha Sage Distributors 920,37500.0,12500.0,3,2,2020-06-12,2020-07-21,1,1,GLOBAL,0.11,2009,1.5,1.0,1,High Frequency Buyers,-1.6671130064767434,0.7920344075235379
15281000000628,11979,Golden Bud Lotus Tea Works B90,2568.0,2568.0,1,1,2019-08-06,2019-08-06,1,1,GLOBAL,0.0,2359,1.0,1.0,1,High Frequency Buyers,-1.8464495653186088,0.8253927686013836
15284000005585,12564,Silver Tip Clover Exports,102637.5,51318.75,2,2,2023-12-08,2024-05-06,1,1,BULK,0.41,624,1.0,1.0,1,High Frequency Buyers,-1.2224227828579728,0.3869625437192162
15288000003146,12267,Sencha Fern Holdings,148259.2,4782.554838709678,14,12,2021-07-30,2023-11-02,8,1,FOOD SERVICE,2.26,810,1.167,1.0,1,High Frequency Buyers,-0.770206244667394,0.2562733702577461
15300000006849,12371,Herbal Bamboo Exports,2900000.0,2900000.0,1,1,2022-04-05,2022-04-05,1,1,GLOBAL,0.0,1386,1.0,1.0,1,High Frequency Buyers,-1.8641957219365684,0.9773350718028739
15306000000432,11984,TeaLeaf Clover Beverages FDD,288140.78,4883.742033898306,29,9,2019-08-22,2020-05-27,28,1,RETAIL,0.76,2064,3.222,1.0,1,High Frequency Buyers,-1.1800344172815598,0.9558834106450886
15306000005281,12346,Golden Bud Magnolia Holdings,32400.0,4050.0,2,2,2022-01-06,2022-02-28,8,1,FOOD SERVICE,0.15,1422,1.0,1.0,1,High Frequency Buyers,-1.4689938313697068,0.5899082596235609
15306000005292,12347,Ceylon Cedar Imports,24000.0,6000.0,1,1,2022-01-06,2022-01-06,4,1,FOOD SERVICE,0.0,1475,1.0,1.0,1,High Frequency Buyers,-1.5484946228421126,0.6184421720493205
1530990000363,12764,Ceylon Maple Exports 1C2,103728.8,103728.8,1,1,2025-02-10,2025-02-10,1,1,RETAIL,0.0,344,1.0,1.0,1,High Frequency Buyers,-1.2143361188315653,0.3646161428148256
15316000000813,11985,TeaLeaf Lotus Imports CEA,2122489.04,1181.7867706013362,55,34,2019-10-03,2024-05-13,330,3,FOOD SERVICE,4.61,617,1.618,0.3333,4,High Value One-Off,3.94873036934452,-1.5342832795770909
15325000004384,12087,Oolong Cedar Distributors B57,127923.63,8528.242,6,4,2020-06-17,2020-09-11,13,1,GLOBAL,0.24,1957,1.5,1.0,1,High Frequency Buyers,-1.5254473119966394,0.7634209061331302
15325000004691,12090,GreenLeaf Hibiscus Tea Works,326241.38,14184.407826086957,2,1,2020-02-27,2020-02-27,23,1,GLOBAL,0.0,2154,2.0,1.0,1,High Frequency Buyers,-1.5995695972190593,0.9044702328686264
15331000000126,11918,Sencha Maple Exports,1062647.09,2512.168061465721,14,14,2019-04-11,2025-09-19,99,2,RETAIL,6.44,123,1.0,0.5,4,High Value One-Off,1.8140714284033206,-1.2338302034530566
15331000000151,11919,Sencha Magnolia Trading,6163.0,1232.6,3,3,2020-03-05,2024-01-05,2,1,BULK,3.84,746,1.0,1.0,1,High Frequency Buyers,-0.7784368624623862,0.13445620517954945
15340000005043,12587,Ceylon Clover Tea Co. B78,1352507.0,42265.84375,32,18,2024-02-01,2025-09-23,3,1,GLOBAL,1.64,119,1.778,1.0,3,Strategic High-Value,-0.48170445792257177,0.21401957639414512
15351000006191,12498,Oolong Bamboo Imports,2682030.16,20473.512671755725,37,17,2023-04-06,2025-10-02,43,2,RETAIL,2.49,110,2.176,0.5,4,High Value One-Off,1.1592228191583278,-0.7706507812009471
1538550000119,12760,Sencha Maple Tea Co.,2170555.94,47185.998695652175,14,9,2025-01-17,2025-10-02,16,2,FOOD SERVICE,0.71,110,1.556,0.5,4,High Value One-Off,0.555246612319029,-0.6906029025656517
15387000006714,12456,GreenLeaf Orchid Trading,762.61,762.61,1,1,2022-11-10,2022-11-10,1,1,GLOBAL,0.0,1167,1.0,1.0,1,High Frequency Buyers,-1.465524602161395,0.544710662572918
1539770001726,12843,Herbal Lotus Exports,44141.11,1471.3703333333333,1,1,2025-09-18,2025-09-18,30,1,FOOD SERVICE,0.0,124,1.0,1.0,1,High Frequency Buyers,-0.9782582136474353,0.30422203540232173
15399000014608,12493,GreenLeaf Maple Imports,2281094.0,285136.75,8,7,2023-02-20,2025-06-11,6,1,GLOBAL,2.31,223,1.143,1.0,1,High Frequency Buyers,-0.7215643867706111,0.18125161517224597
15409000000476,11802,TeaLeaf Willow Holdings,6998249.24,3566.895637104995,172,37,2019-06-03,2023-12-23,256,2,FOOD SERVICE,4.56,759,4.649,0.5,4,High Value One-Off,3.0436122623702997,-0.3715880015653336
1542330000127,12736,Ceylon Magnolia Trading,360750.0,45093.75,8,6,2024-12-12,2025-09-29,2,2,FOOD SERVICE,0.8,113,1.333,0.5,4,High Value One-Off,0.4054626148551262,-0.7267513101948154
15438000002120,11944,Black Gold Fern Trading 742,482790.0,48279.0,6,6,2019-04-08,2025-06-06,8,1,GLOBAL,6.16,228,1.0,1.0,3,Strategic High-Value,-0.21609542119865136,-0.17429088887630387
15438000002146,11945,Oolong Maple Imports 706,589280.0,25620.869565217392,13,5,2019-04-08,2022-03-23,21,1,GLOBAL,2.96,1399,2.6,1.0,1,High Frequency Buyers,-0.8514221971900231,0.5586019511502998
15450000002168,11971,Matcha Ivy Exports 686,1619300.0,44980.555555555555,33,28,2019-07-11,2025-09-11,3,3,RETAIL,6.17,131,1.179,0.3333,4,High Value One-Off,2.3965961126806774,-1.865333123639882
15456000003178,12140,Black Gold Fern Holdings,128095.83,18299.404285714285,4,4,2020-08-12,2021-09-13,5,1,GLOBAL,1.09,1590,1.0,1.0,1,High Frequency Buyers,-1.3737025594832954,0.5479881549329222
15474000000884,12124,Matcha Jasmine Tea Works,1517600.0,22993.939393939392,36,29,2020-06-19,2024-10-03,9,2,FOOD SERVICE,4.29,474,1.241,0.5,4,High Value One-Off,1.2813446946667062,-1.0235110842354598
15474000003237,12457,Darjeeling Orchid Trading D6E,128020.32,32005.08,2,2,2022-11-30,2024-06-29,4,1,GLOBAL,1.58,570,1.0,1.0,1,High Frequency Buyers,-1.033143163513808,0.28042664989206467
1547440000424,12784,Herbal Willow Tea Co.,240162.73,8281.473448275863,2,2,2025-03-03,2025-05-19,22,1,RETAIL,0.21,246,1.0,1.0,1,High Frequency Buyers,-1.0109314536389902,0.312487002926259
15492000000198,11830,Golden Bud Cedar Tea Works,159121.34,1082.4580952380952,11,11,2019-10-15,2025-06-26,52,3,RETAIL,5.7,208,1.0,0.3333,4,High Value One-Off,2.192690861244117,-1.7648753983579297
15506000003685,12235,Black Gold Jasmine Exports C23,341470.0,68294.0,5,5,2021-05-06,2023-04-27,3,1,GLOBAL,1.97,999,1.0,1.0,1,High Frequency Buyers,-1.0637000512394255,0.342263969389894
15506000003821,12236,Black Gold Lotus Tea Co.,3562565.64,19257.11156756757,54,29,2021-09-30,2025-06-20,93,1,GLOBAL,3.72,214,1.862,1.0,3,Strategic High-Value,0.4979095704173947,0.0700898065885454
15506000004557,12239,Assam Lotus Exports,2789372.17,3041.845332606325,62,30,2021-05-10,2025-10-24,222,2,FOOD SERVICE,4.46,88,2.067,0.5,4,High Value One-Off,2.6581783967166612,-0.9625301848213083
15511000000834,12125,Silver Tip Sage Holdings,15300.0,7650.0,1,1,2020-06-11,2020-06-11,2,1,GLOBAL,0.0,2049,1.0,1.0,1,High Frequency Buyers,-1.7426749511379134,0.7533293059051762
15514000000112,11891,Silver Tip Palm Tea Co. 706,273652.17,45608.695,5,4,2018-10-19,2019-05-28,3,1,GLOBAL,0.61,2429,1.25,1.0,1,High Frequency Buyers,-1.7013246157340116,0.8182257045986862
15514000000140,11892,Ceylon Palm Tea Co. FCB,17800.0,17800.0,1,1,2018-10-17,2018-10-17,1,1,GLOBAL,0.0,2652,1.0,1.0,1,High Frequency Buyers,-1.9417596953758969,0.8963298239215024
15514000006405,12605,Sencha Orchid Holdings A0E,2898500.0,579700.0,5,4,2024-03-04,2025-05-15,4,1,GLOBAL,1.2,250,1.25,1.0,1,High Frequency Buyers,-0.976234967842238,0.3421118359834345
1552880001005,12862,Ceylon Magnolia Exports 861,75000.0,75000.0,1,1,2025-08-04,2025-08-04,1,1,GLOBAL,0.0,169,1.0,1.0,1,High Frequency Buyers,-1.1551844360794197,0.3196671085873147
15540000002480,12234,Matcha Rosewood Trading AEB,41700.0,8340.0,5,5,2021-04-01,2025-02-06,3,1,FOOD SERVICE,3.85,348,1.0,1.0,3,Strategic High-Value,-0.6026961745235169,0.03189533856216301
15568000007092,12684,Ceylon Bamboo Holdings,178225.0,5400.757575757576,2,2,2024-09-30,2025-09-03,19,1,GLOBAL,0.93,139,1.0,1.0,1,High Frequency Buyers,-0.8979415862931657,0.22947246922937076
1557220000842,12831,Golden Bud Jasmine Distributors,255000.0,255000.0,1,1,2025-06-17,2025-06-17,1,1,GLOBAL,0.0,217,1.0,1.0,1,High Frequency Buyers,-1.1909243387726811,0.3546208758739204
15580000003533,12300,Oolong Fern Imports,341145.03,8528.625750000001,37,27,2021-10-01,2025-07-21,12,3,RETAIL,3.8,183,1.37,0.3333,4,High Value One-Off,2.1110614132202077,-1.6435017592516845
15585000010633,12656,TeaLeaf Hibiscus Exports 035,47.46,47.46,1,1,2024-07-15,2024-07-15,1,1,GLOBAL,0.0,554,1.0,1.0,1,High Frequency Buyers,-1.2696536496437214,0.4003946299431047
15600000004920,12448,GreenLeaf Bamboo Beverages 1BE,2672750.0,111364.58333333333,24,22,2022-10-04,2025-09-15,4,1,GLOBAL,2.95,127,1.091,1.0,3,Strategic High-Value,-0.2781502240301769,0.013206274114190375
15601000000566,11875,Herbal Hibiscus Imports,9100000.0,4550000.0,1,1,2018-09-26,2018-09-26,2,1,GLOBAL,0.0,2673,1.0,1.0,1,High Frequency Buyers,-2.442156088002534,1.5245806907191841
15627000003440,12642,Black Gold Orchid Beverages,238167.93,14009.878235294118,17,12,2024-05-29,2025-09-29,1,1,GLOBAL,1.34,113,1.417,1.0,1,High Frequency Buyers,-0.6881940032684913,0.1989858717379941
15627000003474,12644,Matcha Fern Trading,747000.0,747000.0,1,1,2024-05-29,2024-05-29,1,1,GLOBAL,0.0,601,1.0,1.0,1,High Frequency Buyers,-1.369356763961055,0.5096380548967833
15676000007764,12627,Herbal Bamboo Imports,203280.0,203280.0,1,1,2024-04-29,2024-04-29,1,1,GLOBAL,0.0,631,1.0,1.0,1,High Frequency Buyers,-1.3172902099947006,0.4452251761891524
15689000004769,12499,Black Gold Hibiscus Tea Works,113350.67,22670.134,5,5,2023-06-26,2025-01-24,2,1,RETAIL,1.58,361,1.0,1.0,1,High Frequency Buyers,-0.9119142162843324,0.21558437439197964
1573550000005,12709,Herbal Magnolia Distributors C77,1371950.0,685975.0,2,2,2024-11-08,2025-03-10,2,1,GLOBAL,0.33,316,1.0,1.0,1,High Frequency Buyers,-1.1991338322748482,0.40819516709471837
15740000007351,12540,Assam Clover Trading,476814.0,36678.0,13,11,2023-08-18,2025-09-11,4,2,FOOD SERVICE,2.07,131,1.182,0.5,4,High Value One-Off,0.6756928129658765,-0.8639423290611468
1574110000020,12711,Ceylon Bamboo Exports 478,368644.07,184322.035,2,2,2024-11-12,2025-06-02,1,1,GLOBAL,0.55,232,1.0,1.0,1,High Frequency Buyers,-1.0934667356549472,0.30200740793652275
1574220001100,12907,Golden Bud Rosewood Distributors,474576.27,474576.27,1,1,2025-09-30,2025-09-30,1,1,GLOBAL,0.0,112,1.0,1.0,1,High Frequency Buyers,-1.1822838880070459,0.35878018662510364
15749000012193,12278,Ceylon Rosewood Beverages DA7,185450.0,61816.666666666664,3,3,2021-07-19,2023-06-22,3,1,GLOBAL,1.92,943,1.0,1.0,1,High Frequency Buyers,-1.0948458031551316,0.3406678391041632
15763000002095,12243,White Pearl Lotus Holdings,4213884.8,37623.97142857143,16,11,2021-05-07,2022-10-06,23,1,RETAIL,1.42,1202,1.455,1.0,1,High Frequency Buyers,-0.9172966470274232,0.4884894918133047
15763000002106,12244,Golden Bud Orchid Tea Co. 38A,12923438.2,24155.959252336448,61,14,2021-04-30,2022-05-17,63,2,RETAIL,1.05,1344,4.357,0.5,4,High Value One-Off,0.811098849540813,0.0076709953902775315
15764000001110,12180,Golden Bud Ivy Tea Works E7D,72300.0,24100.0,3,3,2020-11-11,2023-09-05,2,1,GLOBAL,2.81,868,1.0,1.0,1,High Frequency Buyers,-0.9552135352263645,0.2474458675999115
1576550000662,12807,Golden Bud Hibiscus Trading,929479.92,5281.135909090909,13,4,2025-06-09,2025-11-06,68,1,FOOD SERVICE,0.41,75,3.25,1.0,1,High Frequency Buyers,-0.4894188096178311,0.5380090539233383
15767000000039,11849,White Pearl Hibiscus Tea Works,44425.0,11106.25,4,2,2025-03-17,2025-08-26,2,1,GLOBAL,0.44,147,2.0,1.0,1,High Frequency Buyers,-0.9907485345661133,0.38890563277070284
1576990000294,12785,GreenLeaf Palm Tea Co.,102000.0,5666.666666666667,12,7,2025-02-27,2025-09-25,2,1,FOOD SERVICE,0.57,117,1.714,1.0,1,High Frequency Buyers,-0.8725611363942316,0.3176641140097939
15773000004121,12268,Black Gold Maple Exports 4AE,17200.0,17200.0,1,1,2021-06-23,2021-06-23,1,1,GLOBAL,0.0,1672,1.0,1.0,1,High Frequency Buyers,-1.628683395701554,0.6656839291001636
15791000003948,12556,GreenLeaf Maple Holdings,187698.49,2406.3908974358974,6,4,2024-02-29,2025-09-01,34,2,RETAIL,1.51,141,1.5,0.5,4,High Value One-Off,0.6322470764607585,-0.7480938776211548
15800000009107,12533,Black Gold Lotus Beverages 6F2,73380.0,18345.0,4,4,2023-07-31,2024-01-31,2,1,GLOBAL,0.5,720,1.0,1.0,1,High Frequency Buyers,-1.1894867580879922,0.38891602964947575
15810000002796,12036,Darjeeling Sage Tea Works EE0,350667.0,23377.8,15,10,2020-01-17,2021-03-05,4,1,GLOBAL,1.13,1782,1.5,1.0,1,High Frequency Buyers,-1.2710392967147173,0.6297839000465613
15852000006737,12698,Black Gold Bamboo Distributors BD6,39700.0,39700.0,1,1,2024-10-24,2024-10-24,1,1,GLOBAL,0.0,453,1.0,1.0,1,High Frequency Buyers,-1.2418905459677179,0.38184436768626984
15852000006795,12699,Black Gold Orchid Tea Co.,130750.0,43583.333333333336,2,2,2024-11-19,2024-12-18,2,1,GLOBAL,0.08,398,1.0,1.0,1,High Frequency Buyers,-1.187299458414607,0.3591048146334254
15853000003467,12526,Assam Maple Distributors 37F,433300.0,4561.0526315789475,10,10,2023-08-08,2025-08-01,23,1,GLOBAL,1.98,172,1.0,1.0,3,Strategic High-Value,-0.5774836101343193,0.1191090478966964
15853000003538,12528,TeaLeaf Orchid Trading 7FD,30410.0,30410.0,1,1,2023-07-04,2023-07-04,1,1,GLOBAL,0.0,931,1.0,1.0,1,High Frequency Buyers,-1.3935086014174674,0.4930834564902141
15865000011894,12516,Ceylon Hibiscus Exports 0E9,1418238.28,48904.76827586207,18,13,2023-05-18,2025-08-13,10,1,GLOBAL,2.24,160,1.385,1.0,3,Strategic High-Value,-0.5180240531401463,0.14363428886236349
15876000005330,12541,Assam Sage Tea Works 984,17500.0,17500.0,1,1,2023-08-18,2023-08-18,1,1,GLOBAL,0.0,886,1.0,1.0,1,High Frequency Buyers,-1.3776720020775417,0.48079919794239057
15899000007107,12704,Ceylon Lotus Imports 4A6,3271900.0,467414.28571428574,2,2,2024-10-29,2025-05-19,6,1,GLOBAL,0.55,246,1.0,1.0,1,High Frequency Buyers,-1.0949074284310176,0.3590782818203657
15899000007211,12705,TeaLeaf Orchid Beverages F22,39750.0,39750.0,1,1,2024-10-29,2024-10-29,1,1,GLOBAL,0.0,448,1.0,1.0,1,High Frequency Buyers,-1.2402992341328714,0.38067457772289787
15941000001381,11999,Matcha Clover Distributors B88,69246.5,935.7635135135135,43,29,2019-09-27,2025-09-29,5,1,GLOBAL,6.01,113,1.483,1.0,3,Strategic High-Value,0.3217435603164637,-0.23057044998921697
15949000000143,11832,Darjeeling Fern Trading,795696.0,795696.0,1,1,2018-06-22,2018-06-22,1,1,GLOBAL,0.0,2769,1.0,1.0,1,High Frequency Buyers,-2.0673289962049983,1.0261097864131707
15949000000228,11833,Oolong Sage Beverages 29A,458128.0,458128.0,1,1,2018-06-22,2018-06-22,1,1,GLOBAL,0.0,2769,1.0,1.0,1,High Frequency Buyers,-2.0290546260859244,0.9817370570515151
15960000003398,12279,Herbal Ivy Tea Works 47C,1978637.4,36641.433333333334,5,3,2021-07-19,2021-10-29,23,1,RETAIL,0.28,1544,1.667,1.0,1,High Frequency Buyers,-1.3430354279994747,0.7039431014562794
15975000001821,12133,Matcha Cedar Tea Works,15468.600000000002,2209.8,1,1,2020-07-14,2020-07-14,7,1,GLOBAL,0.0,2016,1.0,1.0,1,High Frequency Buyers,-1.7049347103645374,0.7456685432645976
15984000003987,12458,Darjeeling Lotus Distributors 58E,1783911.0899999999,594637.0299999999,2,2,2022-11-11,2024-02-29,3,1,GLOBAL,1.3,691,1.0,1.0,1,High Frequency Buyers,-1.1741193011459405,0.41130393732035536
15984000004056,12459,Assam Lotus Distributors 0E8,12750.0,6375.0,1,1,2022-11-11,2022-11-11,2,1,GLOBAL,0.0,1166,1.0,1.0,1,High Frequency Buyers,-1.4605077160986213,0.5454084346413027
15984000004067,12460,Matcha Jasmine Holdings CF4,11750.0,3916.6666666666665,1,1,2022-11-11,2022-11-11,3,1,GLOBAL,0.0,1166,1.0,1.0,1,High Frequency Buyers,-1.454911215231941,0.5452509848513882
1600990000159,12739,GreenLeaf Ivy Holdings,140400.0,140400.0,1,1,2025-01-09,2025-01-09,1,1,GLOBAL,0.0,376,1.0,1.0,1,High Frequency Buyers,-1.2287146765803083,0.3769652277987056
16011000001436,12194,Black Gold Cedar Distributors BED,5407.41,5407.41,1,1,2020-12-11,2020-12-11,1,1,GLOBAL,0.0,1866,1.0,1.0,1,High Frequency Buyers,-1.689309181671102,0.7097766737756485
16011000001460,12195,Sencha Jasmine Trading F9B,2187340.0,243037.77777777778,9,8,2020-12-14,2023-08-02,2,1,GLOBAL,2.63,902,1.125,1.0,1,High Frequency Buyers,-0.8928284214903617,0.30251427161644184
16021000003753,12680,Darjeeling Sage Tea Works EF5,494223.73,164741.24333333332,2,2,2024-09-20,2024-12-12,2,1,GLOBAL,0.23,404,1.0,1.0,1,High Frequency Buyers,-1.1824485994981353,0.36610282773124614
1602770000485,12794,Assam Ivy Tea Works 714,71500.0,71500.0,1,1,2025-03-19,2025-03-19,1,1,GLOBAL,0.0,307,1.0,1.0,1,High Frequency Buyers,-1.1988642714044335,0.35167464124552444
16055000002611,12351,Sencha Jasmine Holdings 02D,229363.22,8191.543571428571,15,12,2022-02-10,2025-08-28,10,3,FOOD SERVICE,3.55,145,1.25,0.3333,4,High Value One-Off,1.7461447583574066,-1.586823290705298
16065000003504,11898,GreenLeaf Willow Imports,132441686.59,28961.66336977914,907,75,2018-11-14,2025-10-07,59,2,RETAIL,6.9,105,12.093,0.5,4,High Value One-Off,4.732357700788407,1.6433201831955613
16096000000977,11973,Matcha Rosewood Holdings 8D5,16840.0,16840.0,1,1,2019-07-15,2019-07-15,1,1,GLOBAL,0.0,2381,1.0,1.0,1,High Frequency Buyers,-1.8550944794307689,0.8324447927585121
16132000004652,12393,GreenLeaf Orchid Tea Works,187200.0,187200.0,1,1,2022-06-21,2022-06-21,1,1,RETAIL,0.0,1309,1.0,1.0,1,High Frequency Buyers,-1.532017635721692,0.6026262263181624
1617220000384,12786,White Pearl Cedar Beverages,33914.88,770.7927272727272,1,1,2025-06-13,2025-06-13,44,1,RETAIL,0.0,221,1.0,1.0,1,High Frequency Buyers,-0.9348093153362447,0.3290907557243908
16188000002601,12415,Oolong Orchid Trading,38695.87,992.201794871795,3,3,2022-10-14,2024-02-01,26,1,RETAIL,1.3,719,1.0,1.0,1,High Frequency Buyers,-0.9759646412734826,0.3318322342998122
16190000000895,11854,Herbal Hibiscus Tea Works 461,6400.0,6400.0,1,1,2024-03-16,2024-03-16,1,1,GLOBAL,0.0,675,1.0,1.0,1,High Frequency Buyers,-1.3090208572251996,0.42969762985100796
16214000007471,12527,Darjeeling Hibiscus Tea Works 264,58041.4,7255.175,5,4,2023-06-30,2024-02-29,7,1,GLOBAL,0.67,691,1.25,1.0,1,High Frequency Buyers,-1.1133077455622495,0.3991211021453607
16227000004286,11993,Black Gold Orchid Holdings,16800.0,16800.0,1,1,2019-09-05,2019-09-05,1,1,GLOBAL,0.0,2329,1.0,1.0,1,High Frequency Buyers,-1.8384813420382806,0.8202053661086511
16232000002343,12269,TeaLeaf Rosewood Trading,172275.0,172275.0,1,1,2021-06-30,2021-06-30,1,1,GLOBAL,0.0,1665,1.0,1.0,1,High Frequency Buyers,-1.6440304440161317,0.6844213621299698
16242000001264,11962,Assam Hibiscus Holdings,1239695.0,11920.14423076923,34,25,2019-06-12,2025-09-09,25,1,GLOBAL,6.25,133,1.36,1.0,3,Strategic High-Value,0.3586498423007689,-0.23561198876665726
16242000001383,11963,Silver Tip Palm Tea Co.,515030.5,34335.36666666667,6,6,2019-07-30,2024-03-15,6,1,BULK,4.63,676,1.0,1.0,3,Strategic High-Value,-0.5691462448239637,0.04959265355334972
16242000004176,12110,Darjeeling Orchid Imports,191265.0,38253.0,3,3,2020-03-17,2022-08-29,3,1,GLOBAL,2.45,1240,1.0,1.0,1,High Frequency Buyers,-1.1172879986932476,0.3659334288810506
16242000004186,12111,Golden Bud Ivy Exports B10,10791.6,10791.6,1,1,2020-09-24,2020-09-24,1,1,GLOBAL,0.0,1944,1.0,1.0,1,High Frequency Buyers,-1.7148325587791378,0.728835669311216
16248000002646,12024,Oolong Ivy Holdings 8CD,85040.0,21260.0,3,3,2019-12-13,2021-12-21,2,1,GLOBAL,2.02,1491,1.0,1.0,1,High Frequency Buyers,-1.2576434672902352,0.45588264766199077
16256000006993,12561,Golden Bud Magnolia Exports 6ED,868913.04,868913.04,1,1,2023-10-06,2023-10-06,1,1,GLOBAL,0.0,837,1.0,1.0,1,High Frequency Buyers,-1.4585570949531876,0.5811876171931274
16277000000063,11935,Golden Bud Willow Holdings,368170.0,15340.416666666666,11,11,2019-03-14,2024-06-05,21,1,GLOBAL,5.23,594,1.0,1.0,3,Strategic High-Value,-0.275908104243124,-0.04130458626529145
16299000003021,11850,GreenLeaf Sage Holdings,32640.0,32640.0,1,1,2019-05-24,2019-05-24,1,1,FOOD SERVICE,0.0,2433,1.0,1.0,1,High Frequency Buyers,-1.873494528121356,0.8467558441321019
1630220001242,12853,Herbal Cedar Tea Works 45E,250000.0,125000.0,2,1,2025-08-30,2025-08-30,1,1,GLOBAL,0.0,143,2.0,1.0,1,High Frequency Buyers,-1.087325834535819,0.44132517427422974
16335000001042,12012,Darjeeling Fern Exports D12,39168.0,13056.0,2,2,2019-10-31,2023-04-06,3,1,RETAIL,3.43,1020,1.0,1.0,1,High Frequency Buyers,-0.9371439076255652,0.2377092709658434
1634660001178,12893,Assam Fern Distributors,23186.44,23186.44,1,1,2025-09-12,2025-09-12,1,1,RETAIL,0.0,130,1.0,1.0,1,High Frequency Buyers,-1.136853223363748,0.3036806792611692
16365000001757,12309,Sencha Sage Beverages 69A,5684500.0,947416.6666666666,4,4,2021-11-19,2025-09-03,3,1,GLOBAL,3.79,139,1.0,1.0,3,Strategic High-Value,-0.6562823873425907,0.14391132788315597
16377000006455,12373,Matcha Jasmine Beverages 4E8,18845300.0,1177831.25,11,10,2022-02-22,2025-04-07,8,1,GLOBAL,3.12,288,1.1,1.0,3,Strategic High-Value,-0.613942505898496,0.3256516511230535
16380000016431,12545,Black Gold Willow Holdings F09,2920.0,182.5,8,8,2023-09-06,2025-07-24,3,1,GLOBAL,1.88,180,1.0,1.0,1,High Frequency Buyers,-0.7430431133616866,0.1319759946370199
16380000017148,12581,Darjeeling Clover Tea Works,27814.21,209.12939849624058,5,4,2024-03-06,2025-06-05,74,1,FOOD SERVICE,1.25,229,1.25,1.0,1,High Frequency Buyers,-0.532830863061782,0.25424955511894587
16386000009636,12557,Golden Bud Ivy Imports,212500.0,106250.0,2,2,2023-09-30,2023-11-24,1,1,GLOBAL,0.15,788,1.0,1.0,1,High Frequency Buyers,-1.3150207661512674,0.45355031831144915
16395000000859,12221,Matcha Sage Holdings D2C,11920000.0,11920000.0,1,1,2021-06-30,2021-06-30,1,1,GLOBAL,0.0,1665,1.0,1.0,1,High Frequency Buyers,-2.9760191831948966,2.2286394812649433
16395000000869,12222,Darjeeling Maple Tea Co.,1033816.43,516908.215,2,2,2021-03-03,2023-05-31,2,1,GLOBAL,2.24,965,1.0,1.0,1,High Frequency Buyers,-1.1367997779869718,0.38740436633829745
16446000000298,12065,Darjeeling Fern Trading 462,52800.0,52800.0,1,1,2020-02-25,2020-02-25,1,1,GLOBAL,0.0,2156,1.0,1.0,1,High Frequency Buyers,-1.7873075775643843,0.7842353655639365
1646770000082,12738,Golden Bud Hibiscus Trading D63,301925.0,60385.0,4,4,2024-12-18,2025-04-12,3,1,GLOBAL,0.31,283,1.0,1.0,1,High Frequency Buyers,-1.073723798647394,0.3078536475060015
16473000002081,12134,Sencha Lotus Tea Works,11138000.0,111380.0,77,45,2020-07-15,2025-08-07,5,2,RETAIL,5.06,166,1.711,0.5,4,High Value One-Off,1.8713365721326325,-1.0744532796986983
16490000000467,11920,Ceylon Lotus Trading,51000.0,51000.0,1,1,2019-01-21,2019-01-21,1,1,GLOBAL,0.0,2556,1.0,1.0,1,High Frequency Buyers,-1.9148619662845794,0.878107748826094
16532000001118,12154,Herbal Maple Tea Works F67,32600.0,6520.0,3,2,2020-09-11,2020-10-02,3,1,GLOBAL,0.06,1936,1.5,1.0,1,High Frequency Buyers,-1.6390603465953497,0.7783267889521521
16551000002033,12173,Ceylon Rosewood Trading EF2,15410076.39,26030.53444256757,66,18,2020-10-13,2022-08-18,132,1,GLOBAL,1.85,1251,3.667,1.0,1,High Frequency Buyers,0.06411311419945306,0.8364657908126399
16566000001058,12181,TeaLeaf Clover Trading 28D,294800.0,49133.333333333336,3,3,2020-11-13,2022-01-31,6,1,GLOBAL,1.22,1450,1.0,1.0,1,High Frequency Buyers,-1.3309952957896813,0.5145515818131925
16567000004464,12127,TeaLeaf Magnolia Tea Works,782830.76,2878.0542647058824,24,21,2020-07-22,2025-10-02,58,1,RETAIL,5.2,110,1.143,1.0,3,Strategic High-Value,0.29907611273828394,-0.17208549278940669
16576000005387,12685,Black Gold Jasmine Trading C31,165254.24,165254.24,1,1,2024-10-01,2024-10-01,1,1,GLOBAL,0.0,476,1.0,1.0,1,High Frequency Buyers,-1.2634723367264615,0.4037595221674916
16576000005399,12686,Matcha Sage Distributors F73,442372.88,110593.22,3,3,2025-01-15,2025-07-14,2,1,GLOBAL,0.49,190,1.0,1.0,1,High Frequency Buyers,-1.0524291814163096,0.2834999491686889
16576000005411,12687,Herbal Lotus Trading 1D5,523389.84,104677.96800000001,3,3,2025-05-05,2025-07-02,4,1,GLOBAL,0.16,202,1.0,1.0,1,High Frequency Buyers,-1.0880485629960248,0.312340903993207
16578000000384,11925,Golden Bud Maple Exports,3239600.0,404950.0,5,5,2019-02-18,2021-05-18,5,1,GLOBAL,2.25,1708,1.0,1.0,1,High Frequency Buyers,-1.2725285070443446,0.5470410340127126
16609000000288,11749,Sencha Magnolia Exports FD8,964590.0,19291.8,38,31,2018-04-26,2025-03-19,18,1,GLOBAL,6.9,307,1.226,1.0,3,Strategic High-Value,0.46757875585403696,-0.29442364864086384
16616000005203,12576,White Pearl Rosewood Exports E0E,99500.0,99500.0,1,1,2024-01-04,2024-01-04,1,1,GLOBAL,0.0,747,1.0,1.0,1,High Frequency Buyers,-1.3425733122401127,0.4588750819466761
16667000004732,12591,Darjeeling Sage Holdings,2079648.29,3953.7039733840306,52,17,2024-02-27,2025-10-30,119,2,FOOD SERVICE,1.67,82,3.059,0.5,4,High Value One-Off,1.5319885055278633,-0.5815861048701639
16669000000341,11834,Oolong Fern Trading 7F6,112799.99,5127.272272727273,3,3,2018-06-25,2025-06-12,14,1,GLOBAL,6.97,222,1.0,1.0,3,Strategic High-Value,-0.13608939389088145,-0.23201913051456283
16677000001296,11987,Herbal Magnolia Holdings 51A,324000.0,162000.0,2,1,2019-08-23,2019-08-23,2,1,GLOBAL,0.0,2342,2.0,1.0,1,High Frequency Buyers,-1.7884392938376485,0.9639326850427038
16679000008424,12660,Matcha Sage Tea Co.,166181.76,55393.920000000006,2,2,2024-09-11,2025-04-10,3,1,BULK,0.58,285,1.0,1.0,1,High Frequency Buyers,-1.0814483529458478,0.2950406128988622
1673990000122,12743,Herbal Jasmine Exports C7E,384940.0,76988.0,4,4,2024-12-18,2025-08-14,5,1,GLOBAL,0.65,159,1.0,1.0,1,High Frequency Buyers,-0.9804764936031488,0.25483165266242264
16749000006133,12478,Silver Tip Ivy Distributors 817,248750.0,19134.615384615383,11,3,2023-03-08,2023-05-12,5,2,FOOD SERVICE,0.18,984,3.667,0.5,4,High Value One-Off,0.1543634899411402,-0.17647008135516903
16749000006144,12479,GreenLeaf Rosewood Tea Co. B8A,90120.0,18024.0,3,3,2023-02-10,2023-05-11,2,1,RETAIL,0.25,985,1.0,1.0,1,High Frequency Buyers,-1.3282421031213991,0.47568793316465735
16751000011181,12657,White Pearl Fern Holdings 6AF,16584.0,16584.0,1,1,2024-08-23,2024-08-23,1,1,GLOBAL,0.0,515,1.0,1.0,1,High Frequency Buyers,-1.2590721555775537,0.3933927029665365
16755000001235,11964,Oolong Clover Exports 2EA,270000.0,90000.0,3,2,2019-06-12,2019-12-31,1,1,GLOBAL,0.55,2212,1.5,1.0,1,High Frequency Buyers,-1.682407741160084,0.8163050233228183
16755000001260,11965,Matcha Ivy Tea Works,90000.0,90000.0,1,1,2019-06-12,2019-06-12,1,1,GLOBAL,0.0,2414,1.0,1.0,1,High Frequency Buyers,-1.8739296319124106,0.8498255398255762
16755000001286,11966,Matcha Palm Tea Co. DC7,3960480.0,136568.27586206896,29,21,2019-06-14,2025-07-28,2,1,GLOBAL,6.12,176,1.381,1.0,3,Strategic High-Value,0.11516523484554872,-0.16687489197405705
1677440000909,12863,Golden Bud Magnolia Trading EF2,241525.42,241525.42,1,1,2025-08-04,2025-08-04,1,1,GLOBAL,0.0,169,1.0,1.0,1,High Frequency Buyers,-1.1740655372481152,0.34155658683612977
16808000009290,11986,White Pearl Maple Tea Works D69,32000.0,32000.0,1,1,2019-08-23,2019-08-23,1,1,GLOBAL,0.0,2342,1.0,1.0,1,High Frequency Buyers,-1.844356909547451,0.8252619219813601
16817000014150,12700,GreenLeaf Bamboo Exports 4B0,322100.0,24776.923076923078,6,5,2024-12-11,2025-08-21,3,2,FOOD SERVICE,0.69,152,1.2,0.5,4,High Value One-Off,0.3554818604652289,-0.7240083072684059
16817000014163,12701,Darjeeling Bamboo Tea Co.,35694.92,4461.865,6,5,2024-10-16,2025-04-24,3,3,GLOBAL,0.52,271,1.2,0.3333,4,High Value One-Off,1.1161404435410447,-1.2972649838668848
16834000002178,12301,Matcha Orchid Beverages A83,5500.0,5500.0,1,1,2021-10-04,2021-10-04,1,1,GLOBAL,0.0,1569,1.0,1.0,1,High Frequency Buyers,-1.5944590101762546,0.6399129193868665
16834000002189,12302,Silver Tip Bamboo Tea Works 608,5586410.0,32861.23529411765,76,42,2021-11-11,2025-09-22,32,1,GLOBAL,3.86,120,1.81,1.0,3,Strategic High-Value,0.5082901456846322,-0.014159818568863359
16834000002320,12303,Herbal Hibiscus Imports 472,2640000.0,880000.0,3,1,2021-10-05,2021-10-08,1,1,GLOBAL,0.01,1565,3.0,1.0,1,High Frequency Buyers,-1.555638352662106,1.0046365239860993
16846000004737,12142,Golden Bud Hibiscus Distributors,100048.99,1136.920340909091,3,3,2020-09-15,2022-05-25,46,2,RETAIL,1.69,1336,1.0,0.5,4,High Value One-Off,0.28295344618403606,-0.5374051151142304
1684880000305,12756,Sencha Cedar Tea Co. 97C,50847.46,50847.46,1,1,2025-01-09,2025-01-09,1,1,GLOBAL,0.0,376,1.0,1.0,1,High Frequency Buyers,-1.2185609681095315,0.3651937014067821
1685110000225,12727,Ceylon Bamboo Holdings 2C5,275423.73,68855.9325,2,2,2024-12-02,2025-02-07,2,1,GLOBAL,0.18,347,1.0,1.0,1,High Frequency Buyers,-1.1603438340463705,0.34328106416496806
16853000005199,12410,Herbal Magnolia Distributors 3E2,82800.0,13800.0,2,1,2022-05-27,2022-05-30,3,1,GLOBAL,0.01,1331,2.0,1.0,1,High Frequency Buyers,-1.4424032154758346,0.7054017751141426
16857000003029,12223,Ceylon Clover Tea Works B7A,732520.1,34881.909523809525,2,2,2021-02-24,2021-06-26,19,1,GLOBAL,0.33,1669,1.0,1.0,1,High Frequency Buyers,-1.4670950379012213,0.6436714930420827
1693010000708,12814,TeaLeaf Rosewood Distributors 29D,42250.0,21125.0,2,1,2025-05-19,2025-05-20,2,1,GLOBAL,0.0,245,2.0,1.0,1,High Frequency Buyers,-1.103153116281655,0.4512000782099765
16946000008630,12661,Oolong Cedar Distributors,19460.0,3243.3333333333335,3,3,2024-10-22,2025-07-23,4,1,BULK,0.75,181,1.0,1.0,1,High Frequency Buyers,-0.9936200728833676,0.24523317795514385
16972000000832,11855,Ceylon Palm Exports EA4,530246.0,9819.37037037037,41,34,2019-02-25,2025-07-31,9,3,FOOD SERVICE,6.43,173,1.206,0.3333,4,High Value One-Off,2.581122601615301,-1.908278368891375
16972000000843,11856,GreenLeaf Lotus Tea Co. 7A7,1370714.0,12238.517857142857,33,23,2018-08-08,2025-09-15,42,3,FOOD SERVICE,7.1,127,1.435,0.3333,4,High Value One-Off,2.643694906924034,-1.878341852575466
16972000000854,11857,Sencha Ivy Tea Co.,750187.88,6467.136896551724,44,33,2018-11-15,2025-02-28,15,3,RETAIL,6.29,326,1.333,0.3333,4,High Value One-Off,2.536632478227276,-1.834333091007546
16975000004375,12280,Golden Bud Magnolia Distributors,43467.68,3343.6676923076925,2,2,2021-12-12,2023-08-11,12,1,RETAIL,1.66,893,1.0,1.0,1,High Frequency Buyers,-1.0802237618149657,0.34727802407550024
16976000001238,12156,White Pearl Orchid Beverages,310390.9,77597.725,3,3,2020-10-31,2024-10-16,3,1,GLOBAL,3.96,461,1.0,1.0,3,Strategic High-Value,-0.674239714722054,0.06953166199698756
1697660000602,12808,Oolong Jasmine Imports 918,508000.0,508000.0,1,1,2025-04-25,2025-04-25,1,1,GLOBAL,0.0,270,1.0,1.0,1,High Frequency Buyers,-1.2365381592859486,0.4003467291942273
17008000000353,12033,White Pearl Rosewood Exports,46640.0,46640.0,1,1,2020-01-08,2020-01-08,1,1,GLOBAL,0.0,2204,1.0,1.0,1,High Frequency Buyers,-1.8019401574623368,0.7947187230428417
1703010000709,12809,Silver Tip Clover Exports 8F1,118728.81,59364.405,2,2,2025-04-25,2025-10-01,2,1,GLOBAL,0.44,111,1.0,1.0,1,High Frequency Buyers,-1.050202980519308,0.26517091470197784
17036000005422,12673,Matcha Bamboo Tea Works,131787.29,8785.819333333335,8,7,2024-09-06,2025-07-18,5,2,FOOD SERVICE,0.86,186,1.143,0.5,4,High Value One-Off,0.4178877185075124,-0.7484082183910246
17036000005435,12674,Herbal Hibiscus Distributors D21,581100.0,41507.142857142855,14,10,2024-09-03,2025-10-02,2,1,FOOD SERVICE,1.08,110,1.4,1.0,1,High Frequency Buyers,-0.7627250233290742,0.23046043722321385
17036000005449,12675,Oolong Lotus Distributors E2C,67000.0,6090.909090909091,4,3,2024-09-05,2025-09-08,6,1,FOOD SERVICE,1.01,134,1.333,1.0,1,High Frequency Buyers,-0.9119064759104777,0.2556681770276511
17039000002265,12336,Sencha Sage Beverages,18630.0,18630.0,1,1,2021-12-21,2021-12-21,1,1,GLOBAL,0.0,1491,1.0,1.0,1,High Frequency Buyers,-1.5710348218554107,0.6232875820837743
1705880000058,12728,Golden Bud Willow Holdings 91A,1219200.0,609600.0,2,2,2024-12-02,2025-02-07,1,1,GLOBAL,0.18,347,1.0,1.0,1,High Frequency Buyers,-1.225650607200945,0.41663137639928666
17067000002628,12337,Black Gold Fern Trading D5B,1587879.36,10801.900408163267,44,16,2022-02-08,2023-08-17,33,1,RETAIL,1.52,887,2.75,1.0,1,High Frequency Buyers,-0.5488597876059912,0.5499381965135858
17067000002639,12338,White Pearl Bamboo Trading,11000.0,5500.0,1,1,2022-01-06,2022-01-06,2,1,FOOD SERVICE,0.0,1475,1.0,1.0,1,High Frequency Buyers,-1.5591047899694477,0.617987342411805
17067000002650,12339,GreenLeaf Cedar Holdings,348141.33,5526.052857142858,30,23,2021-12-20,2025-10-07,11,3,FOOD SERVICE,3.8,105,1.304,0.3333,4,High Value One-Off,2.0391387780635375,-1.6553568356364994
17078000008316,12582,Oolong Clover Tea Works A97,148000.0,148000.0,1,1,2023-12-19,2023-12-19,1,1,GLOBAL,0.0,763,1.0,1.0,1,High Frequency Buyers,-1.353182712127198,0.46901468261224843
17078000008423,12583,Matcha Orchid Distributors,903150.0,129021.42857142857,7,7,2024-02-22,2025-03-24,2,1,GLOBAL,1.08,302,1.0,1.0,1,High Frequency Buyers,-0.9258959648207136,0.24973106779686474
17098000003305,12128,Assam Fern Distributors AF1,38900.0,19450.0,2,2,2020-06-16,2021-03-04,1,1,GLOBAL,0.71,1783,1.0,1.0,1,High Frequency Buyers,-1.5496688165124008,0.6316642733726127
1710110000258,12742,White Pearl Sage Exports,43337.29,4815.254444444445,1,1,2024-12-19,2024-12-19,9,1,RETAIL,0.0,397,1.0,1.0,1,High Frequency Buyers,-1.1774191126649383,0.3655708630534476
17105000002080,12604,Ceylon Magnolia Exports ACF,42500.0,42500.0,1,1,2024-02-21,2024-02-21,1,1,GLOBAL,0.0,699,1.0,1.0,1,High Frequency Buyers,-1.3207794812261755,0.4400894517805428
17115000002229,12427,Golden Bud Magnolia Trading,91438.20000000001,15239.700000000003,2,2,2022-10-31,2024-08-09,5,1,RETAIL,1.77,529,1.0,1.0,1,High Frequency Buyers,-0.9879296474768398,0.2536688324952438
1714770000008,12707,Black Gold Clover Trading,2466300.0,352328.5714285714,7,5,2024-11-01,2025-09-17,1,1,GLOBAL,0.88,125,1.4,1.0,1,High Frequency Buyers,-0.9374779645961122,0.32076849077003516
17159000004846,12628,TeaLeaf Cedar Trading 690,1377700.0,344425.0,4,2,2024-05-09,2025-09-17,3,1,GLOBAL,1.36,125,2.0,1.0,1,High Frequency Buyers,-0.8920300147531719,0.3613558564353854
17171000003321,12534,White Pearl Magnolia Distributors,19417.23,340.6531578947368,1,1,2023-12-22,2023-12-22,57,1,RETAIL,0.0,760,1.0,1.0,1,High Frequency Buyers,-1.0378920441738835,0.45780119368445565
1717880000083,12729,White Pearl Maple Beverages,118565.0,39521.666666666664,1,1,2024-12-02,2024-12-02,3,1,GLOBAL,0.0,414,1.0,1.0,1,High Frequency Buyers,-1.2185295292524452,0.3734351770830864
1718770000332,12768,White Pearl Maple Imports,2169900.37,8966.530454545455,22,7,2025-01-30,2025-09-18,64,3,RETAIL,0.63,124,3.143,0.3333,4,High Value One-Off,1.6857910527846904,-1.0770175048378794
1720220000720,12865,Darjeeling Hibiscus Tea Co. 0DE,150000.0,150000.0,1,1,2025-08-19,2025-08-19,1,1,GLOBAL,0.0,154,1.0,1.0,1,High Frequency Buyers,-1.1588971954138836,0.3259966416522179
17248000000814,11967,White Pearl Rosewood Trading,62648.57,2610.3570833333333,2,1,2019-11-12,2019-11-12,23,2,RETAIL,0.0,2261,2.0,0.5,1,High Frequency Buyers,-0.3349669547944549,-0.060643733127741364
17256000000778,11995,GreenLeaf Maple Distributors,54021.2,2348.7478260869566,5,5,2019-12-20,2021-02-15,6,1,RETAIL,1.16,1800,1.0,1.0,1,High Frequency Buyers,-1.4032916573800611,0.5849002203449358
17269000006464,12546,Ceylon Bamboo Trading,2506.85,626.7125,1,1,2023-11-07,2023-11-07,4,1,RETAIL,0.0,805,1.0,1.0,1,High Frequency Buyers,-1.333942620397662,0.46000621875008396
17298000002199,12487,Black Gold Bamboo Exports,104296.06,750.3313669064748,4,4,2023-03-31,2024-09-19,49,1,RETAIL,1.47,488,1.0,1.0,1,High Frequency Buyers,-0.7360482631536885,0.2633866664779562
17298000002210,12488,White Pearl Ivy Distributors 6F2,97720.0,32573.333333333332,1,1,2023-02-21,2023-02-21,3,1,GLOBAL,0.0,1064,1.0,1.0,1,High Frequency Buyers,-1.4253946536811295,0.5253652439115437
17303000005592,12567,Black Gold Orchid Imports ADD,182000.0,91000.0,2,2,2023-11-06,2024-09-23,2,1,GLOBAL,0.88,484,1.0,1.0,1,High Frequency Buyers,-1.1149980360463567,0.32266606505828
1730880000447,12803,Golden Bud Rosewood Exports DC9,106000.0,106000.0,1,1,2025-04-25,2025-04-25,1,1,FOOD SERVICE,0.0,270,1.0,1.0,1,High Frequency Buyers,-1.1909583152608405,0.3475045249468297
1736330000419,12750,Sencha Lotus Trading,1639500.0,409875.0,2,2,2025-01-06,2025-05-27,4,1,GLOBAL,0.39,238,1.0,1.0,1,High Frequency Buyers,-1.1226281354806948,0.35241951338706434
17371000009918,12102,GreenLeaf Cedar Imports B9C,172062.78,1870.2476086956522,12,12,2020-08-13,2025-09-12,30,3,RETAIL,5.08,130,1.0,0.3333,4,High Value One-Off,2.0405432798479306,-1.7424317569279582
17415000005916,12573,TeaLeaf Willow Distributors 4FA,2273510.0,757836.6666666666,2,2,2024-03-27,2024-12-31,3,1,GLOBAL,0.76,385,1.0,1.0,1,High Frequency Buyers,-1.1647862015559982,0.40520515506365845
17424000001595,12093,Black Gold Palm Imports D5A,177474.4,29579.066666666666,3,2,2020-03-02,2020-06-30,6,1,GLOBAL,0.33,2030,1.5,1.0,1,High Frequency Buyers,-1.6198784932887287,0.7834396316526892
17443000008351,12688,Sencha Willow Imports 02B,830677.9700000001,138446.32833333334,6,5,2024-11-19,2025-08-26,2,1,GLOBAL,0.77,147,1.2,1.0,1,High Frequency Buyers,-0.9476077092246468,0.27293457296811097
17443000008363,12689,Ceylon Maple Beverages 4F2,16580.510000000002,4145.1275000000005,1,1,2024-12-02,2024-12-02,4,1,GLOBAL,0.0,414,1.0,1.0,1,High Frequency Buyers,-1.2094231377368825,0.3685407417570735
17446000009640,12662,Darjeeling Maple Beverages,181623.0,90811.5,2,2,2024-09-23,2025-08-22,1,1,GLOBAL,0.91,151,1.0,1.0,1,High Frequency Buyers,-1.0099888541282454,0.2417777026819036
1746660000314,12802,Black Gold Hibiscus Distributors 9E4,671999.99,95999.99857142857,4,2,2025-04-02,2025-08-22,5,1,RETAIL,0.39,151,2.0,1.0,1,High Frequency Buyers,-0.990509748950083,0.40867801657669967
17477000004881,11864,Sencha Jasmine Distributors,147700.0,12308.333333333334,12,12,2019-04-02,2025-08-14,2,2,FOOD SERVICE,6.37,159,1.0,0.5,4,High Value One-Off,1.231172938228503,-1.2299580994975456
17500000002758,12182,Golden Bud Palm Holdings,22300.0,22300.0,1,1,2020-11-17,2020-11-17,1,1,GLOBAL,0.0,1890,1.0,1.0,1,High Frequency Buyers,-1.6988900177319624,0.7176437149034831
17519000000165,11872,Ceylon Magnolia Holdings B79,380000.0,63333.333333333336,6,5,2018-10-19,2019-10-18,1,1,GLOBAL,1.0,2286,1.2,1.0,1,High Frequency Buyers,-1.5985943393573825,0.7457982590228306
17537000006842,12429,Herbal Rosewood Tea Co. 0F5,1101000.0,28230.76923076923,35,28,2022-08-03,2025-09-25,2,2,RETAIL,3.15,117,1.25,0.5,4,High Value One-Off,1.1856140271381466,-1.015010096716311
1754990000472,12813,Matcha Rosewood Tea Works,911440.6799999999,182288.136,5,3,2025-05-15,2025-07-14,1,1,GLOBAL,0.16,190,1.667,1.0,1,High Frequency Buyers,-1.063706816314046,0.4032117373227722
17573000002506,12258,Matcha Fern Tea Co. 032,200600.0,200600.0,1,1,2021-05-28,2021-05-28,1,1,GLOBAL,0.0,1698,1.0,1.0,1,High Frequency Buyers,-1.6577820832966148,0.6959086260442178
17577000004858,12318,Assam Orchid Distributors 208,244081.0,81360.33333333333,3,3,2021-11-30,2022-01-20,1,1,GLOBAL,0.14,1461,1.0,1.0,1,High Frequency Buyers,-1.5069285592639263,0.6050445942315349
17618000001899,12092,White Pearl Orchid Exports,108324.45,2708.11125,3,3,2020-06-10,2020-12-11,29,1,GLOBAL,0.5,1866,1.0,1.0,1,High Frequency Buyers,-1.4314788576443276,0.665723176586261
17622000002815,12612,Matcha Clover Exports,3541000.0,272384.6153846154,9,7,2024-03-20,2025-05-30,6,1,GLOBAL,1.19,235,1.286,1.0,1,High Frequency Buyers,-0.8570658577312638,0.29651442996396526
17622000002962,12613,Oolong Hibiscus Exports,85000.0,85000.0,1,1,2024-03-20,2024-03-20,1,1,GLOBAL,0.0,671,1.0,1.0,1,High Frequency Buyers,-1.3166551524006371,0.4390883739143292
17623000000747,11877,Silver Tip Magnolia Holdings 7FD,6001.0,666.7777777777778,6,5,2019-11-09,2025-06-30,4,1,GLOBAL,5.64,204,1.2,1.0,3,Strategic High-Value,-0.3018121607979472,-0.11866381002640142
17623000000847,11881,Darjeeling Willow Tea Works,8500.0,8500.0,1,1,2018-09-28,2018-09-28,1,1,GLOBAL,0.0,2671,1.0,1.0,1,High Frequency Buyers,-1.946773763982471,0.8995775320492468
1764330000149,12735,Herbal Jasmine Trading,52677.97,4788.9063636363635,1,1,2024-12-13,2024-12-13,11,1,RETAIL,0.0,403,1.0,1.0,1,High Frequency Buyers,-1.16867588357858,0.36734927097795045
17666000003521,12270,TeaLeaf Willow Holdings 10C,17532.0,5844.0,2,1,2021-07-01,2021-07-06,2,1,RETAIL,0.01,1659,2.0,1.0,1,High Frequency Buyers,-1.5517634119694554,0.7810232595885259
17674000001514,12098,TeaLeaf Maple Tea Works,57074.7,11414.939999999999,2,1,2020-03-02,2020-03-04,3,1,GLOBAL,0.01,2148,2.0,1.0,1,High Frequency Buyers,-1.7031557654102611,0.8971653036877225
17719000003416,11988,Darjeeling Rosewood Trading AE9,554350.0,25197.727272727272,18,16,2019-10-14,2025-09-30,12,1,GLOBAL,5.96,112,1.125,1.0,3,Strategic High-Value,0.04189401033384962,-0.217155390665048
17725000001043,11808,White Pearl Orchid Imports,2600.0,650.0,1,1,2019-09-26,2019-09-26,4,1,RETAIL,0.0,2308,1.0,1.0,1,High Frequency Buyers,-1.813997511946706,0.8136242310908943
17753000004104,12547,Golden Bud Cedar Holdings,311661.31,4722.141060606061,5,4,2023-11-14,2025-08-11,36,2,RETAIL,1.74,162,1.25,0.5,4,High Value One-Off,0.6497593726186092,-0.7909930885218815
17758000008036,12597,Oolong Bamboo Distributors,717835.0,358917.5,2,2,2024-02-12,2025-06-03,2,2,FOOD SERVICE,1.31,231,1.0,0.5,4,High Value One-Off,0.29110615586862354,-0.7210997377870246
1776110001925,12905,Matcha Rosewood Beverages,126650.87,7450.051176470588,1,1,2025-09-30,2025-09-30,17,1,RETAIL,0.0,112,1.0,1.0,1,High Frequency Buyers,-1.0439222349133157,0.3006057388586931
17795000003471,12340,Ceylon Sage Beverages 7CA,15500.0,15500.0,1,1,2022-04-21,2022-04-21,1,1,RETAIL,0.0,1370,1.0,1.0,1,High Frequency Buyers,-1.532032994548969,0.5944081794815314
17807000003478,12522,Black Gold Willow Exports,36480033.86,20391.298971492455,76,29,2023-06-06,2025-10-02,287,2,RETAIL,2.32,110,2.621,0.5,4,High Value One-Off,2.8487618810081172,-0.48330713050416935
1782880000557,12846,Darjeeling Lotus Imports,9515115.74,29458.5626625387,28,4,2025-07-08,2025-10-10,66,1,RETAIL,0.26,102,7.0,1.0,1,High Frequency Buyers,-0.25163245276006374,1.077072546785749
17838000000667,11893,Herbal Lotus Trading 341,3400400.0,680080.0,5,5,2018-10-19,2025-06-03,4,1,GLOBAL,6.62,231,1.0,1.0,3,Strategic High-Value,-0.2633718995334907,-0.10888133013868084
17838000000696,11894,Matcha Rosewood Distributors 409,41100.0,41100.0,1,1,2018-10-19,2018-10-19,1,1,GLOBAL,0.0,2650,1.0,1.0,1,High Frequency Buyers,-1.9437627198183376,0.8989220236448089
17859000000105,11772,White Pearl Maple Exports,5346782.06,9513.847081850534,160,74,2018-04-30,2025-09-10,234,3,RETAIL,7.36,132,2.162,0.3333,4,High Value One-Off,4.9023716620947315,-1.8969637374758719
17862000007943,12542,Ceylon Jasmine Exports,16065.0,698.4782608695652,4,3,2024-01-04,2025-09-18,10,1,FOOD SERVICE,1.71,124,1.333,1.0,1,High Frequency Buyers,-0.7950063999064884,0.19789788446321346
17863000004468,12517,White Pearl Willow Holdings,4439.04,4439.04,1,1,2023-05-17,2023-05-17,1,1,GLOBAL,0.0,979,1.0,1.0,1,High Frequency Buyers,-1.4058949612487839,0.5009626975645
17864000000437,11947,Assam Sage Distributors,272216.9,1315.0574879227054,22,20,2019-06-07,2022-07-15,32,1,RETAIL,3.1,1285,1.1,1.0,1,High Frequency Buyers,-0.5166730715138677,0.2604559347599242
17864000000495,11948,Black Gold Jasmine Distributors 529,74850.0,74850.0,1,1,2019-04-11,2019-04-11,1,1,GLOBAL,0.0,2476,1.0,1.0,1,High Frequency Buyers,-1.8920144480832015,0.8624209920188649
1789660000785,12845,Matcha Maple Imports 4BD,275200.0,275200.0,1,1,2025-07-07,2025-07-07,1,1,GLOBAL,0.0,197,1.0,1.0,1,High Frequency Buyers,-1.1868267453648926,0.3525706814058751
17905000004857,12422,Matcha Palm Distributors 209,115668.0,115668.0,1,1,2022-07-01,2022-07-01,1,1,RETAIL,0.0,1299,1.0,1.0,1,High Frequency Buyers,-1.5207131827305898,0.590870743966917
17905000004869,12423,Assam Cedar Beverages 4C7,1097750.0,29668.91891891892,25,21,2022-07-07,2024-06-25,4,1,FOOD SERVICE,1.97,574,1.19,1.0,1,High Frequency Buyers,-0.5588347356304408,0.19485157761539434
17912000004209,12461,Matcha Bamboo Tea Works 27F,34473065.5,387337.8146067416,85,24,2022-11-18,2025-09-30,5,1,GLOBAL,2.87,112,3.542,1.0,3,Strategic High-Value,0.037235870713571005,0.6024705314899667
17915000004582,12595,Matcha Lotus Exports,68800.0,68800.0,1,1,2024-05-20,2024-05-20,1,1,BULK,0.0,610,1.0,1.0,1,High Frequency Buyers,-1.2953351848860024,0.4226072909547264
17920000003360,12449,Oolong Orchid Tea Co. 910,4432697.6,184695.7333333333,24,9,2022-10-07,2025-09-18,2,1,GLOBAL,2.95,124,2.667,1.0,3,Strategic High-Value,-0.4574829435170758,0.29792763466940547
17922000007740,12525,Darjeeling Lotus Exports 360,167999.42,658.8212549019609,13,7,2023-08-18,2025-08-15,119,3,RETAIL,1.99,158,1.857,0.3333,4,High Value One-Off,2.051151816063637,-1.3455098452706378
17928000012378,12160,Assam Palm Tea Co.,1076134.27,25026.378372093022,33,27,2020-09-17,2025-08-25,13,3,FOOD SERVICE,4.94,148,1.222,0.3333,4,High Value One-Off,2.2653591812113896,-1.75764929708253
17928000013715,12168,Assam Lotus Exports 1C3,205511.55,6227.6227272727265,3,3,2021-09-24,2023-02-23,15,1,RETAIL,1.42,1062,1.0,1.0,1,High Frequency Buyers,-1.128256084753519,0.4030267991257966
1793110000097,12720,TeaLeaf Clover Holdings 2BD,97950.0,97950.0,1,1,2024-11-26,2024-11-26,1,1,GLOBAL,0.0,420,1.0,1.0,1,High Frequency Buyers,-1.2379550136436372,0.3817372376842567
17944000004353,12503,Matcha Magnolia Trading,384399.18,4992.197142857142,7,7,2023-05-12,2025-09-24,20,1,RETAIL,2.37,118,1.0,1.0,3,Strategic High-Value,-0.5891930683382504,0.08911302441241702
17944000004382,12504,TeaLeaf Orchid Trading 4EE,322331.7,80582.925,1,1,2023-03-29,2023-03-29,4,1,GLOBAL,0.0,1028,1.0,1.0,1,High Frequency Buyers,-1.4134496484756038,0.5244267487851753
17954000001494,11974,Black Gold Sage Beverages 303,256000.0,11636.363636363636,22,14,2019-07-30,2020-10-08,1,1,FOOD SERVICE,1.19,1930,1.571,1.0,1,High Frequency Buyers,-1.2330877300201903,0.6509791797458145
1795440000747,12848,Assam Magnolia Imports,4293833.1899999995,19341.590945945944,32,4,2025-07-17,2025-10-08,149,2,RETAIL,0.23,104,8.0,0.5,4,High Value One-Off,1.534238844612009,0.19735821503769257
17958000009043,12706,GreenLeaf Lotus Holdings,210000.0,16153.846153846154,8,8,2024-11-01,2025-09-04,2,2,GLOBAL,0.84,138,1.0,0.5,4,High Value One-Off,0.4254885283730665,-0.7802543118383218
17996000006806,12614,Assam Magnolia Tea Co.,644923.73,644923.73,1,1,2024-03-21,2024-03-21,1,1,RETAIL,0.0,670,1.0,1.0,1,High Frequency Buyers,-1.3798214185931617,0.5124541066718594
18011000006007,12489,Matcha Rosewood Distributors,4905.05,1635.0166666666667,3,3,2023-02-09,2024-10-28,2,1,GLOBAL,1.72,449,1.0,1.0,1,High Frequency Buyers,-0.9622302157660343,0.23138266411171562
18044000000778,11936,White Pearl Rosewood Beverages 621,87940.0,6764.615384615385,12,8,2019-09-20,2020-12-23,4,2,FOOD SERVICE,1.26,1854,1.5,0.5,1,High Frequency Buyers,-0.021041070868617492,-0.346334361365014
18044000000804,11937,TeaLeaf Willow Distributors,2135160.0,44482.5,48,46,2019-05-10,2024-03-25,4,2,FOOD SERVICE,4.88,666,1.043,0.5,4,High Value One-Off,1.6170695562878121,-1.1291682703020962
18052000000806,12271,Herbal Bamboo Tea Works B76,11130007.02,27549.522326732673,29,25,2021-07-01,2025-09-25,51,1,RETAIL,4.24,117,1.16,1.0,3,Strategic High-Value,0.25168364164103607,-0.046066427960988886
18060000004471,12325,Black Gold Bamboo Tea Co. 455,146000.0,36500.0,4,4,2021-12-07,2022-11-22,1,1,GLOBAL,0.96,1155,1.0,1.0,1,High Frequency Buyers,-1.2751659691550186,0.4576334543287031
18091000003516,12462,Sencha Hibiscus Beverages,1882635.76,53789.59314285714,25,7,2022-12-23,2024-07-22,7,1,RETAIL,1.58,547,3.571,1.0,1,High Frequency Buyers,-0.7216666519527396,0.595261388018965
18093000005226,12466,Darjeeling Sage Exports F55,221.0,221.0,1,1,2022-12-16,2022-12-16,1,1,GLOBAL,0.0,1131,1.0,1.0,1,High Frequency Buyers,-1.4539649299774369,0.5361696597625812
18127000005969,12451,Assam Willow Tea Works 85B,800000.0,800000.0,1,1,2022-10-27,2022-10-27,1,1,GLOBAL,0.0,1181,1.0,1.0,1,High Frequency Buyers,-1.5606158393621445,0.6530628488811346
1816880000056,12724,Darjeeling Jasmine Distributors FDD,85000.0,85000.0,1,1,2024-12-06,2024-12-06,1,1,GLOBAL,0.0,410,1.0,1.0,1,High Frequency Buyers,-1.2332927457835767,0.37768225784351145
1816880001061,12900,Black Gold Jasmine Trading 768,18950.0,18950.0,1,1,2025-09-19,2025-09-19,1,1,GLOBAL,0.0,123,1.0,1.0,1,High Frequency Buyers,-1.1341371110151035,0.3014768992277242
1818010002586,12855,Ceylon Cedar Imports 9FE,91700.0,4826.315789473684,1,1,2025-07-31,2025-07-31,19,1,GLOBAL,0.0,173,1.0,1.0,1,High Frequency Buyers,-1.0525875687445023,0.3147315984840789
18185000000327,11809,GreenLeaf Hibiscus Imports 13C,1889078.5699999998,472269.64249999996,4,4,2018-05-18,2022-06-03,3,1,GLOBAL,4.04,1327,1.0,1.0,1,High Frequency Buyers,-0.959849302935648,0.3212956489019373
18185000000412,11810,Matcha Ivy Imports 877,46740.46,11685.115,3,2,2018-08-03,2018-10-09,2,1,GLOBAL,0.18,2660,1.5,1.0,1,High Frequency Buyers,-1.860402513798675,0.9398009355748921
18232000005042,12467,Darjeeling Rosewood Distributors 30B,61634.0,6848.222222222223,4,2,2023-01-17,2023-06-29,8,2,FOOD SERVICE,0.45,936,2.0,0.5,4,High Value One-Off,0.08928241720357695,-0.4129888343679752
18232000005182,12475,Black Gold Palm Imports 625,723450.0,180862.5,3,3,2023-01-05,2025-01-30,4,1,GLOBAL,2.07,355,1.0,1.0,1,High Frequency Buyers,-0.8941438144651553,0.2088571275187463
18234000013853,12658,Assam Fern Distributors 115,1159177.3,231835.46000000002,4,3,2024-08-09,2025-02-17,3,1,GLOBAL,0.53,337,1.333,1.0,1,High Frequency Buyers,-1.0785265493034983,0.3756066369820868
1824330000598,12819,Herbal Maple Distributors 2D6,763000.0,381500.0,2,2,2025-05-30,2025-07-17,1,1,GLOBAL,0.13,187,1.0,1.0,1,High Frequency Buyers,-1.1560009579756014,0.35156365385224575
1826010000175,12757,Darjeeling Fern Imports DCB,1870000.0,1870000.0,1,1,2025-01-09,2025-01-09,1,1,GLOBAL,0.0,376,1.0,1.0,1,High Frequency Buyers,-1.4248213885848533,0.6043181543317875
18266000002520,12157,TeaLeaf Clover Beverages,16800.0,2400.0,1,1,2020-09-22,2020-09-22,7,1,FOOD SERVICE,0.0,1946,1.0,1.0,1,High Frequency Buyers,-1.6825948123393777,0.7292313445808101
18266000002531,12158,Golden Bud Jasmine Beverages,96350.0,16058.333333333334,6,6,2020-09-22,2022-01-18,1,1,FOOD SERVICE,1.32,1463,1.0,1.0,1,High Frequency Buyers,-1.2813010163374907,0.48951858277173677
18266000002543,12159,Matcha Maple Holdings,254734.37,6703.536052631579,27,25,2020-12-21,2025-09-18,8,2,FOOD SERVICE,4.74,124,1.08,0.5,4,High Value One-Off,1.3452462876310218,-1.1580204371457035
18266000002555,12161,Oolong Clover Distributors 427,1587622.21,14175.198303571427,48,37,2020-09-25,2025-08-25,12,2,RETAIL,4.91,148,1.297,0.5,4,High Value One-Off,1.6615625309483082,-1.1748528199349517
18266000002567,12162,Golden Bud Rosewood Trading,34360.0,6872.0,5,3,2020-09-24,2020-12-08,3,2,RETAIL,0.21,1869,1.667,0.5,1,High Frequency Buyers,-0.26689090328825377,-0.2199179330932852
18266000002578,12163,GreenLeaf Orchid Trading 032,512148.0,23279.454545454544,21,20,2020-09-25,2025-09-25,4,2,FOOD SERVICE,5.0,117,1.05,0.5,4,High Value One-Off,1.2498659140005488,-1.1585110899318973
18266000002916,12165,Assam Jasmine Trading A9B,4350.0,2175.0,1,1,2020-09-24,2020-09-24,2,2,FOOD SERVICE,0.0,1944,1.0,0.5,1,High Frequency Buyers,-0.4102460516477146,-0.2593758505200993
18266000002928,12166,Matcha Ivy Beverages,76945.0,3497.5,14,13,2021-01-08,2024-02-27,4,1,FOOD SERVICE,3.13,693,1.077,1.0,3,Strategic High-Value,-0.6250033638029262,0.14235730019691406
18266000003009,12169,White Pearl Rosewood Trading 752,56640.0,4720.0,2,2,2020-09-25,2021-01-25,10,2,FOOD SERVICE,0.33,1821,1.0,0.5,1,High Frequency Buyers,-0.2638614479225016,-0.31708189252663593
18273000001634,12143,White Pearl Clover Beverages,29893.79,398.58386666666667,7,6,2022-07-06,2025-06-23,21,1,RETAIL,2.97,211,1.167,1.0,3,Strategic High-Value,-0.5452602767366924,0.0871528569994801
18273000001659,12144,GreenLeaf Jasmine Holdings,27793.45,250.39144144144146,13,13,2021-03-18,2025-09-26,14,1,RETAIL,4.53,116,1.0,1.0,3,Strategic High-Value,-0.2090647120826731,-0.11314198789610852
18273000001671,12145,TeaLeaf Rosewood Imports B43,29642.59,264.66598214285716,9,9,2021-03-18,2025-09-26,29,1,RETAIL,4.53,116,1.0,1.0,3,Strategic High-Value,-0.21477885082628986,-0.09197897996996002
18273000001682,12146,Matcha Clover Tea Co.,82097.46,272.7490365448505,24,13,2021-03-18,2025-09-26,28,1,RETAIL,4.53,116,1.846,1.0,3,Strategic High-Value,-0.07204567153719002,0.004641091695928223
18273000001694,12147,Oolong Magnolia Exports,9220.8,658.6285714285714,1,1,2021-03-18,2021-03-18,14,1,RETAIL,0.0,1769,1.0,1.0,1,High Frequency Buyers,-1.5886923102338926,0.6884224317018616
18296000011930,12577,Golden Bud Fern Trading 7E6,190000.0,190000.0,1,1,2023-12-06,2023-12-06,1,1,GLOBAL,0.0,776,1.0,1.0,1,High Frequency Buyers,-1.3620969359047088,0.47759405210145056
18311000002544,12326,Darjeeling Sage Trading,112691.77,7043.235625,6,4,2021-12-07,2023-09-20,15,1,GLOBAL,1.79,853,1.5,1.0,1,High Frequency Buyers,-0.958388898163343,0.38179270990695774
18311000002555,12327,White Pearl Sage Distributors AED,14273890.0,7136945.0,1,1,2021-12-08,2021-12-08,2,1,GLOBAL,0.0,1504,1.0,1.0,1,High Frequency Buyers,-2.3536417011081667,1.605177062228645
18326000000850,11968,Assam Sage Tea Co. E1E,103500.0,103500.0,1,1,2019-06-18,2019-06-18,1,1,GLOBAL,0.0,2408,1.0,1.0,1,High Frequency Buyers,-1.8735439211526281,0.8501884566085474
18338000005840,12183,TeaLeaf Cedar Imports,171990.0,5733.0,21,18,2020-11-23,2025-10-10,8,3,FOOD SERVICE,4.88,102,1.167,0.3333,4,High Value One-Off,2.046939049264065,-1.7406085144033154
18354000003819,12606,GreenLeaf Ivy Exports,219559.35,6861.2296875,5,3,2024-03-08,2025-09-23,19,2,RETAIL,1.54,119,1.667,0.5,4,High Value One-Off,0.552450959584954,-0.7326381198751789
18356000004872,12184,Black Gold Clover Tea Co.,77678.4,4088.336842105263,1,1,2021-03-25,2021-03-25,19,1,RETAIL,0.0,1762,1.0,1.0,1,High Frequency Buyers,-1.5600678623589115,0.6884025522215703
18356000011864,12568,Golden Bud Bamboo Distributors 61B,10500.0,10500.0,1,1,2023-11-07,2023-11-07,1,1,GLOBAL,0.0,805,1.0,1.0,1,High Frequency Buyers,-1.3510072314927397,0.46082198955274906
18366000004677,12403,GreenLeaf Maple Exports 6D5,3487.5,1162.5,2,2,2022-06-03,2024-08-23,2,1,BULK,2.22,515,1.0,1.0,1,High Frequency Buyers,-0.9389050176538718,0.21221188152263384
1836660000247,12748,Oolong Magnolia Holdings B45,32000.0,32000.0,1,1,2024-12-31,2024-12-31,1,1,GLOBAL,0.0,385,1.0,1.0,1,High Frequency Buyers,-1.2192985580164661,0.36483368768791036
1836660000902,12849,Assam Hibiscus Imports 712,138100.0,69050.0,2,1,2025-07-16,2025-07-17,1,1,GLOBAL,0.0,187,2.0,1.0,1,High Frequency Buyers,-1.095218369258808,0.4439856611920017
18369000008963,12500,Ceylon Bamboo Exports,103042.1,682.3980132450331,5,3,2023-08-31,2025-06-30,91,2,RETAIL,1.83,204,1.667,0.5,4,High Value One-Off,0.9462891634593995,-0.725630560251098
18380000007064,12386,TeaLeaf Hibiscus Trading 74A,43200.0,43200.0,1,1,2022-03-07,2022-03-07,1,1,GLOBAL,0.0,1415,1.0,1.0,1,High Frequency Buyers,-1.5495465239713109,0.6086365579318896
18416000003161,12066,Darjeeling Cedar Holdings 045,988472.11,24109.075853658534,10,9,2020-02-21,2023-05-15,14,1,GLOBAL,3.23,981,1.111,1.0,1,High Frequency Buyers,-0.733378357881778,0.23474095498162714
1842110000729,12871,Oolong Magnolia Imports 0B5,310000.0,155000.0,2,2,2025-08-15,2025-09-29,1,1,GLOBAL,0.12,113,1.0,1.0,1,High Frequency Buyers,-1.108738904591141,0.3038029123574511
1843010000211,12749,Oolong Maple Exports,77400.0,77400.0,1,1,2024-12-31,2024-12-31,1,1,GLOBAL,0.0,385,1.0,1.0,1,High Frequency Buyers,-1.2244461324411924,0.3708014391128652
1843770000840,12834,Golden Bud Magnolia Exports DFB,1067796.62,266949.155,4,2,2025-06-23,2025-08-06,2,1,GLOBAL,0.12,167,2.0,1.0,1,High Frequency Buyers,-1.065689344435212,0.45703504525812744
18447000003282,12450,Black Gold Willow Tea Co. EA8,1961767.5,1961767.5,1,1,2022-11-30,2022-11-30,1,1,GLOBAL,0.0,1147,1.0,1.0,1,High Frequency Buyers,-1.6814807007172063,0.7977759118902658
18458000001878,12025,Oolong Sage Tea Works,76000.0,19000.0,3,2,2019-12-18,2020-07-27,4,1,GLOBAL,0.61,2003,1.5,1.0,1,High Frequency Buyers,-1.5841817760748247,0.7528105780459786
18458000001891,12027,Silver Tip Hibiscus Trading 4D1,248645.0,31080.625,6,3,2019-12-20,2022-09-28,5,1,GLOBAL,2.77,1210,2.0,1.0,1,High Frequency Buyers,-0.9876851284943068,0.45654437260864217
18458000001911,12028,Darjeeling Jasmine Tea Co.,166440.0,9790.588235294117,11,10,2020-02-28,2023-02-09,4,1,RETAIL,2.95,1076,1.1,1.0,1,High Frequency Buyers,-0.8340153682955068,0.2647912100101167
18458000001923,12029,Matcha Maple Tea Co.,1352500.0,450833.3333333333,2,2,2023-04-04,2023-11-29,3,1,RETAIL,0.65,783,1.0,1.0,1,High Frequency Buyers,-1.2735596227703008,0.4634431664651677
18458000001935,12030,Silver Tip Rosewood Holdings BAB,2600.0,2600.0,1,1,2020-02-13,2020-02-13,1,1,FOOD SERVICE,0.0,2168,1.0,1.0,1,High Frequency Buyers,-1.785448520523296,0.7804599321508808
18476000001149,11909,Golden Bud Jasmine Holdings 957,1465590.14,77136.32315789473,19,17,2019-01-09,2023-11-14,7,1,GLOBAL,4.85,798,1.118,1.0,3,Strategic High-Value,-0.33182459810207715,0.03723925060225473
1849110000548,12812,Silver Tip Cedar Trading 2BE,101800.0,101800.0,1,1,2025-05-09,2025-05-09,1,1,GLOBAL,0.0,256,1.0,1.0,1,High Frequency Buyers,-1.1860105612201137,0.3436586275607471
18498000000036,11737,Black Gold Palm Exports,4403299.5,36694.1625,38,24,2018-04-27,2025-09-19,67,1,GLOBAL,7.4,123,1.583,1.0,3,Strategic High-Value,0.7402580161132157,-0.2618300507099027
1850220000038,12734,Oolong Jasmine Distributors 622,298822.03,15727.475263157896,8,8,2024-12-12,2025-10-09,6,3,FOOD SERVICE,0.82,103,1.0,0.3333,4,High Value One-Off,1.275204944396065,-1.3961598887371536
18511000004925,12272,Darjeeling Ivy Trading,3483170.0,112360.32258064517,21,13,2021-07-02,2025-06-27,20,1,GLOBAL,3.99,207,1.615,1.0,3,Strategic High-Value,-0.233591492951111,0.07034836283760419
18511000005171,12273,Matcha Orchid Tea Works,4599500.0,74185.48387096774,15,14,2021-07-13,2025-07-18,21,1,GLOBAL,4.01,186,1.071,1.0,3,Strategic High-Value,-0.22959748151260903,-0.012789020319652978
1851440000540,12815,Assam Ivy Tea Works D2D,159156.78,31831.356,4,3,2025-05-20,2025-08-27,4,1,RETAIL,0.27,146,1.333,1.0,1,High Frequency Buyers,-1.0263148901817722,0.32016966981650924
18526000002570,12328,White Pearl Willow Distributors,1540750.0,10340.604026845638,107,37,2021-12-16,2025-10-01,17,2,FOOD SERVICE,3.79,111,2.892,0.5,4,High Value One-Off,1.69956117678711,-0.827813181055556
18526000002594,12329,Matcha Fern Tea Co. A5E,3665851.2,54714.197014925376,5,5,2021-12-10,2023-02-15,28,1,RETAIL,1.18,1070,1.0,1.0,1,High Frequency Buyers,-1.0449218279537047,0.44335116224426546
18527000002344,12310,TeaLeaf Rosewood Imports EBE,32880.0,6576.0,2,2,2021-10-27,2022-04-05,5,2,FOOD SERVICE,0.44,1386,1.0,0.5,1,High Frequency Buyers,-0.137327459725202,-0.4287728979564477
18532000006580,12629,Herbal Rosewood Holdings,2019118.29,2304.9295547945208,34,14,2024-05-28,2025-10-29,108,2,FOOD SERVICE,1.42,83,2.429,0.5,4,High Value One-Off,1.3246766852793632,-0.6446705740391163
18538000003315,12395,Sencha Clover Tea Co.,74320.0,10617.142857142857,7,5,2022-05-04,2022-10-21,2,1,RETAIL,0.47,1187,1.4,1.0,1,High Frequency Buyers,-1.2932013110958127,0.5457698510106396
18546000005192,12259,Herbal Cedar Tea Works 378,1982959.66,8296.902343096233,67,41,2021-06-01,2025-10-08,17,1,RETAIL,4.35,104,1.634,1.0,3,Strategic High-Value,0.45054865475940564,-0.11039609660145083
1855220000428,12820,GreenLeaf Maple Trading 16E,457627.12,152542.37333333332,3,2,2025-06-02,2025-07-14,1,1,GLOBAL,0.11,190,1.5,1.0,1,High Frequency Buyers,-1.1010942972467812,0.384168975179539
18597000008076,12452,Sencha Sage Distributors,96000.0,32000.0,3,3,2022-10-28,2024-04-02,3,1,GLOBAL,1.43,658,1.0,1.0,1,High Frequency Buyers,-1.0650261787865503,0.3078801457190498
18614000002703,12615,Ceylon Clover Imports,152950.0,11765.384615384615,7,6,2024-04-19,2025-07-24,7,2,FOOD SERVICE,1.26,180,1.167,0.5,4,High Value One-Off,0.4629024345192502,-0.7729105806828886
18614000002715,12616,Ceylon Ivy Holdings,676822.0,18292.486486486487,13,6,2024-04-05,2025-09-29,6,2,RETAIL,1.48,113,2.167,0.5,4,High Value One-Off,0.5774228188765681,-0.6751356326527903
18619000001829,12316,Assam Willow Beverages BC3,2280000.0,1140000.0,2,2,2021-11-10,2024-02-13,1,1,GLOBAL,2.26,707,1.0,1.0,1,High Frequency Buyers,-1.1256915782075312,0.41063099999678054
18626000014957,12578,Sencha Jasmine Holdings 094,97224.7,6076.54375,1,1,2024-04-19,2024-04-19,16,2,RETAIL,0.0,641,1.0,0.5,4,High Value One-Off,0.08015764561498813,-0.5626904238183484
18627000022824,12490,GreenLeaf Willow Trading,97304.0,12163.0,5,3,2023-04-30,2023-11-07,3,1,GLOBAL,0.52,805,1.667,1.0,1,High Frequency Buyers,-1.1850151403819802,0.4936591247918452
18632000003265,12260,Matcha Lotus Imports 979,1512000.0,504000.0,3,2,2021-06-01,2021-07-19,1,1,GLOBAL,0.13,1646,1.5,1.0,1,High Frequency Buyers,-1.6010586675905185,0.7755844569752068
18634000009039,12619,Ceylon Sage Exports 05E,481000.0,240500.0,2,2,2024-04-03,2024-05-27,2,1,GLOBAL,0.15,603,1.0,1.0,1,High Frequency Buyers,-1.2654023195235788,0.42863730176972875
18634000009159,12620,Ceylon Palm Trading CB0,122279.23999999999,20379.873333333333,2,2,2024-04-03,2024-11-12,6,1,GLOBAL,0.61,434,1.0,1.0,1,High Frequency Buyers,-1.1052159483984296,0.3235510712265037
18634000009249,12621,Black Gold Cedar Imports,6428125.0,1285625.0,5,3,2024-04-03,2025-01-27,3,1,GLOBAL,0.82,358,1.667,1.0,1,High Frequency Buyers,-1.1306794402488638,0.5627477341925051
18634000009261,12622,Silver Tip Rosewood Holdings 6A3,32800.0,16400.0,1,1,2024-04-03,2024-04-03,2,1,GLOBAL,0.0,657,1.0,1.0,1,High Frequency Buyers,-1.2990389497314443,0.4270328913735197
1866220000541,12793,Darjeeling Rosewood Trading 731,665.8,166.45,3,3,2025-03-12,2025-08-12,2,1,GLOBAL,0.42,161,1.0,1.0,1,High Frequency Buyers,-1.0409281007735731,0.26567263963541365
18687000023372,12441,Oolong Fern Beverages 11A,1040400.0,35875.862068965514,29,21,2022-09-06,2024-05-16,2,2,RETAIL,1.69,614,1.381,0.5,4,High Value One-Off,0.693586090602714,-0.7328262737402021
18702000004365,12430,Silver Tip Sage Tea Co. 19A,9709581.26,970958.1259999999,1,1,2022-07-28,2022-07-28,10,1,GLOBAL,0.0,1272,1.0,1.0,1,High Frequency Buyers,-1.5326867074338348,0.7509872940655187
18704000006883,12440,Golden Bud Willow Holdings AC8,1785853.0,89292.65,16,11,2022-09-06,2025-09-30,13,1,GLOBAL,3.07,112,1.455,1.0,3,Strategic High-Value,-0.4194104576009766,0.09254137300911268
1872660000496,12841,Herbal Cedar Holdings,406779.67,135593.22333333333,3,2,2025-06-30,2025-07-17,1,1,GLOBAL,0.05,187,1.5,1.0,1,High Frequency Buyers,-1.106210149463138,0.38575066938550917
18735000005344,12425,Ceylon Orchid Trading,495539.98,1588.2691666666667,26,19,2022-09-19,2025-06-18,77,1,RETAIL,2.75,216,1.368,1.0,3,Strategic High-Value,0.018120979161534684,0.08812478564797598
1874110000114,12740,Darjeeling Clover Trading 659,24162.71,24162.71,1,1,2024-12-17,2024-12-17,1,1,RETAIL,0.0,399,1.0,1.0,1,High Frequency Buyers,-1.222881491657479,0.3670973041367663
1874220000886,12835,Sencha Jasmine Tea Works,152542.38,76271.19,2,1,2025-06-23,2025-06-30,1,1,GLOBAL,0.02,204,2.0,1.0,1,High Frequency Buyers,-1.098814931291711,0.4474047947172391
18744000002445,12465,Ceylon Jasmine Tea Co. 94C,3950414.25,16124.139795918367,122,31,2022-12-08,2025-10-02,45,3,FOOD SERVICE,2.82,110,3.935,0.3333,4,High Value One-Off,2.502420805169504,-1.162395937170559
1875010000694,12821,TeaLeaf Magnolia Tea Co. 677,101694.92,101694.92,1,1,2025-06-02,2025-06-02,1,1,GLOBAL,0.0,232,1.0,1.0,1,High Frequency Buyers,-1.1783331383119147,0.33799827556780115
18781000005215,12396,Herbal Ivy Trading,305975.0,76493.75,3,2,2022-04-07,2023-05-02,4,1,GLOBAL,1.07,994,1.5,1.0,1,High Frequency Buyers,-1.2074144964313906,0.48783324877541195
18781000005285,12397,GreenLeaf Willow Tea Co.,1084385.0,11414.578947368422,15,13,2022-04-07,2025-08-05,29,1,GLOBAL,3.33,168,1.154,1.0,3,Strategic High-Value,-0.29015868266806377,0.02457921864584681
18786000001132,11975,Matcha Rosewood Tea Co.,312767.22,5901.268301886792,5,3,2019-12-03,2021-10-29,37,1,RETAIL,1.91,1544,1.667,1.0,1,High Frequency Buyers,-1.0563032833455004,0.5640351549480438
18786000001158,11976,Darjeeling Lotus Beverages 9C1,15000.0,15000.0,1,1,2019-07-19,2019-07-19,1,1,GLOBAL,0.0,2377,1.0,1.0,1,High Frequency Buyers,-1.8536082704933217,0.8312618380415829
18786000001195,11977,Sencha Bamboo Imports F72,20800.0,10400.0,1,1,2019-07-19,2019-07-19,2,1,GLOBAL,0.0,2377,1.0,1.0,1,High Frequency Buyers,-1.8477397172075694,0.8308767230533933
18796000000357,11922,Sencha Magnolia Distributors B62,603500.0,120700.0,5,5,2019-01-29,2023-01-18,1,1,GLOBAL,3.97,1098,1.0,1.0,1,High Frequency Buyers,-0.8483700982353747,0.21607303737453595
18796000001533,12246,Herbal Sage Tea Works,297113.51,17477.26529411765,17,16,2022-09-23,2025-09-26,4,1,RETAIL,3.01,116,1.062,1.0,3,Strategic High-Value,-0.3942936989110147,0.00323939849308611
18796000001602,12247,Ceylon Cedar Beverages,46450159.93,39464.87674596431,96,42,2021-05-07,2025-02-28,73,1,RETAIL,3.81,326,2.286,1.0,3,Strategic High-Value,0.8320637581693776,0.37462659820550315
18824000000205,11938,TeaLeaf Sage Trading 01D,220050.0,220050.0,1,1,2019-03-28,2019-03-28,1,1,GLOBAL,0.0,2490,1.0,1.0,1,High Frequency Buyers,-1.91294916234169,0.8848010953723182
18839000006708,12663,Silver Tip Sage Holdings 654,11765.0,11765.0,1,1,2024-08-26,2024-08-26,1,1,GLOBAL,0.0,512,1.0,1.0,1,High Frequency Buyers,-1.25756757578093,0.39205343633081274
18861000003187,12137,Darjeeling Maple Imports,7750.0,7750.0,1,1,2020-07-21,2020-07-21,1,1,GLOBAL,0.0,2009,1.0,1.0,1,High Frequency Buyers,-1.7352484465750018,0.7437285671542605
18862000000175,11884,Silver Tip Sage Exports E9A,9934037.31,26420.31199468085,182,61,2018-10-10,2025-08-29,33,1,RETAIL,6.89,144,2.984,1.0,3,Strategic High-Value,1.4653789375446449,-0.05630523440484044
18875000005187,12506,Ceylon Jasmine Exports A50,262922.09,7106.002432432433,8,4,2023-07-04,2024-11-25,13,1,RETAIL,1.4,421,2.0,1.0,1,High Frequency Buyers,-0.8482700950542248,0.3736292422483387
18880000003035,12129,Matcha Willow Tea Co.,37468.16,1784.1980952380954,1,1,2020-08-17,2020-08-17,21,1,RETAIL,0.0,1982,1.0,1.0,1,High Frequency Buyers,-1.6195716617584057,0.7399451452867575
1889550000338,12761,Ceylon Clover Exports,256365.95,9860.228846153846,2,2,2025-09-16,2025-10-17,16,1,RETAIL,0.08,95,1.0,1.0,1,High Frequency Buyers,-1.0117959907781726,0.28654081609906973
18921000001254,11885,Matcha Palm Imports,1111855.77,185309.295,6,6,2018-10-10,2023-02-13,1,1,GLOBAL,4.34,1072,1.0,1.0,1,High Frequency Buyers,-0.7759635652809491,0.18731793995482288
18922000000155,11757,Silver Tip Maple Distributors 1C1,45000.0,45000.0,1,1,2018-05-03,2018-05-03,1,1,GLOBAL,0.0,2819,1.0,1.0,1,High Frequency Buyers,-1.9981828691100305,0.939195720232013
1894110000403,12781,Black Gold Bamboo Tea Works 64E,37200.0,37200.0,1,1,2025-02-20,2025-02-20,1,1,GLOBAL,0.0,334,1.0,1.0,1,High Frequency Buyers,-1.2035989421479916,0.35351832244440246
18958000003389,12598,Golden Bud Magnolia Imports,172050.0,4527.631578947368,11,10,2024-03-26,2025-07-28,10,1,FOOD SERVICE,1.34,176,1.1,1.0,1,High Frequency Buyers,-0.7256290733173417,0.1800039428579501
18958000003401,12599,Herbal Bamboo Beverages,151283.0,18910.375,7,4,2024-07-12,2025-02-21,4,1,RETAIL,0.61,333,1.75,1.0,1,High Frequency Buyers,-0.990308347956795,0.3833638022583842
18966000006024,12175,Matcha Willow Tea Co. 4D7,94080.0,23520.0,2,2,2020-10-21,2021-01-06,4,1,RETAIL,0.21,1840,1.0,1.0,1,High Frequency Buyers,-1.6179380631345008,0.6857184201890816
1898110000604,12878,Golden Bud Palm Imports F98,104500.0,13062.5,4,2,2025-09-01,2025-10-09,3,2,FOOD SERVICE,0.1,103,2.0,0.5,4,High Value One-Off,0.28219386222977405,-0.5811867134129102
1900330000108,12716,Black Gold Rosewood Tea Co. 863,1416000.0,283200.0,5,5,2024-11-21,2025-09-29,1,1,GLOBAL,0.85,113,1.0,1.0,1,High Frequency Buyers,-0.9600845733324909,0.25502438510112624
1902220000191,12782,Oolong Ivy Exports A35,391250.0,55892.857142857145,5,3,2025-02-21,2025-04-30,2,1,GLOBAL,0.19,265,1.667,1.0,1,High Frequency Buyers,-1.0653620567588666,0.3996681185135908
19032000001974,11910,Matcha Fern Exports 949,1516791.27,68945.05772727272,9,7,2018-12-31,2025-10-01,18,1,GLOBAL,6.75,111,1.286,1.0,3,Strategic High-Value,-0.00591337476352569,-0.2058345465458368
1903770000636,12837,Assam Willow Exports A35,1012296.61,1012296.61,1,1,2025-06-26,2025-06-26,1,1,GLOBAL,0.0,208,1.0,1.0,1,High Frequency Buyers,-1.2739141047798603,0.45204875230577
19051000004997,12104,Herbal Sage Tea Works EDC,25780.0,8593.333333333334,2,2,2020-03-04,2020-08-13,2,1,GLOBAL,0.44,1986,1.0,1.0,1,High Frequency Buyers,-1.6434521346551638,0.6993790116954084
19051000005007,12105,Silver Tip Rosewood Holdings FBB,2130075.0,45320.744680851065,35,28,2020-03-10,2025-09-17,14,1,GLOBAL,5.52,125,1.25,1.0,3,Strategic High-Value,0.2613523637648387,-0.2020792633569846
1906990000298,12783,Sencha Ivy Exports 04F,382875.0,42541.666666666664,8,8,2025-02-28,2025-09-22,2,1,GLOBAL,0.56,120,1.0,1.0,1,High Frequency Buyers,-0.9063615329573315,0.22913539934185892
1907440002613,12798,Silver Tip Maple Trading,258336.2,28704.022222222222,5,1,2025-09-17,2025-09-19,7,2,RETAIL,0.01,123,5.0,0.5,4,High Value One-Off,0.45624863726565856,-0.20115238528565763
19081000001066,11899,Sencha Bamboo Tea Co.,81408.0,81408.0,1,1,2019-05-09,2019-05-09,1,1,BULK,0.0,2448,1.0,1.0,1,High Frequency Buyers,-1.8838149183771895,0.8566954004584723
19098000001642,11954,Matcha Sage Imports ED3,177586113.52,25997.088789342703,543,64,2019-08-16,2025-10-09,637,3,RETAIL,6.15,103,8.484,0.3333,0,Loyal Medium Buyers,7.9415137405235345,0.611128534603745
19098000001667,11955,TeaLeaf Orchid Tea Works E0F,14079853.77,14915.099332627118,273,71,2019-07-03,2025-10-01,300,3,RETAIL,6.25,111,3.845,0.3333,4,High Value One-Off,5.272687539597609,-1.3837822740266246
19098000001692,11956,Assam Bamboo Trading,11912116.9,20609.198788927337,171,64,2019-07-03,2025-10-02,238,3,RETAIL,6.25,110,2.672,0.3333,4,High Value One-Off,4.639857526295678,-1.637894911332221
19098000001717,11957,Oolong Fern Holdings,29697583.59,66886.44952702703,204,78,2019-05-28,2025-10-07,18,3,RETAIL,6.36,105,2.615,0.3333,4,High Value One-Off,3.8493512329126007,-1.616909847847599
19098000001743,11958,TeaLeaf Hibiscus Tea Co.,834693.01,12646.863787878789,46,28,2021-12-15,2025-07-03,19,2,RETAIL,3.55,201,1.643,0.5,4,High Value One-Off,1.3360612046683389,-0.9663137851357081
19104000003856,12600,Assam Sage Holdings 9E2,48601.3,12150.325,3,3,2024-07-19,2025-08-01,2,1,RETAIL,1.03,172,1.0,1.0,1,High Frequency Buyers,-0.9655186586718845,0.2220697405585171
19104000003870,12601,Ceylon Maple Exports,680011.9,9189.35,18,8,2024-07-06,2025-08-25,28,1,RETAIL,1.14,148,2.25,1.0,1,High Frequency Buyers,-0.6084907550281602,0.35385767249800265
19110000004913,12330,GreenLeaf Hibiscus Trading 0B5,2976.85,2976.85,1,1,2021-12-08,2021-12-08,1,1,GLOBAL,0.0,1504,1.0,1.0,1,High Frequency Buyers,-1.5734121760195978,0.6242885447873898
19143000003869,12558,Oolong Clover Distributors 1E0,1265000.0,1265000.0,1,1,2023-09-25,2023-09-25,1,1,GLOBAL,0.0,848,1.0,1.0,1,High Frequency Buyers,-1.5069798606913973,0.6358405597954264
19154000005844,12677,Silver Tip Rosewood Trading,1122033.91,160290.55857142856,5,4,2024-09-06,2025-08-13,2,1,GLOBAL,0.93,160,1.25,1.0,1,High Frequency Buyers,-0.9504793279052189,0.27855790727643376
19157000001602,11980,Herbal Magnolia Distributors,77467.05,3873.3525,1,1,2019-09-25,2019-09-25,20,2,RETAIL,0.0,2309,1.0,0.5,1,High Frequency Buyers,-0.4311507679272352,-0.17002362327975398
19157000001628,11981,Golden Bud Maple Imports,195000.0,65000.0,1,1,2019-08-05,2019-08-05,3,1,GLOBAL,0.0,2360,1.0,1.0,1,High Frequency Buyers,-1.842796780674728,0.8349313948389123
19161000010847,12518,TeaLeaf Palm Trading 70F,776901.19,6875.231769911504,66,28,2023-05-18,2025-09-26,6,3,FOOD SERVICE,2.36,116,2.357,0.3333,4,High Value One-Off,2.0185809156016727,-1.3948028877157888
1917330000919,12883,Darjeeling Lotus Trading F81,67500.0,33750.0,2,2,2025-09-09,2025-10-10,1,1,RETAIL,0.08,102,1.0,1.0,1,High Frequency Buyers,-1.0971308414726004,0.28769296277353307
19188000009406,12404,Matcha Hibiscus Holdings,46415.95,23207.975,1,1,2022-05-04,2022-05-04,2,1,GLOBAL,0.0,1357,1.0,1.0,1,High Frequency Buyers,-1.5233659412191507,0.5926595232067744
19188000009416,12405,TeaLeaf Magnolia Trading F51,5211.57,2605.785,2,2,2022-05-04,2024-11-18,1,1,GLOBAL,2.54,428,1.0,1.0,1,High Frequency Buyers,-0.8745399983235738,0.16660643050506482
19205000004233,11949,Assam Jasmine Distributors,580699.32,1599.722644628099,13,11,2019-06-19,2023-05-29,105,3,RETAIL,3.94,967,1.182,0.3333,4,High Value One-Off,2.0150449327302513,-1.4126284068528736
19247000009555,12650,Black Gold Willow Exports 3EC,75000.0,75000.0,1,1,2024-07-05,2024-07-05,1,1,GLOBAL,0.0,564,1.0,1.0,1,High Frequency Buyers,-1.2813459326837833,0.4125997363573262
19250000001329,11886,Black Gold Rosewood Tea Works,1085736.0,271434.0,2,1,2018-10-17,2018-10-17,2,1,GLOBAL,0.0,2652,2.0,1.0,1,High Frequency Buyers,-1.8977280861208632,1.0551806963400154
19262000008455,12592,Matcha Jasmine Beverages,9669.9,879.0818181818181,1,1,2024-03-06,2024-03-06,11,2,RETAIL,0.0,685,1.0,0.5,4,High Value One-Off,0.039859332582317504,-0.554302201357812
19268000002080,12281,Assam Lotus Imports 624,228750.0,11437.5,14,14,2021-07-26,2025-07-31,2,1,FOOD SERVICE,4.01,173,1.0,1.0,3,Strategic High-Value,-0.3386577021787321,-0.0627967653458675
19268000002105,12282,Black Gold Cedar Distributors,566416.8,37761.12,2,2,2021-07-27,2021-08-04,13,1,RETAIL,0.02,1630,1.0,1.0,1,High Frequency Buyers,-1.5281344584107377,0.6572997765105597
19271000003322,12411,Sencha Cedar Exports,114345.0,114345.0,1,1,2022-08-05,2022-08-05,1,1,GLOBAL,0.0,1264,1.0,1.0,1,High Frequency Buyers,-1.5093843106352862,0.5824623012688208
19284000000054,11835,Ceylon Clover Beverages CBF,33470.59,2231.3726666666666,15,14,2018-06-18,2025-07-24,1,1,GLOBAL,7.1,180,1.071,1.0,3,Strategic High-Value,0.06560597329349668,-0.29692350079120683
19285000002844,12000,Herbal Fern Tea Works AB9,99780.0,19956.0,4,3,2019-10-01,2020-11-17,2,1,GLOBAL,1.13,1890,1.333,1.0,1,High Frequency Buyers,-1.4797584622212423,0.6606762460385389
1929110000870,12858,Silver Tip Rosewood Beverages 524,111750.0,37250.0,3,2,2025-07-31,2025-09-25,2,1,FOOD SERVICE,0.15,117,1.5,1.0,1,High Frequency Buyers,-1.0548901842131104,0.3474608588833386
1932330000412,12789,GreenLeaf Hibiscus Distributors 53B,188640.0,62880.0,2,2,2025-03-04,2025-08-28,3,1,GLOBAL,0.48,145,1.0,1.0,1,High Frequency Buyers,-1.0506743929935232,0.2710426853153676
1934110000656,12816,GreenLeaf Ivy Distributors,147788.12,16420.902222222223,2,1,2025-05-20,2025-05-20,9,2,RETAIL,0.0,245,2.0,0.5,4,High Value One-Off,0.23322099444043295,-0.5349048266857825
1934220000030,12717,Silver Tip Cedar Trading,118833.1,3713.534375,2,2,2025-02-14,2025-06-26,23,1,FOOD SERVICE,0.36,208,1.0,1.0,1,High Frequency Buyers,-0.9736326145470883,0.29060086831898263
19372000015649,12693,Sencha Cedar Distributors,109408.0,109408.0,1,1,2025-05-10,2025-05-10,1,1,BULK,0.0,255,1.0,1.0,1,High Frequency Buyers,-1.1865537805817583,0.3444234135180024
19372000015665,12694,Matcha Orchid Trading ED8,12750.0,3187.5,4,4,2024-10-10,2025-09-18,1,1,FOOD SERVICE,0.94,124,1.0,1.0,1,High Frequency Buyers,-0.9450463925413973,0.2116599686178444
19372000015677,12695,Assam Sage Tea Co. EDD,35750.0,5958.333333333333,2,2,2024-10-10,2025-06-25,4,2,FOOD SERVICE,0.71,209,1.0,0.5,4,High Value One-Off,0.2688527437123809,-0.7271439347244295
19386000001549,12211,Herbal Clover Exports 556,4500.0,4500.0,1,1,2021-02-02,2021-02-02,1,1,GLOBAL,0.0,1813,1.0,1.0,1,High Frequency Buyers,-1.6722782987998381,0.697187955107171
1939220000195,12730,Oolong Lotus Imports,168000.0,84000.0,2,1,2024-12-04,2024-12-05,1,1,GLOBAL,0.0,411,2.0,1.0,1,High Frequency Buyers,-1.168409326213439,0.4987418870035623
1941550001031,12840,Matcha Cedar Tea Co. 240,75000.0,75000.0,1,1,2025-06-28,2025-06-28,1,1,GLOBAL,0.0,206,1.0,1.0,1,High Frequency Buyers,-1.1670020952550184,0.328372190175898
19437000004527,12289,Darjeeling Clover Imports,1319234.88,7453.30440677966,43,18,2021-09-01,2023-06-07,16,1,RETAIL,1.76,958,2.389,1.0,1,High Frequency Buyers,-0.613479492149711,0.4867068798964102
19437000005570,12491,Herbal Lotus Beverages,41712.0,20856.0,1,1,2023-05-31,2023-05-31,2,1,GLOBAL,0.0,965,1.0,1.0,1,High Frequency Buyers,-1.3979036470012924,0.5001093845266239
1943770000911,12891,Silver Tip Jasmine Exports,283360.14,7456.845789473685,2,1,2025-09-15,2025-09-15,38,1,RETAIL,0.0,127,2.0,1.0,1,High Frequency Buyers,-0.8718138548298641,0.4288245163605675
19460000001994,12579,Golden Bud Lotus Exports,1636.2,15.582857142857144,1,1,2024-08-01,2024-08-01,105,1,RETAIL,0.0,537,1.0,1.0,1,High Frequency Buyers,-0.7116627886747025,0.4127192846174939
19466000007485,12453,White Pearl Bamboo Holdings,154959.45,6737.3673913043485,12,10,2022-11-15,2025-06-19,7,1,FOOD SERVICE,2.59,215,1.2,1.0,3,Strategic High-Value,-0.5829098758883766,0.10378667970716686
19482000004465,12647,GreenLeaf Lotus Beverages,1502.66,1502.66,1,1,2024-06-18,2024-06-18,1,1,GLOBAL,0.0,581,1.0,1.0,1,High Frequency Buyers,-1.278442341380032,0.4069382702994617
19486000001836,11996,Assam Palm Exports 722,292820.0,20915.714285714286,1,1,2019-09-17,2019-09-17,14,1,GLOBAL,0.0,2317,1.0,1.0,1,High Frequency Buyers,-1.7651575338743908,0.8216005435786796
19501000005754,12454,Darjeeling Bamboo Distributors 209,2444000.0,1222000.0,2,2,2022-10-31,2024-07-02,2,1,GLOBAL,1.67,567,1.0,1.0,1,High Frequency Buyers,-1.1622282175701049,0.4355318654103953
19515000005413,12696,Herbal Jasmine Imports,16950.0,16950.0,1,1,2024-10-08,2024-10-08,1,1,GLOBAL,0.0,469,1.0,1.0,1,High Frequency Buyers,-1.2444214287234874,0.3826182791662027
19520000002773,12225,Silver Tip Maple Imports,100750.0,33583.333333333336,2,2,2021-03-04,2025-08-22,3,1,GLOBAL,4.47,151,1.0,1.0,3,Strategic High-Value,-0.5251087238883069,-0.04560350764435902
1954010000915,12854,Black Gold Cedar Tea Works,2324191.4,15703.995945945946,5,2,2025-07-25,2025-08-22,125,2,RETAIL,0.08,151,2.5,0.5,4,High Value One-Off,0.9521504549129144,-0.4745948126470792
1954330001032,12906,Assam Orchid Distributors,49000.0,49000.0,1,1,2025-09-26,2025-09-26,1,1,FOOD SERVICE,0.0,116,1.0,1.0,1,High Frequency Buyers,-1.1353084876897828,0.30378001239178193
19548000004334,12174,Black Gold Hibiscus Beverages 13F,478500.0,39875.0,11,8,2020-10-20,2021-06-23,2,1,GLOBAL,0.67,1672,1.375,1.0,1,High Frequency Buyers,-1.360707249887203,0.6344885717523454
1955550000243,12769,Ceylon Willow Beverages E05,198750.0,66250.0,2,2,2025-02-14,2025-03-14,2,1,GLOBAL,0.08,312,1.0,1.0,1,High Frequency Buyers,-1.162253228421761,0.3421239059490953
19567000000899,11836,TeaLeaf Cedar Tea Works,331652.79,3768.7817045454544,8,8,2019-06-25,2025-09-10,42,2,FOOD SERVICE,6.21,132,1.0,0.5,4,High Value One-Off,1.347473899963305,-1.198615166914044
19574000004654,12584,Oolong Willow Distributors,968855.8,40368.99166666667,8,7,2024-02-27,2025-09-12,5,1,RETAIL,1.54,130,1.143,1.0,1,High Frequency Buyers,-0.7741006801327315,0.18117929187396314
19575000003339,12274,Assam Cedar Holdings,1339040.16,13000.38990291262,23,15,2021-11-05,2025-12-03,22,1,RETAIL,4.08,48,1.533,1.0,3,Strategic High-Value,-0.118317771867236,-0.0183685690033776
19612000004374,12068,Assam Cedar Trading,458622.49,8338.590727272727,38,28,2020-09-02,2025-09-08,30,2,RETAIL,5.02,134,1.357,0.5,4,High Value One-Off,1.5840268400444708,-1.1433818793282327
19621000002596,12237,Black Gold Maple Beverages F39,39135410.8,738403.9773584905,43,34,2021-04-12,2025-09-29,4,1,GLOBAL,4.47,113,1.265,1.0,3,Strategic High-Value,0.2447490887053981,0.16214776724662847
19621000002616,12238,Oolong Ivy Distributors DE5,51500.0,51500.0,1,1,2021-04-01,2021-04-01,1,1,GLOBAL,0.0,1755,1.0,1.0,1,High Frequency Buyers,-1.6590823062908566,0.6897202201916685
19639000001862,12248,Ceylon Maple Beverages,29202.55,973.4183333333333,1,1,2021-07-06,2021-07-06,30,1,RETAIL,0.0,1659,1.0,1.0,1,High Frequency Buyers,-1.4685221091277219,0.6652128583852985
19658000011508,12523,Ceylon Willow Exports 1B4,29400.0,14700.0,2,2,2023-06-05,2023-07-05,1,1,GLOBAL,0.08,930,1.0,1.0,1,High Frequency Buyers,-1.359493211707993,0.47987974998127503
1966770000352,12770,TeaLeaf Jasmine Exports,1864750.0,372950.0,4,4,2025-01-31,2025-08-21,4,1,GLOBAL,0.55,152,1.0,1.0,1,High Frequency Buyers,-1.0263831143504123,0.30692752898226433
1966990000896,12884,Matcha Magnolia Exports,698027.94,10906.6865625,2,2,2025-09-04,2025-10-02,53,1,RETAIL,0.08,110,1.0,1.0,1,High Frequency Buyers,-0.8186844226937764,0.29866686062320386
19684000005447,12292,TeaLeaf Willow Trading,583945.0,8715.597014925374,14,9,2021-09-21,2025-09-25,26,1,GLOBAL,4.01,117,1.556,1.0,3,Strategic High-Value,-0.2591721142986438,0.025902669273329047
19705000000887,11982,Ceylon Bamboo Beverages,7411192.38,5293.708842857142,132,46,2019-08-15,2024-03-25,149,3,RETAIL,4.61,666,2.87,0.3333,4,High Value One-Off,3.373515235942535,-1.3405240071535407
19706000009978,12312,Black Gold Palm Distributors,11682.85,584.1425,1,1,2021-12-16,2021-12-16,20,1,RETAIL,0.0,1496,1.0,1.0,1,High Frequency Buyers,-1.46960240119406,0.6251399961237664
19717000004562,12463,TeaLeaf Jasmine Tea Works 176,2163674.0,54091.85,30,14,2022-11-28,2025-09-12,18,1,GLOBAL,2.79,130,2.143,1.0,3,Strategic High-Value,-0.31364988729799753,0.19978199146866812
1972770002057,12718,TeaLeaf Ivy Tea Works 25C,304000.0,152000.0,2,2,2024-11-21,2025-07-08,2,1,GLOBAL,0.63,196,1.0,1.0,1,High Frequency Buyers,-1.062583031185836,0.28295835651273704
19772000002432,12026,Herbal Willow Beverages,92184.0,4190.181818181818,5,3,2019-12-19,2020-02-03,21,1,RETAIL,0.13,2178,1.667,1.0,1,High Frequency Buyers,-1.5782512068887058,0.8491592480894913
19773000005074,11989,Golden Bud Rosewood Trading DC0,11750.0,11750.0,1,1,2019-09-03,2019-09-03,1,1,GLOBAL,0.0,2331,1.0,1.0,1,High Frequency Buyers,-1.8385475518084224,0.820012097299561
19785000001021,12069,Assam Fern Holdings D18,19710.16,6570.053333333333,2,2,2020-02-22,2020-06-11,3,1,GLOBAL,0.3,2049,1.0,1.0,1,High Frequency Buyers,-1.676443222717031,0.7250801793729708
19785000001085,12077,Sencha Hibiscus Tea Works,116017.09999999999,14502.137499999999,4,2,2020-07-24,2020-08-24,3,1,GLOBAL,0.08,1975,2.0,1.0,1,High Frequency Buyers,-1.6167638591110247,0.84831538763293
19785000001115,12084,Ceylon Bamboo Distributors 50C,69640.03,1989.7151428571428,3,3,2020-02-22,2020-08-26,30,1,GLOBAL,0.51,1973,1.0,1.0,1,High Frequency Buyers,-1.4590697158685018,0.6899445500740844
19785000001125,12085,Darjeeling Fern Imports,168592.18,6244.154814814815,6,4,2020-02-22,2020-08-14,27,1,GLOBAL,0.48,1985,1.5,1.0,1,High Frequency Buyers,-1.428069057638871,0.7532853057464488
1980770000447,12787,GreenLeaf Hibiscus Exports,180610.19999999998,12040.679999999998,10,8,2025-02-28,2025-10-09,3,1,RETAIL,0.61,103,1.25,1.0,1,High Frequency Buyers,-0.8686325663613992,0.24873018404391833
19860000002055,12016,Herbal Cedar Exports 462,56210044.3,183692.95522875816,300,64,2020-03-12,2025-09-26,9,1,GLOBAL,5.54,116,4.688,1.0,3,Strategic High-Value,1.5619222142264637,0.6781368942024409
19860000002087,12017,Golden Bud Jasmine Holdings AFD,282000.0,31333.333333333332,5,3,2023-02-28,2024-01-30,3,1,GLOBAL,0.92,721,1.667,1.0,1,High Frequency Buyers,-1.1072518507638816,0.4459490050177232
19860000002099,12018,Matcha Lotus Tea Co.,771640.0,11691.515151515152,45,35,2019-12-02,2025-08-20,8,3,FOOD SERVICE,5.72,153,1.286,0.3333,4,High Value One-Off,2.518194768902014,-1.846825720421094
19860000002172,12019,Darjeeling Clover Imports E7B,3745861.05,6949.6494434137285,299,57,2019-11-22,2025-10-07,52,3,RETAIL,5.88,105,5.246,0.3333,4,High Value One-Off,3.696367209421176,-1.1729331905126017
19865000002962,12374,Black Gold Jasmine Tea Co. CE0,912895.5,70222.73076923077,13,8,2022-03-25,2025-02-26,2,1,GLOBAL,2.93,328,1.625,1.0,3,Strategic High-Value,-0.6190393214087577,0.17934738370898928
1986880000117,12772,Assam Sage Trading 942,46400.0,7733.333333333333,2,1,2025-02-06,2025-02-11,3,1,GLOBAL,0.01,343,2.0,1.0,1,High Frequency Buyers,-1.1262510607275187,0.4719724273639461
19875000012898,12586,White Pearl Orchid Beverages 9E3,6621950.0,551829.1666666666,6,4,2023-12-23,2025-05-26,10,1,GLOBAL,1.42,239,1.5,1.0,1,High Frequency Buyers,-0.8797440760823102,0.3731886366646298
19876000002208,12212,Golden Bud Clover Holdings,823000.0,24939.39393939394,31,29,2021-02-08,2025-09-11,4,1,FOOD SERVICE,4.59,131,1.069,1.0,3,Strategic High-Value,0.08819551533203604,-0.17235041077643756
19883000001195,12331,White Pearl Cedar Exports B66,4177925.0,219890.7894736842,16,10,2022-02-28,2024-03-05,7,1,GLOBAL,2.02,686,1.6,1.0,1,High Frequency Buyers,-0.7913383540210647,0.363315527420382
19901000011647,12130,Oolong Magnolia Distributors 65E,26250.0,26250.0,1,1,2020-06-24,2020-06-24,1,1,GLOBAL,0.0,2036,1.0,1.0,1,High Frequency Buyers,-1.745969723697977,0.7525127169707072
19922000002286,11923,GreenLeaf Jasmine Exports,310400.0,16336.842105263158,7,7,2019-01-30,2024-01-05,8,2,FOOD SERVICE,4.93,746,1.0,0.5,4,High Value One-Off,0.7796205273385277,-0.9526603975986689
19950000001074,12078,GreenLeaf Cedar Imports A74,34722.0,34722.0,1,1,2020-02-22,2020-02-22,1,1,GLOBAL,0.0,2159,1.0,1.0,1,High Frequency Buyers,-1.7862160337574187,0.7825648611781362
19950000001084,12080,Herbal Fern Tea Works 190,498153.02,12150.073658536587,6,5,2020-02-29,2021-01-22,32,1,GLOBAL,0.9,1824,1.2,1.0,1,High Frequency Buyers,-1.293115137405064,0.6441245362724014
19950000001096,12082,Oolong Orchid Beverages 736,17361.0,17361.0,1,1,2020-02-22,2020-02-22,1,1,GLOBAL,0.0,2159,1.0,1.0,1,High Frequency Buyers,-1.7842475967620954,0.7802827877753027
19950000001107,12083,Darjeeling Rosewood Beverages 0DE,17361.0,17361.0,1,1,2020-02-22,2020-02-22,1,1,GLOBAL,0.0,2159,1.0,1.0,1,High Frequency Buyers,-1.7842475967620954,0.7802827877753027
19954000013231,12630,Herbal Orchid Exports,282264.49,7056.61225,5,4,2024-09-03,2025-08-01,22,1,RETAIL,0.91,172,1.25,1.0,1,High Frequency Buyers,-0.8355501295716031,0.2618154445966461
19954000013243,12631,Assam Rosewood Trading,622169.58,6990.669438202247,4,4,2024-05-09,2025-08-01,29,1,RETAIL,1.23,172,1.0,1.0,1,High Frequency Buyers,-0.7719544170513638,0.2086824884591506
19963000003152,12341,White Pearl Palm Exports,239379.0,3469.2608695652175,5,3,2022-04-29,2023-02-16,32,2,RETAIL,0.8,1069,1.667,0.5,4,High Value One-Off,0.22130585017366428,-0.44918699980790533
19963000003190,12342,TeaLeaf Hibiscus Distributors BC5,239046.71,640.8758981233244,12,9,2022-02-23,2025-10-16,170,3,FOOD SERVICE,3.64,96,1.333,0.3333,4,High Value One-Off,2.565872545542762,-1.5572285784684914
