customerid,cuscode,customer,country,risk_band_predicted,prob_high,prob_medium,prob_low,risk_score,risk_bucket,total_outstanding_usd,total_outstanding_lkr,max_overdue_days,avg_overdue_days,invoice_count,receipt_count,debit_note_count,credit_note_count,behaviour_cluster,cluster_name,unique_products,unique_categories,top_category,outstanding_0_30,outstanding_31_60,outstanding_61_90,outstanding_91_plus
1002010000765,12856,Darjeeling Cedar Exports 3E9,SRI LANKA,Medium,0.0388,0.94,0.0212,3.9,Low Risk,938.9137293418707,280000.0,45,22.5,2,0.0,0.0,0.0,1.0,High Frequency Buyers,1.0,1.0,GLOBAL,563.235411951386,375.6783173904847,0.0,0.0
1002880000733,12874,Oolong Ivy Imports,SRI LANKA,Medium,0.0703,0.8609,0.0688,7.0,Low Risk,1377.7820425247908,410640.0,23,11.5,2,0.0,0.0,0.0,1.0,High Frequency Buyers,1.0,1.0,GLOBAL,1377.7820425247908,0.0,0.0,0.0
10031000009075,12275,Matcha Sage Distributors 829,SRI LANKA,Medium,0.4233,0.5509,0.0258,42.3,Medium Risk,15087.481798820289,4498753.0,23,6.95,20,2.0,0.0,0.0,4.0,High Value One-Off,111.0,2.0,RETAIL,15087.481798820289,0.0,0.0,0.0
10032000007593,12702,Sencha Bamboo Tea Co. AEF,SRI LANKA,High,0.9165,0.0506,0.0329,91.6,High Risk,563.0198837406206,167078.3,114,90.0,3,1.0,0.0,0.0,1.0,High Frequency Buyers,2.0,1.0,GLOBAL,0.0,0.0,433.0125853020942,130.0072984385263
10048000003503,12343,Herbal Sage Imports,KAZAKHSTAN,High,0.8327,0.058,0.1093,83.3,High Risk,185.5,58385.3,772,673.0,2,0.0,0.0,0.0,4.0,High Value One-Off,21.0,2.0,RETAIL,0.0,0.0,0.0,185.5
1020110002456,12866,White Pearl Maple Beverages E36,SRI LANKA,High,0.799,0.0596,0.1414,79.9,High Risk,61.2027421480609,18166.1,31,31.0,1,1.0,0.0,0.0,0.0,No Sales History,0.0,0.0,Unknown,0.0,61.2027421480609,0.0,0.0
10245000004714,12261,Assam Cedar Distributors,MOROCCO,High,0.9113,0.0169,0.0718,91.1,High Risk,51.0,14720.0,301,264.5,2,0.0,0.0,0.0,4.0,High Value One-Off,33.0,2.0,FOOD SERVICE,0.0,0.0,0.0,51.0
1026660000573,12857,White Pearl Hibiscus Tea Works CBD,SRI LANKA,High,0.7881,0.002,0.2099,78.8,High Risk,16.26006992835847,4850.0,6,6.0,1,0.0,0.0,0.0,1.0,High Frequency Buyers,2.0,1.0,GLOBAL,16.26006992835847,0.0,0.0,0.0
10271000007691,12588,TeaLeaf Magnolia Imports D1A,SRI LANKA,High,0.9383,0.0617,0.0,93.8,High Risk,2457.401415141428,732682.1000000001,131,52.666666666666664,9,0.0,0.0,0.0,0.0,No Sales History,0.0,0.0,Unknown,1200.586719904853,1032.3306935557048,74.69580362970432,149.78819805116595
10271000007704,12589,Ceylon Bamboo Imports,SAUDI ARABIA,High,0.7566,0.1387,0.1047,75.7,High Risk,75686.9,22612355.5,242,138.0,3,2.0,0.0,0.0,4.0,High Value One-Off,3.0,2.0,BULK,75536.9,0.0,0.0,150.0
10283000001926,12416,Assam Palm Tea Co. 650,SRI LANKA,High,0.744,0.1708,0.0852,74.4,High Risk,48765.36,14365693.3,1126,217.93103448275863,58,0.0,0.0,0.0,4.0,High Value One-Off,115.0,2.0,FOOD SERVICE,15530.0,1387.5,7527.66,24320.2
10299000004832,12569,White Pearl Cedar Trading 0AB,SRI LANKA,High,0.8257,0.1741,0.0002,82.6,High Risk,1196.8271862760705,357090.8,66,29.285714285714285,7,0.0,0.0,0.0,0.0,No Sales History,0.0,0.0,Unknown,911.9171765259538,282.7877716231116,2.122238127005093,0.0
10299000004845,12570,TeaLeaf Rosewood Imports,IRAN,High,0.6433,0.1796,0.1771,64.3,Medium Risk,182307.56,54462662.0,346,225.16666666666666,6,0.0,0.0,0.0,1.0,High Frequency Buyers,3.0,1.0,BULK,181798.0,0.0,0.0,509.5599999999977
10305000000020,11773,Assam Lotus Holdings 87E,SRI LANKA,High,0.857,0.1046,0.0385,85.7,High Risk,27787.63114343163,8250030.100000001,463,114.56,25,4.0,0.0,0.0,3.0,Strategic High-Value,61.0,1.0,RETAIL,20208.088889332765,1142.0707578756405,139.3233918041393,6298.148104419084
10305000000053,11774,Darjeeling Hibiscus Holdings,UKRAINE,Low,0.1845,0.0328,0.7827,18.4,Low Risk,63525.48,18749812.2,0,0.0,1,0.0,0.0,0.0,4.0,High Value One-Off,62.0,3.0,RETAIL,63525.48,0.0,0.0,0.0
10378000012413,12602,Assam Maple Beverages 6FD,SRI LANKA,High,0.6875,0.1825,0.13,68.8,Medium Risk,11830.967954036083,3482703.9,218,130.6,35,0.0,0.0,0.0,4.0,High Value One-Off,47.0,2.0,FOOD SERVICE,1419.76343863231,0.0,878.0745492920053,9533.129966111768
10382000006095,12412,Oolong Clover Distributors 327,SRI LANKA,High,0.8999,0.0164,0.0837,90.0,High Risk,6621.857641391472,1975320.0,59,59.0,1,0.0,0.0,0.0,3.0,Strategic High-Value,2.0,1.0,GLOBAL,0.0,6621.857641391472,0.0,0.0
10417000006401,12406,Ceylon Clover Tea Co.,SRI LANKA,Medium,0.1735,0.7617,0.0648,17.3,Low Risk,651.8288586562142,194550.0,58,28.0,3,0.0,0.0,0.0,3.0,Strategic High-Value,9.0,1.0,GLOBAL,434.4516181370966,217.3772405191176,0.0,0.0
10421000009863,12413,Oolong Clover Exports,SRI LANKA,Medium,0.1547,0.7421,0.1032,15.5,Low Risk,238.6762609735948,71325.0,58,29.0,2,0.0,0.0,0.0,3.0,Strategic High-Value,21.0,1.0,GLOBAL,224.4302583181399,14.24600265545489,0.0,0.0
10474000005455,12651,Black Gold Bamboo Tea Works E78,SRI LANKA,High,0.8352,0.1116,0.0532,83.5,High Risk,818.5277200922361,241950.0,119,81.66666666666667,3,1.0,0.0,0.0,1.0,High Frequency Buyers,4.0,1.0,GLOBAL,0.0,201.4232567320688,202.7982096974048,414.3062536627625
10494000009817,12349,Matcha Fern Tea Works,ALGERIA,High,0.9143,0.0228,0.0628,91.4,High Risk,1028.6599999999962,322805.4,1135,820.0,3,0.0,0.0,0.0,4.0,High Value One-Off,27.0,2.0,RETAIL,0.0,0.0,0.0,1028.6599999999962
10498000001000,12052,Ceylon Cedar Beverages BBD,SRI LANKA,High,0.9678,0.0,0.0322,96.8,High Risk,0.0093657425969986,1.8,1653,1653.0,1,1.0,0.0,0.0,1.0,High Frequency Buyers,158.0,1.0,GLOBAL,0.0,0.0,0.0,0.0093657425969986
1050010000965,12894,Oolong Fern Imports 19B,SRI LANKA,Low,0.0502,0.0,0.9498,5.0,Low Risk,1648.735372471567,491520.0,0,0.0,1,0.0,0.0,0.0,1.0,High Frequency Buyers,1.0,1.0,GLOBAL,1648.735372471567,0.0,0.0,0.0
10506000000393,11939,Assam Lotus Exports C29,SRI LANKA,High,0.7576,0.1901,0.0523,75.8,High Risk,573942.0738823335,169639062.9,137,39.133633633633636,666,4.0,0.0,0.0,0.0,Loyal Medium Buyers,339.0,1.0,GLOBAL,300248.80665478285,88481.12054277421,35364.904168670284,149847.24251610608
10506000000418,11940,Golden Bud Willow Beverages 06D,SRI LANKA,Low,0.38,0.1475,0.4725,38.0,Medium Risk,999.368270864427,298104.0,0,0.0,2,1.0,0.0,0.0,3.0,Strategic High-Value,34.0,1.0,RETAIL,999.368270864427,0.0,0.0,0.0
10506000000444,11941,Golden Bud Sage Tea Works,SRI LANKA,Medium,0.3058,0.6283,0.066,30.6,Medium Risk,4145.264128412495,1236763.4,50,10.0,14,1.0,0.0,0.0,4.0,High Value One-Off,23.0,2.0,RETAIL,3303.2780645943076,841.9860638181873,0.0,0.0
10551000004232,12548,TeaLeaf Sage Tea Works,SRI LANKA,Medium,0.3136,0.6472,0.0392,31.4,Medium Risk,2004.3813560922483,597375.0,25,12.285714285714286,7,0.0,0.0,0.0,4.0,High Value One-Off,2.0,2.0,RETAIL,2004.3813560922483,0.0,0.0,0.0
10580000009258,12176,Ceylon Orchid Exports,TRINIDAD AND TOBAGO,Low,0.1224,0.2936,0.584,12.2,Low Risk,125095.74,37313198.1,0,0.0,2,0.0,0.0,0.0,4.0,High Value One-Off,83.0,2.0,RETAIL,125095.74,0.0,0.0,0.0
10636000003707,12549,White Pearl Willow Distributors 562,SRI LANKA,Low,0.2153,0.007,0.7777,21.5,Low Risk,219.7440400229058,65657.1,0,0.0,1,1.0,0.0,0.0,4.0,High Value One-Off,11.0,3.0,RETAIL,219.7440400229058,0.0,0.0,0.0
1074010000609,12828,Herbal Ivy Tea Works A65,SRI LANKA,Medium,0.151,0.8086,0.0404,15.1,Low Risk,767.1036622035451,228913.0,73,14.6,5,0.0,0.0,0.0,4.0,High Value One-Off,30.0,2.0,RETAIL,767.0996959916031,0.0,0.0039662119421565,0.0
1074770000098,12754,Black Gold Cedar Tea Co.,SRI LANKA,High,0.9673,0.0327,0.0,96.7,High Risk,6970.109499774532,2076064.6,108,47.23529411764706,17,0.0,0.0,0.0,0.0,No Sales History,0.0,0.0,Unknown,3089.159447839912,2199.8863633471724,1664.0068716786807,17.056816908767207
10801000003559,12388,Assam Clover Holdings ECC,SRI LANKA,High,0.9792,0.0025,0.0183,97.9,High Risk,0.2468751184602383,77.5,883,883.0,1,0.0,0.0,0.0,1.0,High Frequency Buyers,2.0,1.0,GLOBAL,0.0,0.0,0.0,0.2468751184602383
1083330000215,12744,Silver Tip Clover Imports,SRI LANKA,High,0.4439,0.4047,0.1514,44.4,Medium Risk,257.5977328574029,76700.0,38,20.0,3,1.0,0.0,0.0,4.0,High Value One-Off,2.0,2.0,GLOBAL,158.41533205157108,99.1824008058318,0.0,0.0
10902000007919,12240,Assam Maple Tea Co.,SRI LANKA,High,0.8272,0.1703,0.0025,82.7,High Risk,562.5260747015046,167485.1,114,56.69230769230769,13,0.0,0.0,0.0,0.0,No Sales History,0.0,0.0,Unknown,254.78649940221575,137.857242201612,148.47764933046315,21.4046837672137
10913000004042,12648,Darjeeling Bamboo Holdings,CAMBODIA,High,0.4136,0.3436,0.2428,41.4,Medium Risk,30990.15,9241777.1,349,165.0,3,0.0,0.0,0.0,4.0,High Value One-Off,57.0,2.0,FOOD SERVICE,30905.15,0.0,0.0,85.0
1096990001001,12804,Assam Rosewood Tea Works,SRI LANKA,High,0.8832,0.002,0.1148,88.3,High Risk,4.570216811085518,1350.0,133,133.0,1,0.0,0.0,0.0,1.0,High Frequency Buyers,1.0,1.0,RETAIL,0.0,0.0,0.0,4.570216811085518
11031000007557,12636,Silver Tip Hibiscus Imports,SRI LANKA,High,0.9632,0.0,0.0368,96.3,High Risk,404.6392220137207,120000.0,80,80.0,1,1.0,0.0,0.0,1.0,High Frequency Buyers,1.0,1.0,GLOBAL,0.0,0.0,404.6392220137207,0.0
11046000000708,11902,TeaLeaf Magnolia Tea Co.,SRI LANKA,High,0.9403,0.0033,0.0563,94.0,High Risk,0.0114498063187259,3.4,512,512.0,1,2.0,0.0,0.0,4.0,High Value One-Off,23.0,2.0,FOOD SERVICE,0.0,0.0,0.0,0.0114498063187259
11055000004922,12681,Sencha Lotus Holdings,SRI LANKA,Low,0.4293,0.009,0.5617,42.9,Medium Risk,19.74802193436226,5900.0,0,0.0,1,0.0,0.0,0.0,4.0,High Value One-Off,3.0,2.0,RETAIL,19.74802193436226,0.0,0.0,0.0
11062000009989,12531,Darjeeling Hibiscus Beverages D38,SRI LANKA,High,0.9685,0.0198,0.0117,96.9,High Risk,61446.15817637359,18192318.7,438,94.33333333333333,39,0.0,0.0,0.0,0.0,No Sales History,0.0,0.0,Unknown,13490.145775652774,9155.969971233655,9195.982824792352,29604.05960469481
11082000004726,12407,Darjeeling Clover Tea Co.,SRI LANKA,High,0.6379,0.2779,0.0842,63.8,Medium Risk,1750.945662339649,516840.0,161,61.0,4,0.0,0.0,0.0,4.0,High Value One-Off,20.0,3.0,FOOD SERVICE,442.85779194342933,0.0,887.536074363841,420.5517960323789
1110220000221,12778,Oolong Palm Beverages,SRI LANKA,Medium,0.1592,0.8076,0.0332,15.9,Low Risk,1016.8233946314074,302670.0,71,19.285714285714285,7,0.0,0.0,0.0,4.0,High Value One-Off,7.0,2.0,FOOD SERVICE,772.0661710030126,99.1824008058318,145.574822822563,0.0
11155000005789,12483,Herbal Bamboo Distributors,SRI LANKA,High,0.9127,0.0517,0.0356,91.3,High Risk,5480.570299732274,1619335.2,450,255.66666666666666,6,0.0,0.0,0.0,3.0,Strategic High-Value,3.0,1.0,GLOBAL,0.0,1254.836262570657,0.0,4225.734037161617
11171000004745,12543,Oolong Rosewood Tea Co.,SRI LANKA,High,0.6855,0.1858,0.1287,68.6,Medium Risk,3321.282794613921,991404.0,688,156.0,5,0.0,0.0,0.0,1.0,High Frequency Buyers,2.0,1.0,GLOBAL,3290.202013361165,0.0,0.0,31.08078125275601
11190000000069,11813,White Pearl Sage Exports 361,SRI LANKA,High,0.9773,0.0227,0.0,97.7,High Risk,19889.972421935334,5904709.3,213,76.0952380952381,21,0.0,0.0,0.0,0.0,No Sales History,0.0,0.0,Unknown,6926.378414970706,2860.354235404357,3837.5239892476866,6265.715782312586
11221000007188,12563,White Pearl Lotus Tea Co.,SRI LANKA,Low,0.4839,0.0255,0.4906,48.4,Medium Risk,219.5657559213197,65500.0,11,11.0,1,0.0,0.0,0.0,1.0,High Frequency Buyers,18.0,1.0,GLOBAL,219.5657559213197,0.0,0.0,0.0
11241000012993,12603,Matcha Cedar Imports B08,SRI LANKA,High,0.6209,0.3072,0.072,62.1,Medium Risk,97.20112173536447,28910.0,505,252.5,2,0.0,0.0,0.0,3.0,Strategic High-Value,2.0,1.0,FOOD SERVICE,58.05918448702505,0.0,0.0,39.14193724833942
11245000000077,11779,Darjeeling Magnolia Trading,SRI LANKA,Medium,0.2103,0.7164,0.0733,21.0,Low Risk,396.0893358657635,118000.0,32,16.0,2,1.0,0.0,0.0,4.0,High Value One-Off,8.0,3.0,FOOD SERVICE,197.4698423387391,198.6194935270244,0.0,0.0
11245000000085,11780,Silver Tip Magnolia Imports,SRI LANKA,Medium,0.3018,0.5412,0.157,30.2,Medium Risk,376.3381067173004,112255.9,9,3.0,3,0.0,0.0,0.0,4.0,High Value One-Off,10.0,2.0,RETAIL,376.3381067173004,0.0,0.0,0.0
1125330000162,12751,Assam Rosewood Imports,SRI LANKA,High,0.8002,0.106,0.0938,80.0,High Risk,259.0863012525208,77290.0,39,23.5,2,0.0,0.0,0.0,4.0,High Value One-Off,4.0,2.0,FOOD SERVICE,139.374561889074,119.7117393634468,0.0,0.0
11268000005598,12421,Matcha Maple Tea Co. FC9,SRI LANKA,Medium,0.2519,0.6421,0.1061,25.2,Low Risk,262.2803526603622,78275.0,58,38.666666666666664,3,0.0,0.0,0.0,3.0,Strategic High-Value,14.0,1.0,GLOBAL,66.10451609318629,196.17583656717593,0.0,0.0
11270000007257,12678,Golden Bud Palm Imports 1CE,SRI LANKA,High,0.9837,0.0,0.0163,98.4,High Risk,530.2598340313741,157600.0,37,37.0,1,0.0,0.0,0.0,1.0,High Frequency Buyers,1.0,1.0,GLOBAL,0.0,530.2598340313741,0.0,0.0
11287000004415,12505,GreenLeaf Rosewood Holdings,SRI LANKA,High,0.6979,0.2644,0.0376,69.8,Medium Risk,2132.0620546482214,630269.6,475,249.5,6,0.0,0.0,2.0,3.0,Strategic High-Value,4.0,1.0,GLOBAL,1170.685877029534,0.0,0.0,961.3761776186875
1147440000662,12901,Matcha Palm Holdings CF6,SRI LANKA,Low,0.3573,0.01,0.6327,35.7,Medium Risk,107.2827536812118,31995.0,23,23.0,1,0.0,0.0,0.0,1.0,High Frequency Buyers,2.0,1.0,GLOBAL,107.2827536812118,0.0,0.0,0.0
11514000002292,12293,Sencha Fern Imports,SRI LANKA,High,0.7061,0.2209,0.073,70.6,High Risk,1468.5548116879195,433650.0,325,119.2,5,0.0,0.0,0.0,4.0,High Value One-Off,45.0,3.0,FOOD SERVICE,548.3651197162744,0.0,0.0,920.1896919716452
11516000008649,12055,White Pearl Fern Exports 033,SRI LANKA,High,0.8776,0.0832,0.0392,87.8,High Risk,10351.282243941267,3050325.0,618,464.75,4,1.0,0.0,0.0,4.0,High Value One-Off,17.0,3.0,RETAIL,0.0,0.0,0.0,10351.282243941267
1157550000792,12830,GreenLeaf Cedar Exports,SRI LANKA,Low,0.3727,0.0053,0.622,37.3,Medium Risk,175.4276216744355,52320.0,0,0.0,1,0.0,0.0,0.0,1.0,High Frequency Buyers,18.0,1.0,RETAIL,175.4276216744355,0.0,0.0,0.0
11585000014254,12664,Darjeeling Rosewood Tea Works 5AA,SRI LANKA,High,0.9851,0.0,0.0149,98.5,High Risk,724.9343065103712,215350.0,63,63.0,1,0.0,0.0,0.0,1.0,High Frequency Buyers,6.0,1.0,GLOBAL,0.0,0.0,724.9343065103712,0.0
11675000000069,11787,Assam Magnolia Imports B30,SRI LANKA,Low,0.1873,0.3037,0.5089,18.7,Low Risk,11079.301270907052,3308661.9,28,8.0,7,0.0,0.0,0.0,4.0,High Value One-Off,74.0,2.0,RETAIL,11079.301270907052,0.0,0.0,0.0
11675000000085,11789,Herbal Magnolia Imports,SRI LANKA,Low,0.1089,0.014,0.8771,10.9,Low Risk,86.03820947999263,25665.0,0,0.0,1,0.0,0.0,0.0,4.0,High Value One-Off,8.0,2.0,FOOD SERVICE,86.03820947999263,0.0,0.0,0.0
1185990000414,12790,Black Gold Ivy Tea Co.,SRI LANKA,Low,0.1005,0.0282,0.8714,10.0,Low Risk,59.22348970899852,17700.0,0,0.0,1,0.0,0.0,0.0,4.0,High Value One-Off,3.0,2.0,FOOD SERVICE,59.22348970899852,0.0,0.0,0.0
1187880000500,12763,Herbal Clover Trading,SRI LANKA,High,0.9243,0.0025,0.0732,92.4,High Risk,117.0090143443751,34220.0,254,254.0,1,0.0,0.0,0.0,1.0,High Frequency Buyers,3.0,1.0,GLOBAL,0.0,0.0,0.0,117.0090143443751
11888000010991,12637,GreenLeaf Lotus Tea Works,SRI LANKA,Low,0.3605,0.022,0.6175,36.0,Medium Risk,41.48567017066054,12381.0,0,0.0,1,0.0,0.0,0.0,4.0,High Value One-Off,15.0,3.0,FOOD SERVICE,41.48567017066054,0.0,0.0,0.0
1194330000154,12721,Ceylon Maple Tea Co.,SRI LANKA,High,0.9519,0.0,0.0481,95.2,High Risk,482.3701169867026,143808.0,18,18.0,1,0.0,0.0,0.0,1.0,High Frequency Buyers,15.0,1.0,RETAIL,482.3701169867026,0.0,0.0,0.0
11945000001824,12031,Sencha Jasmine Holdings,GEORGIA,High,0.6836,0.1346,0.1818,68.4,Medium Risk,90342.15,26945358.7,451,202.66666666666666,3,0.0,0.0,1.0,4.0,High Value One-Off,55.0,2.0,RETAIL,90264.15,0.0,0.0,78.0
1195110000796,12844,Sencha Sage Trading,SYRIA,High,0.919,0.012,0.069,91.9,High Risk,47455.89,14165217.8,45,45.0,1,1.0,0.0,0.0,4.0,High Value One-Off,59.0,2.0,FOOD SERVICE,0.0,47455.89,0.0,0.0
11980000004238,12188,TeaLeaf Jasmine Tea Co.,SRI LANKA,High,0.7105,0.163,0.1265,71.0,High Risk,2263.782852088156,670402.7,111,27.75,4,1.0,0.0,0.0,4.0,High Value One-Off,58.0,3.0,FOOD SERVICE,711.6196305483238,0.0,0.0,1552.163221539832
11980000004900,12197,Silver Tip Orchid Beverages,SRI LANKA,High,0.9198,0.026,0.0542,92.0,High Risk,118.79296540414647,36639.0,609,560.6666666666666,3,0.0,0.0,0.0,4.0,High Value One-Off,10.0,2.0,RETAIL,0.0,0.0,0.0,118.79296540414647
11980000004992,12199,Darjeeling Hibiscus Tea Co.,SRI LANKA,High,0.7122,0.002,0.2858,71.2,High Risk,3.163030631859718,945.0,17,17.0,1,0.0,0.0,0.0,4.0,High Value One-Off,9.0,3.0,FOOD SERVICE,3.163030631859718,0.0,0.0,0.0
11980000005091,12202,GreenLeaf Palm Distributors,RUSSIA,Low,0.416,0.0293,0.5547,41.6,Medium Risk,119704.77,35687331.7,0,0.0,1,0.0,13.0,0.0,3.0,Strategic High-Value,26.0,1.0,RETAIL,119704.77,0.0,0.0,0.0
12076000007949,12476,Darjeeling Lotus Trading,SRI LANKA,High,0.7856,0.1486,0.0658,78.6,High Risk,209648.36469857694,62408147.3,588,190.63483146067415,178,2.0,0.0,0.0,0.0,Loyal Medium Buyers,513.0,2.0,RETAIL,37720.21383090983,23810.98397743987,14587.67421693692,133529.49267329034
12102000001530,11983,Darjeeling Orchid Distributors 594,SOUTH AFRICA,High,0.6052,0.2597,0.1351,60.5,Medium Risk,141732.83000000002,42258122.2,621,308.75,4,0.0,1.0,1.0,4.0,High Value One-Off,82.0,2.0,RETAIL,139748.63,0.0,0.0,1984.200000000004
1211550000335,12824,Oolong Maple Beverages 63F,SRI LANKA,High,0.4828,0.4544,0.0628,48.3,Medium Risk,100.55077669059226,29970.0,99,49.5,2,0.0,0.0,0.0,1.0,High Frequency Buyers,1.0,1.0,RETAIL,79.97528614718932,0.0,0.0,20.57549054340294
12118000005868,12209,Herbal Sage Exports,SRI LANKA,High,0.7938,0.1289,0.0773,79.4,High Risk,180.11418894851317,53690.0,51,44.5,2,0.0,0.0,0.0,4.0,High Value One-Off,8.0,2.0,FOOD SERVICE,0.0,180.11418894851317,0.0,0.0
1212660000541,12791,TeaLeaf Fern Tea Co.,SRI LANKA,Medium,0.1909,0.7735,0.0356,19.1,Low Risk,398.6523304499592,119000.0,25,12.5,2,0.0,0.0,0.0,1.0,High Frequency Buyers,17.0,1.0,GLOBAL,398.6523304499592,0.0,0.0,0.0
12141000008288,12474,Silver Tip Lotus Tea Co.,NORTH CYPRUS,High,0.8546,0.0456,0.0997,85.5,High Risk,91.0599999999904,27611.0,916,522.0,2,0.0,0.0,0.0,1.0,High Frequency Buyers,36.0,1.0,RETAIL,0.0,0.0,0.0,91.0599999999904
12190000002292,12446,Darjeeling Clover Beverages ACC,SRI LANKA,High,0.8783,0.0025,0.1192,87.8,High Risk,231.9518000102113,68600.0,103,103.0,1,1.0,0.0,0.0,3.0,Strategic High-Value,17.0,1.0,GLOBAL,0.0,0.0,0.0,231.9518000102113
12192000000556,11904,Ceylon Rosewood Holdings F7A,SRI LANKA,Medium,0.1019,0.812,0.086,10.2,Low Risk,476.2175169305818,142100.0,30,18.666666666666668,3,1.0,0.0,0.0,3.0,Strategic High-Value,7.0,1.0,GLOBAL,476.2175169305818,0.0,0.0,0.0
1221660000514,12825,Sencha Rosewood Tea Works C6E,SRI LANKA,High,0.9801,0.0,0.0199,98.0,High Risk,1008.854717858645,300000.0,65,65.0,1,0.0,0.0,0.0,1.0,High Frequency Buyers,2.0,1.0,GLOBAL,0.0,0.0,1008.854717858645,0.0
12254000001902,12435,Matcha Rosewood Trading,KUWAIT,Low,0.2679,0.2053,0.5269,26.8,Low Risk,48336.869999999995,14424531.2,0,0.0,2,0.0,0.0,0.0,4.0,High Value One-Off,44.0,2.0,FOOD SERVICE,48336.869999999995,0.0,0.0,0.0
12301000000759,12006,White Pearl Maple Imports 0BC,SRI LANKA,High,0.8828,0.0759,0.0413,88.3,High Risk,4705.913527558898,1401049.0,114,62.4,5,1.0,0.0,0.0,3.0,Strategic High-Value,7.0,1.0,GLOBAL,0.0,1983.8196961773788,2309.767483706537,412.3263476749818
12301000000784,12007,GreenLeaf Palm Trading,SRI LANKA,High,0.8857,0.0672,0.0471,88.6,High Risk,9689.329602873388,2842307.0,230,172.55555555555554,18,0.0,0.0,0.0,3.0,Strategic High-Value,5.0,1.0,GLOBAL,0.0,0.0,0.0,9689.329602873388
1234770000547,12864,GreenLeaf Clover Distributors,SRI LANKA,Medium,0.2984,0.4637,0.2378,29.8,Low Risk,3249.25513087266,968837.6,38,11.0,6,0.0,0.0,0.0,1.0,High Frequency Buyers,18.0,1.0,RETAIL,2657.651946546035,591.6031843266254,0.0,0.0
12450000008544,12580,Silver Tip Bamboo Tea Works 040,SRI LANKA,Medium,0.2293,0.7693,0.0014,22.9,Low Risk,379.3066433331125,113326.4,129,44.666666666666664,3,0.0,0.0,0.0,0.0,No Sales History,0.0,0.0,Unknown,378.4230651986178,0.0,0.0,0.8835781344947009
12470000005321,12203,Assam Fern Trading,SRI LANKA,High,0.8785,0.0071,0.1143,87.8,High Risk,19.85860672015252,5900.0,66,66.0,1,0.0,0.0,0.0,4.0,High Value One-Off,3.0,2.0,FOOD SERVICE,0.0,0.0,19.85860672015252,0.0
1247440001042,12877,Assam Palm Holdings,SRI LANKA,High,0.6391,0.2809,0.08,63.9,Medium Risk,687.2451326282534,205000.0,4,4.0,2,0.0,0.0,0.0,1.0,High Frequency Buyers,2.0,1.0,GLOBAL,687.2451326282534,0.0,0.0,0.0
1258220000230,12725,Silver Tip Cedar Exports CF2,SRI LANKA,Medium,0.1393,0.7835,0.0772,13.9,Low Risk,316.96588445130493,94400.0,32,16.0,2,0.0,0.0,0.0,4.0,High Value One-Off,6.0,2.0,FOOD SERVICE,207.7251630114415,109.2407214398634,0.0,0.0
12634000002450,12218,Black Gold Ivy Tea Co. C1A,SRI LANKA,High,0.7068,0.2586,0.0346,70.7,High Risk,517.5456527194046,152904.0,452,188.0,8,0.0,0.0,0.0,4.0,High Value One-Off,3.0,2.0,RETAIL,138.0366325318633,98.56722573752592,0.0,280.94179445001544
1263990000633,12832,White Pearl Sage Tea Co. B7F,SRI LANKA,Medium,0.1722,0.7869,0.0409,17.2,Low Risk,930.6355633650769,277000.0,86,55.666666666666664,3,0.0,0.0,0.0,1.0,High Frequency Buyers,1.0,1.0,GLOBAL,553.1386933254933,0.0,377.4968700395836,0.0
12641000000163,11952,Golden Bud Magnolia Tea Co.,UNITED STATES,High,0.7229,0.0168,0.2602,72.3,High Risk,6577.31,1923574.4,247,247.0,1,2.0,0.0,0.0,4.0,High Value One-Off,60.0,2.0,RETAIL,0.0,0.0,0.0,6577.31
1266990000654,12838,Ceylon Magnolia Imports E1E,GERMANY,Low,0.3445,0.0073,0.6482,34.4,Medium Risk,102081.5807975798,30450159.7,0,0.0,1,0.0,0.0,0.0,1.0,High Frequency Buyers,16.0,1.0,RETAIL,102081.5807975798,0.0,0.0,0.0
12674000006383,12665,Silver Tip Ivy Imports,SRI LANKA,Medium,0.3949,0.4982,0.1069,39.5,Medium Risk,206.016446926893,61124.0,239,98.33333333333333,3,0.0,0.0,0.0,4.0,High Value One-Off,7.0,3.0,FOOD SERVICE,19.74698423387391,154.6128346123105,0.0,31.65662808070858
12674000006410,12667,Ceylon Palm Tea Co.,GHANA,High,0.8741,0.0,0.1259,87.4,High Risk,39.91999999999825,11705.9,245,245.0,1,0.0,0.0,0.0,4.0,High Value One-Off,29.0,2.0,RETAIL,0.0,0.0,0.0,39.91999999999825
12675000006409,12625,Black Gold Clover Tea Co. 236,SRI LANKA,Low,0.1286,0.157,0.7144,12.9,Low Risk,3916.637102465749,1169427.2,0,0.0,3,0.0,0.0,0.0,1.0,High Frequency Buyers,4.0,1.0,GLOBAL,3916.637102465749,0.0,0.0,0.0
1268660000381,12776,Darjeeling Lotus Imports ACF,SRI LANKA,High,0.9625,0.0375,0.0,96.2,High Risk,6766.248357361774,1996986.6,224,112.55555555555556,9,0.0,0.0,0.0,0.0,No Sales History,0.0,0.0,Unknown,672.2096949050656,696.4337985516743,1382.8649658848806,4014.7398980201533
12769000002573,12228,Black Gold Palm Distributors F28,SRI LANKA,High,0.9673,0.0327,0.0,96.7,High Risk,7683.708037605982,2291643.5,86,29.666666666666668,15,0.0,0.0,0.0,0.0,No Sales History,0.0,0.0,Unknown,6015.846368359045,1512.8030979888174,155.0585712581201,0.0
12780000004572,12171,Silver Tip Orchid Tea Co.,SRI LANKA,High,0.9417,0.002,0.0563,94.2,High Risk,782.1329931482974,232458.4,29,29.0,1,0.0,0.0,0.0,3.0,Strategic High-Value,4.0,1.0,GLOBAL,782.1329931482974,0.0,0.0,0.0
12799000003587,12536,Golden Bud Willow Trading,SRI LANKA,High,0.9111,0.0259,0.063,91.1,High Risk,102.78903727800248,29602.7,327,207.0,4,0.0,4.0,0.0,1.0,High Frequency Buyers,3.0,1.0,GLOBAL,-10.43733158620446,0.0,0.0,113.22636886420693
12811000003040,12477,TeaLeaf Hibiscus Distributors EB0,SRI LANKA,High,0.8055,0.1069,0.0876,80.6,High Risk,17962.96481751983,5352483.5,97,42.40909090909091,22,0.0,0.0,0.0,3.0,Strategic High-Value,5.0,1.0,GLOBAL,9033.259630729757,5269.348773172497,2833.872589816773,826.4838238008035
12856000002033,11969,Silver Tip Ivy Trading,SRI LANKA,High,0.5433,0.3511,0.1056,54.3,Medium Risk,1240.9534807446662,369012.69999999995,99,34.0,3,0.0,0.0,0.0,4.0,High Value One-Off,14.0,3.0,RETAIL,794.4063698144914,0.0,0.0,446.5471109301747
1292110000847,12880,Assam Jasmine Tea Co. 749,SRI LANKA,Medium,0.1139,0.6981,0.188,11.4,Low Risk,296.5804524373951,88464.0,10,3.3333333333333335,3,0.0,0.0,0.0,4.0,High Value One-Off,6.0,2.0,FOOD SERVICE,296.5804524373951,0.0,0.0,0.0
12934000024644,12315,Oolong Palm Beverages C6C,SRI LANKA,High,0.7248,0.2222,0.053,72.5,High Risk,3773.535659749156,1128328.2,702,183.8181818181818,11,1.0,0.0,0.0,4.0,High Value One-Off,22.0,2.0,RETAIL,3633.5961740172456,0.0,22.3243561919655,117.61512953994463
1294440000949,12839,Silver Tip Cedar Tea Co.,SPAIN,High,0.5873,0.0179,0.3948,58.7,Medium Risk,50223.45759442698,14979226.6,26,26.0,1,0.0,0.0,0.0,1.0,High Frequency Buyers,15.0,1.0,FOOD SERVICE,50223.45759442698,0.0,0.0,0.0
1299330000284,12792,Matcha Clover Tea Works E25,SRI LANKA,High,0.9207,0.016,0.0633,92.1,High Risk,195.7018169527833,58250.0,55,55.0,1,0.0,0.0,0.0,1.0,High Frequency Buyers,1.0,1.0,GLOBAL,0.0,195.7018169527833,0.0,0.0
1300770000689,12888,Black Gold Jasmine Imports,LONDON,High,0.7407,0.154,0.1053,74.1,High Risk,14.8,4414.7,34,34.0,1,0.0,0.0,0.0,0.0,No Sales History,0.0,0.0,Unknown,0.0,14.8,0.0,0.0
1302110000568,12859,White Pearl Cedar Beverages DAA,SRI LANKA,High,0.8759,0.004,0.1201,87.6,High Risk,43.57985001827002,13000.0,43,43.0,1,0.0,0.0,0.0,1.0,High Frequency Buyers,1.0,1.0,GLOBAL,0.0,43.57985001827002,0.0,0.0
1303770000402,12805,White Pearl Rosewood Imports EF5,SRI LANKA,Low,0.2716,0.0417,0.6868,27.2,Low Risk,178.1165533004561,53100.0,0,0.0,1,0.0,0.0,0.0,4.0,High Value One-Off,7.0,2.0,FOOD SERVICE,178.1165533004561,0.0,0.0,0.0
13115000007510,12305,GreenLeaf Lotus Imports 8D5,SRI LANKA,Medium,0.1616,0.7233,0.1151,16.2,Low Risk,894.5361680459705,267000.0,30,9.6,5,0.0,0.0,0.0,3.0,Strategic High-Value,42.0,1.0,GLOBAL,894.5361680459705,0.0,0.0,0.0
13124000002407,12323,Matcha Bamboo Tea Works 6BA,SRI LANKA,High,0.7862,0.1474,0.0664,78.6,High Risk,12147.509974524795,3608719.0,135,43.52,25,0.0,0.0,0.0,3.0,Strategic High-Value,6.0,1.0,GLOBAL,6384.271144108063,0.0,0.0,5763.2388304167325
1314330000816,12851,Darjeeling Bamboo Tea Co. C33,SRI LANKA,Low,0.1119,0.035,0.8531,11.2,Low Risk,562.1212582549012,168000.0,0,0.0,1,0.0,0.0,0.0,1.0,High Frequency Buyers,1.0,1.0,GLOBAL,562.1212582549012,0.0,0.0,0.0
13146000004027,12276,Oolong Orchid Holdings ED8,SRI LANKA,Low,0.068,0.0304,0.9016,6.8,Low Risk,2082.777884534268,621636.1,1,0.25,8,0.0,0.0,0.0,3.0,Strategic High-Value,44.0,1.0,RETAIL,2082.777884534268,0.0,0.0,0.0
1315110000818,12881,White Pearl Clover Exports,SRI LANKA,High,0.7013,0.2353,0.0634,70.1,High Risk,416.99249009825985,124385.0,4,3.5,2,0.0,0.0,0.0,4.0,High Value One-Off,7.0,2.0,RETAIL,416.99249009825985,0.0,0.0,0.0
13195000004694,12113,Black Gold Hibiscus Beverages,SRI LANKA,High,0.8893,0.1107,0.0,88.9,High Risk,2055.5153773819648,610917.0,219,87.4375,16,0.0,0.0,0.0,0.0,No Sales History,0.0,0.0,Unknown,777.8489372420705,411.08714738737905,411.31605774905165,455.2632350034638
13254000001405,12009,Sencha Cedar Trading,SRI LANKA,High,0.9554,0.0,0.0446,95.5,High Risk,91.781403307995,27075.0,93,93.0,1,1.0,0.0,0.0,3.0,Strategic High-Value,14.0,1.0,GLOBAL,0.0,0.0,0.0,91.781403307995
13259000002536,12131,Ceylon Palm Beverages,SRI LANKA,High,0.9909,0.0,0.0091,99.1,High Risk,89.63973351439654,26668.0,23,23.0,1,0.0,0.0,0.0,3.0,Strategic High-Value,18.0,1.0,GLOBAL,89.63973351439654,0.0,0.0,0.0
1327220000070,12759,Ceylon Hibiscus Distributors 5F0,ITALY,High,0.7168,0.0217,0.2615,71.7,High Risk,1804.050381551898,539013.8,9,9.0,1,2.0,0.0,0.0,1.0,High Frequency Buyers,1.0,1.0,RETAIL,1804.050381551898,0.0,0.0,0.0
13335000001460,11861,TeaLeaf Ivy Distributors,UNITED KINGDOM,High,0.814,0.115,0.071,81.4,High Risk,114067.0193857456,30282756.700000003,1647,863.1111111111111,9,0.0,3.0,0.0,4.0,High Value One-Off,190.0,3.0,FOOD SERVICE,0.0,0.0,0.0,114067.0193857456
13335000001482,11863,Darjeeling Sage Holdings 536,SRI LANKA,Medium,0.1183,0.7549,0.1268,11.8,Low Risk,217.4793744427524,64900.0,3,1.5,2,1.0,0.0,0.0,4.0,High Value One-Off,21.0,3.0,FOOD SERVICE,217.4793744427524,0.0,0.0,0.0
13441000000631,12108,Sencha Ivy Holdings,SRI LANKA,High,0.7934,0.1303,0.0762,79.3,High Risk,1800.2581342737146,533030.5,756,147.2,15,0.0,0.0,0.0,4.0,High Value One-Off,48.0,3.0,FOOD SERVICE,756.314602444703,172.2552586010175,199.8955122441083,671.7927609838857
13441000000642,12109,Assam Orchid Holdings,SRI LANKA,High,0.8197,0.0075,0.1728,82.0,High Risk,584.7023991504014,174420.0,10,10.0,1,0.0,0.0,0.0,3.0,Strategic High-Value,19.0,1.0,RETAIL,584.7023991504014,0.0,0.0,0.0
13504000005526,12041,GreenLeaf Willow Exports FF6,SRI LANKA,High,0.9703,0.0,0.0297,97.0,High Risk,0.4591825613079527,84.3,1871,1871.0,1,1.0,0.0,0.0,3.0,Strategic High-Value,196.0,1.0,GLOBAL,0.0,0.0,0.0,0.4591825613079527
1351440001657,12822,Golden Bud Ivy Exports 1CD,SRI LANKA,High,0.9314,0.0,0.0686,93.1,High Risk,312.4380192943782,92437.4,93,93.0,1,0.0,0.0,0.0,1.0,High Frequency Buyers,1.0,1.0,GLOBAL,0.0,0.0,0.0,312.4380192943782
1352660001454,12868,White Pearl Lotus Exports,SRI LANKA,Low,0.1173,0.0117,0.871,11.7,Low Risk,73.89832754831254,22080.0,0,0.0,1,0.0,0.0,0.0,1.0,High Frequency Buyers,11.0,1.0,RETAIL,73.89832754831254,0.0,0.0,0.0
13530000005657,12571,Golden Bud Hibiscus Holdings,SRI LANKA,High,0.7589,0.1519,0.0891,75.9,High Risk,18937.806611232885,5624564.0,144,65.5,20,0.0,0.0,0.0,4.0,High Value One-Off,174.0,2.0,RETAIL,8663.9323214421,4245.48123722599,1625.3947504278608,4402.998302136934
13534000004142,12138,TeaLeaf Fern Beverages,CAMBODIA,Medium,0.3867,0.4401,0.1732,38.7,Medium Risk,5268.84,1566151.6,157,78.5,2,0.0,0.0,0.0,3.0,Strategic High-Value,6.0,1.0,RETAIL,5257.1,0.0,0.0,11.73999999999978
13564000003657,12153,GreenLeaf Jasmine Exports 2C4,SRI LANKA,High,0.8662,0.0095,0.1243,86.6,High Risk,53.37749178730493,15930.0,38,38.0,1,0.0,0.0,0.0,4.0,High Value One-Off,2.0,2.0,RETAIL,0.0,53.37749178730493,0.0,0.0
13578000000054,11845,White Pearl Hibiscus Holdings,SRI LANKA,High,0.5882,0.0229,0.3889,58.8,Medium Risk,66.12915106911584,19750.0,5,5.0,1,0.0,0.0,0.0,3.0,Strategic High-Value,35.0,1.0,GLOBAL,66.12915106911584,0.0,0.0,0.0
13591000000252,10001,Sencha Fern Distributors,CYPRUS,High,0.7761,0.1229,0.101,77.6,High Risk,96712.8,28820820.3,1014,597.1666666666666,6,0.0,0.0,0.0,4.0,High Value One-Off,201.0,3.0,RETAIL,96580.42,0.0,0.0,132.38000000000466
13591000000260,10005,Sencha Palm Trading,EMIRATES,High,0.6741,0.1615,0.1644,67.4,Medium Risk,148363.16,44133040.9,552,156.67857142857142,28,8.0,0.0,0.0,3.0,Strategic High-Value,29.0,1.0,FOOD SERVICE,113812.36,9711.5,9694.92,15144.38
13591000000264,10007,TeaLeaf Orchid Exports,NEW ZEALAND,Low,0.1152,0.0596,0.8252,11.5,Low Risk,2715609.11,808369535.6,2,0.14814814814814814,27,0.0,1.0,0.0,0.0,Loyal Medium Buyers,507.0,3.0,RETAIL,2715609.11,0.0,0.0,0.0
13591000000268,10009,Assam Orchid Imports,POLAND,Low,0.0283,0.0313,0.9403,2.8,Low Risk,3417863.35,1018153379.5,0,0.0,46,0.0,0.0,0.0,0.0,Loyal Medium Buyers,492.0,2.0,RETAIL,3417863.35,0.0,0.0,0.0
13591000000272,10011,Sencha Maple Distributors,BELIZE,High,0.9083,0.0213,0.0704,90.8,High Risk,79454.11,23666631.0,263,93.25,4,1.0,0.0,0.0,4.0,High Value One-Off,98.0,2.0,RETAIL,55336.29,0.0,0.0,24117.82
13591000000274,10012,Assam Maple Distributors,NEPAL,High,0.9663,0.0207,0.013,96.6,High Risk,1860.7,1860.7,1656,1656.0,1,5.0,2.0,1.0,4.0,High Value One-Off,67.0,2.0,RETAIL,0.0,0.0,0.0,1860.7
13591000000276,10013,Matcha Willow Imports,GREECE,High,0.5826,0.2061,0.2113,58.3,Medium Risk,33500.020000000004,9984545.8,1282,641.0,2,0.0,0.0,0.0,4.0,High Value One-Off,152.0,3.0,FOOD SERVICE,33422.55,0.0,0.0,77.47000000000116
13591000000282,10016,Matcha Cedar Imports,ARMENIA,Medium,0.2257,0.5471,0.2272,22.6,Low Risk,240896.84000000003,71630902.6,46,15.333333333333334,3,0.0,0.0,0.0,4.0,High Value One-Off,95.0,2.0,RETAIL,165656.29,75240.55,0.0,0.0
13591000000284,10017,Black Gold Willow Tea Works,CHILE,High,0.7958,0.1556,0.0486,79.6,High Risk,1921226.79,571393305.7,313,15.65,20,1.0,0.0,3.0,4.0,High Value One-Off,279.0,3.0,RETAIL,1921070.65,0.0,0.0,156.14
13591000000286,10018,White Pearl Maple Tea Co.,SWEDEN,High,0.8709,0.0795,0.0496,87.1,High Risk,187584.33000000002,55849998.099999994,855,420.3333333333333,9,1.0,0.0,0.0,4.0,High Value One-Off,130.0,2.0,FOOD SERVICE,187405.33000000002,0.0,0.0,179.0
13591000000288,10019,Matcha Ivy Exports,SOUTH KOREA,High,0.6947,0.0125,0.2928,69.5,Medium Risk,11363.8,3395095.5,11,11.0,1,0.0,0.0,1.0,4.0,High Value One-Off,73.0,2.0,FOOD SERVICE,11363.8,0.0,0.0,0.0
13591000000290,10020,Assam Cedar Tea Co.,CZECH REPUBLIC,High,0.7578,0.0067,0.2355,75.8,High Risk,424.58,126622.7,19,19.0,1,0.0,0.0,2.0,4.0,High Value One-Off,230.0,3.0,RETAIL,424.58,0.0,0.0,0.0
13591000000294,10022,Golden Bud Rosewood Tea Co.,ITALY,High,0.9635,0.0125,0.024,96.4,High Risk,53584.95,15926111.4,432,267.6666666666667,3,2.0,0.0,0.0,4.0,High Value One-Off,86.0,2.0,RETAIL,52717.6,0.0,0.0,867.3499999999995
13591000000296,10023,Oolong Jasmine Beverages,FIJI,High,0.6041,0.1883,0.2076,60.4,Medium Risk,38750.16,11564566.2,88,48.5,2,0.0,0.0,0.0,4.0,High Value One-Off,106.0,3.0,FOOD SERVICE,38725.16,0.0,25.0,0.0
13591000000300,10025,Darjeeling Bamboo Distributors,MALDIVES,High,0.9422,0.0453,0.0125,94.2,High Risk,278235.81,82386955.0,584,226.73333333333332,15,1.0,0.0,0.0,4.0,High Value One-Off,278.0,2.0,FOOD SERVICE,73787.13,0.0,201.66,204247.02000000002
13591000000302,10026,Golden Bud Jasmine Tea Co.,QATAR,High,0.8666,0.0872,0.0462,86.7,High Risk,374715.05,111469567.3,210,50.77777777777778,9,1.0,0.0,0.0,4.0,High Value One-Off,236.0,3.0,FOOD SERVICE,359723.82999999996,5920.9900000000025,0.0,9070.230000000003
13591000000304,10027,Assam Jasmine Tea Co.,INDONESIA,High,0.5643,0.2215,0.2142,56.4,Medium Risk,159802.15,47646595.4,0,0.0,2,1.0,0.0,0.0,4.0,High Value One-Off,249.0,2.0,FOOD SERVICE,159802.15,0.0,0.0,0.0
13591000000308,10029,Matcha Maple Imports,HUNGARY,High,0.7928,0.1075,0.0997,79.3,High Risk,331064.91,98498169.6,1257,190.125,8,0.0,0.0,1.0,4.0,High Value One-Off,253.0,2.0,FOOD SERVICE,329737.07,0.0,0.0,1327.8400000000004
13591000000312,10031,Oolong Jasmine Exports,ZAMBIA,High,0.7808,0.0,0.2193,78.1,High Risk,6650.0,1932764.0,266,266.0,1,4.0,1.0,0.0,4.0,High Value One-Off,32.0,2.0,RETAIL,0.0,0.0,0.0,6650.0
13591000000316,10033,TeaLeaf Rosewood Imports 371,SAUDI ARABIA,Low,0.0883,0.0223,0.8894,8.8,Low Risk,56820.8,16984953.1,0,0.0,1,0.0,0.0,0.0,4.0,High Value One-Off,4.0,2.0,FOOD SERVICE,56820.8,0.0,0.0,0.0
13591000000318,10034,Oolong Ivy Distributors,JAPAN,High,0.6928,0.1386,0.1686,69.3,Medium Risk,122203.91,36806700.199999996,1300,366.73333333333335,15,0.0,0.0,0.0,4.0,High Value One-Off,219.0,2.0,FOOD SERVICE,110720.03,2548.66,0.0,8935.22
13591000000320,10035,GreenLeaf Hibiscus Imports,THAILAND,High,0.9525,0.0333,0.0142,95.2,High Risk,141611.05,42254400.6,471,189.33333333333334,6,1.0,1.0,0.0,4.0,High Value One-Off,246.0,2.0,FOOD SERVICE,139436.85,0.0,0.0,2174.2
13591000000322,10037,Assam Ivy Tea Works,JORDAN,High,0.902,0.0628,0.0352,90.2,High Risk,78347.89,23370428.3,232,112.5,4,1.0,0.0,0.0,4.0,High Value One-Off,87.0,2.0,FOOD SERVICE,66736.0,11242.5,0.0,369.39
13591000000324,10038,Darjeeling Jasmine Tea Works,EMIRATES,Medium,0.2549,0.6829,0.0622,25.5,Low Risk,30135.39,8944283.3,64,32.0,2,0.0,0.0,0.0,3.0,Strategic High-Value,8.0,1.0,FOOD SERVICE,15122.73,0.0,15012.66,0.0
13591000000332,10042,Sencha Orchid Imports,KOSOVO,High,0.9077,0.0254,0.0669,90.8,High Risk,3480.0,532231.2,2737,2737.0,1,2.0,0.0,1.0,0.0,No Sales History,0.0,0.0,Unknown,0.0,0.0,0.0,3480.0
13591000000334,10043,Golden Bud Hibiscus Distributors 1FF,PHILIPPINES,Low,0.3802,0.1616,0.4582,38.0,Medium Risk,56724.08,16956041.4,2,2.0,1,0.0,0.0,0.0,4.0,High Value One-Off,134.0,2.0,FOOD SERVICE,56724.08,0.0,0.0,0.0
13591000000338,10045,GreenLeaf Orchid Holdings,AUSTRALIA,Medium,0.152,0.7694,0.0786,15.2,Low Risk,3226039.3868026463,959379120.6,76,3.0714285714285716,42,1.0,0.0,0.0,0.0,Loyal Medium Buyers,575.0,4.0,FOOD SERVICE,3223977.8401301806,0.0,2061.546672465923,0.0
13591000000342,10047,Sencha Clover Tea Works,THAILAND,High,0.8672,0.02,0.1128,86.7,High Risk,5811.08,989747.0,3770,2895.5,2,3.0,0.0,0.0,1.0,High Frequency Buyers,1.0,1.0,FOOD SERVICE,0.0,0.0,0.0,5811.08
13591000000344,10048,GreenLeaf Orchid Distributors,CANADA,High,0.8723,0.0442,0.0836,87.2,High Risk,62.44,62.4,1656,1656.0,1,3.0,2.0,1.0,0.0,No Sales History,0.0,0.0,Unknown,0.0,0.0,0.0,62.44
13591000000352,10054,Oolong Bamboo Trading,UNITED STATES,High,0.9075,0.0925,0.0,90.8,High Risk,191190.86,12453895.7,4412,3632.3333333333335,6,1.0,1.0,2.0,0.0,No Sales History,0.0,0.0,Unknown,0.0,0.0,0.0,191190.86
13591000000354,10056,Assam Fern Beverages,FRANCE,High,0.8908,0.006,0.1032,89.1,High Risk,12313.36,3673112.2,2,2.0,1,1.0,0.0,0.0,3.0,Strategic High-Value,36.0,1.0,BULK,12313.36,0.0,0.0,0.0
13591000000356,10057,Darjeeling Clover Trading,KUWAIT,High,0.9105,0.0361,0.0534,91.0,High Risk,360.27,123034.2,2003,1596.5,2,0.0,0.0,0.0,4.0,High Value One-Off,107.0,2.0,FOOD SERVICE,0.0,0.0,0.0,360.27
13591000000358,10058,Black Gold Magnolia Tea Works,OMAN,High,0.9054,0.0178,0.0768,90.5,High Risk,15088.2,4454260.899999999,773,547.0,3,2.0,3.0,0.0,3.0,Strategic High-Value,7.0,1.0,FOOD SERVICE,0.0,0.0,0.0,15088.2
13591000000364,10061,Black Gold Maple Holdings,SEYCHELLES,Low,0.3475,0.0187,0.6338,34.8,Medium Risk,55357.76,16509378.0,0,0.0,1,1.0,0.0,0.0,4.0,High Value One-Off,40.0,2.0,FOOD SERVICE,55357.76,0.0,0.0,0.0
13591000000368,10063,Matcha Willow Beverages,SOUTH AFRICA,High,0.8878,0.0667,0.0455,88.8,High Risk,235897.03000000003,70147754.4,132,28.0,5,1.0,1.0,0.0,4.0,High Value One-Off,232.0,3.0,FOOD SERVICE,222150.36,0.0,0.0,13746.67000000001
13591000000374,10067,Sencha Rosewood Distributors,EMIRATES,High,0.5629,0.03,0.4072,56.3,Medium Risk,237.2799999999988,76542.5,663,663.0,1,0.0,0.0,0.0,3.0,Strategic High-Value,10.0,1.0,FOOD SERVICE,0.0,0.0,0.0,237.2799999999988
13591000000378,10070,Assam Lotus Imports,SINGAPORE,High,0.942,0.0298,0.0282,94.2,High Risk,52157.53139533568,15505447.2,763,332.6666666666667,3,4.0,0.0,0.0,4.0,High Value One-Off,37.0,2.0,FOOD SERVICE,46289.34844180613,0.0,0.0,5868.182953529556
13591000000382,10072,White Pearl Orchid Imports 973,BANGLADESH,High,0.9062,0.077,0.0168,90.6,High Risk,6736.799999999999,516714.50000000006,3654,2987.6666666666665,3,2.0,1.0,2.0,0.0,No Sales History,0.0,0.0,Unknown,0.0,0.0,0.0,6736.799999999999
13591000000384,10073,GreenLeaf Maple Exports,FRANCE,High,0.9725,0.0153,0.0121,97.2,High Risk,108593.49373519242,32412824.2,803,496.6,5,3.0,2.0,2.0,4.0,High Value One-Off,228.0,3.0,FOOD SERVICE,105019.5405335582,0.0,0.0,3573.9532016342187
13591000000386,10074,Darjeeling Jasmine Imports,MALAYSIA,High,0.9335,0.0188,0.0477,93.4,High Risk,18558.57,5499134.899999999,159,120.0,3,6.0,0.0,0.0,4.0,High Value One-Off,30.0,2.0,FOOD SERVICE,0.0,5547.88,0.0,13010.69
13591000000388,10075,Darjeeling Maple Trading 24A,EGYPT,High,0.8805,0.0753,0.0442,88.0,High Risk,1069.7599999999948,318260.6,620,288.0,3,1.0,0.0,0.0,4.0,High Value One-Off,74.0,2.0,RETAIL,0.0,900.0099999999948,0.0,169.75
13591000000392,10078,Ceylon Ivy Tea Works CF4,LEBANON,High,0.7966,0.0935,0.1099,79.7,High Risk,20724.2,6199006.100000001,1176,593.5,2,1.0,1.0,0.0,4.0,High Value One-Off,32.0,2.0,RETAIL,20429.2,0.0,0.0,295.0
13591000000394,10080,Black Gold Bamboo Imports,SINGAPORE,Medium,0.39,0.4128,0.1972,39.0,Medium Risk,192205.91279937577,57213057.6,318,79.75,4,0.0,0.0,0.0,4.0,High Value One-Off,68.0,2.0,RETAIL,192203.241576526,0.0,0.0,2.671222849786963
13591000000396,10081,Oolong Clover Beverages 89E,HONG KONG,Low,0.2233,0.218,0.5587,22.3,Low Risk,91809.65,27384695.5,0,0.0,3,0.0,0.0,0.0,4.0,High Value One-Off,150.0,2.0,FOOD SERVICE,91809.65,0.0,0.0,0.0
13591000000404,10085,Ceylon Bamboo Beverages C07,MALAYSIA,Low,0.2062,0.2993,0.4945,20.6,Low Risk,142246.6882497992,42397011.3,19,6.333333333333333,3,0.0,0.0,0.0,3.0,Strategic High-Value,60.0,1.0,RETAIL,142246.6882497992,0.0,0.0,0.0
13591000000410,10088,Sencha Willow Holdings,DUBAI,High,0.8448,0.1285,0.0267,84.5,High Risk,463896.66000000003,137844565.4,426,123.04545454545455,22,1.0,1.0,0.0,4.0,High Value One-Off,294.0,2.0,FOOD SERVICE,450894.71,1351.75,603.0,11047.200000000004
13591000000420,10093,Herbal Cedar Tea Co. 2E7,SINGAPORE,High,0.84,0.0839,0.076,84.0,High Risk,87611.30350035582,26121050.6,509,111.16666666666667,6,0.0,0.0,0.0,4.0,High Value One-Off,258.0,3.0,FOOD SERVICE,80478.8890720809,84.23383759254692,7037.020650342782,11.15994033959915
13591000000426,10096,White Pearl Orchid Distributors,KALININGRAD,High,0.8055,0.0485,0.146,80.6,High Risk,22854.62,6799295.2,15,15.0,1,0.0,0.0,0.0,4.0,High Value One-Off,23.0,2.0,RETAIL,22854.62,0.0,0.0,0.0
13591000000440,10106,GreenLeaf Clover Holdings,KYRGYZSTAN,High,0.9098,0.02,0.0702,91.0,High Risk,18.88,18.9,1656,1656.0,1,2.0,1.0,1.0,0.0,No Sales History,0.0,0.0,Unknown,0.0,0.0,0.0,18.88
13591000000454,10116,Black Gold Lotus Tea Works,LITHUANIA,High,0.5685,0.1671,0.2643,56.8,Medium Risk,599756.87,178697184.7,0,0.0,6,0.0,0.0,0.0,4.0,High Value One-Off,174.0,3.0,RETAIL,599756.87,0.0,0.0,0.0
13591000000460,10119,GreenLeaf Clover Tea Works,SRI LANKA,Low,0.1497,0.2671,0.5831,15.0,Low Risk,394.56193297435027,117816.0,0,0.0,2,0.0,0.0,0.0,4.0,High Value One-Off,40.0,3.0,FOOD SERVICE,394.56193297435027,0.0,0.0,0.0
13591000000462,10120,Darjeeling Maple Distributors,SRI LANKA,High,0.8397,0.09,0.0702,84.0,High Risk,360050.28276707,107444235.2,713,60.44615384615385,130,6.0,0.0,0.0,0.0,Loyal Medium Buyers,79.0,1.0,RETAIL,343008.7621644633,1862.8488438014874,2124.5926024054284,13054.079156399774
13591000000464,10121,Golden Bud Cedar Tea Works F65,SRI LANKA,High,0.6265,0.2915,0.0821,62.6,Medium Risk,4396.54167353052,1304558.1,173,50.73170731707317,41,0.0,0.0,0.0,4.0,High Value One-Off,55.0,3.0,FOOD SERVICE,2527.5286409620444,552.418386487162,457.23060938165014,859.3640366996628
13591000000466,10122,Golden Bud Bamboo Exports,SRI LANKA,High,0.8797,0.1053,0.015,88.0,High Risk,9036.449711988296,2673877.0,181,57.73076923076923,26,5.0,0.0,0.0,4.0,High Value One-Off,65.0,3.0,FOOD SERVICE,3973.5929464379547,1015.3876442850956,610.8412651796796,3436.6278560855662
13591000000468,10123,Oolong Cedar Tea Works,SRI LANKA,High,0.8647,0.111,0.0242,86.5,High Risk,12288.649776347811,3594893.0,334,206.75,20,2.0,0.0,0.0,4.0,High Value One-Off,32.0,3.0,FOOD SERVICE,1301.9745406619,0.0,2165.641598577101,8821.03363710881
13591000000470,10124,TeaLeaf Lotus Holdings 851,SRI LANKA,High,0.4402,0.1903,0.3694,44.0,Medium Risk,27652.291829499503,8214714.8,163,90.16666666666667,6,0.0,0.0,0.0,4.0,High Value One-Off,199.0,2.0,RETAIL,1916.76086429151,13597.027183680893,0.0,12138.5037815271
13591000000473,10125,Black Gold Fern Tea Works 920,SRI LANKA,High,0.8048,0.1611,0.0342,80.5,High Risk,2793.648796566583,834196.9,1283,362.4166666666667,24,80.0,0.0,0.0,0.0,Loyal Medium Buyers,354.0,3.0,RETAIL,2688.502563450573,0.0,0.0,105.14623311601021
13591000000475,10126,Herbal Lotus Trading,SRI LANKA,High,0.6663,0.2577,0.076,66.6,Medium Risk,9930.55226459735,2950260.6,643,180.52,25,1.0,0.0,2.0,3.0,Strategic High-Value,61.0,1.0,RETAIL,7304.789563245429,1318.7719657592725,0.0,1306.9907355926491
13591000000480,10128,GreenLeaf Jasmine Holdings 71F,SRI LANKA,High,0.8432,0.1195,0.0373,84.3,High Risk,2344.8456583954385,701404.8,548,72.75,8,2.0,0.0,0.0,4.0,High Value One-Off,160.0,3.0,FOOD SERVICE,2140.328307907913,0.0,0.0,204.5173504875256
13591000000486,10131,Matcha Lotus Beverages,SRI LANKA,High,0.8333,0.1483,0.0183,83.3,High Risk,112959.1858181194,33641569.7,534,30.808056872037916,422,13.0,0.0,1.0,2.0,Churned / Inactive,94.0,3.0,RETAIL,99255.82211169823,1181.3288052428088,251.74693099399914,12270.287970184352
13591000000489,10132,Black Gold Lotus Trading 438,SRI LANKA,Medium,0.183,0.7508,0.0662,18.3,Low Risk,539.8154511988429,160896.0,21,10.5,2,1.0,0.0,0.0,4.0,High Value One-Off,38.0,2.0,RETAIL,539.8154511988429,0.0,0.0,0.0
13591000000493,10135,Golden Bud Clover Exports,SRI LANKA,High,0.8568,0.1354,0.0078,85.7,High Risk,448908.31499195675,133719038.9,492,92.79591836734694,98,10.0,0.0,3.0,0.0,Loyal Medium Buyers,130.0,3.0,RETAIL,417012.4656951551,0.0,20423.828294866966,11472.02100193468
13591000000496,10136,Silver Tip Maple Trading AF8,SRI LANKA,Medium,0.2156,0.7112,0.0732,21.6,Low Risk,667.5189578019476,198641.0,10,5.0,2,0.0,0.0,0.0,4.0,High Value One-Off,13.0,3.0,FOOD SERVICE,667.5189578019476,0.0,0.0,0.0
13591000000504,10140,Oolong Bamboo Imports 245,SRI LANKA,Medium,0.3675,0.4283,0.2042,36.8,Medium Risk,407.7876105894906,121540.0,53,17.666666666666668,3,2.0,0.0,0.0,4.0,High Value One-Off,15.0,3.0,FOOD SERVICE,287.5419381872788,120.2456724022118,0.0,0.0
13591000000506,10141,Golden Bud Sage Distributors,SRI LANKA,Medium,0.3565,0.4423,0.2012,35.6,Medium Risk,4762.06199919023,1422534.0,31,17.8,5,0.0,1.0,0.0,3.0,Strategic High-Value,54.0,1.0,RETAIL,4248.600507798719,513.461491391511,0.0,0.0
13591000000513,10144,Darjeeling Rosewood Tea Co.,SRI LANKA,Medium,0.299,0.6276,0.0734,29.9,Low Risk,9645.540118196719,2869479.6,69,17.384615384615383,65,0.0,0.0,0.0,4.0,High Value One-Off,94.0,3.0,FOOD SERVICE,6202.421491541254,2644.1599849375175,798.9586417179466,0.0
13591000000517,10146,TeaLeaf Jasmine Tea Co. 1EA,SRI LANKA,High,0.8418,0.1348,0.0235,84.2,High Risk,16844.283609953527,4998541.1,289,71.0,25,2.0,0.0,0.0,3.0,Strategic High-Value,24.0,1.0,RETAIL,6502.6287321493255,2770.7130286292413,2879.8414176024817,4691.100431572478
13591000000523,10150,Darjeeling Orchid Distributors DC2,SRI LANKA,High,0.6977,0.2498,0.0525,69.8,Medium Risk,710.9661375340535,211588.0,131,58.0,3,1.0,0.0,0.0,4.0,High Value One-Off,46.0,2.0,RETAIL,636.8429046730839,1.730661842352574,0.0,72.39257101861698
13591000000525,10151,Oolong Orchid Beverages C67,SRI LANKA,Low,0.0302,0.0274,0.9424,3.0,Low Risk,224.4516557426209,67064.0,0,0.0,1,0.0,0.0,0.0,4.0,High Value One-Off,11.0,3.0,FOOD SERVICE,224.4516557426209,0.0,0.0,0.0
13591000000529,10153,TeaLeaf Cedar Distributors 749,SRI LANKA,High,0.6647,0.1644,0.1709,66.5,Medium Risk,2275.1570518095436,672042.2,541,111.76470588235294,17,0.0,0.0,0.0,4.0,High Value One-Off,33.0,3.0,FOOD SERVICE,994.5226757611456,0.0,0.0,1280.634376048398
13591000000531,10154,Silver Tip Jasmine Trading AE0,SRI LANKA,High,0.7995,0.1753,0.0252,80.0,High Risk,7210.35383337889,2137660.0,239,128.57142857142858,7,3.0,0.0,0.0,4.0,High Value One-Off,12.0,3.0,RETAIL,4497.061191233412,0.0,0.0,2713.2926421454777
13591000000533,10155,GreenLeaf Magnolia Imports 89C,SRI LANKA,High,0.925,0.022,0.053,92.5,High Risk,611.8700755081667,180000.0,196,196.0,1,0.0,0.0,0.0,4.0,High Value One-Off,11.0,3.0,FOOD SERVICE,0.0,0.0,0.0,611.8700755081667
13591000000535,10156,Oolong Sage Beverages 9D6,SRI LANKA,Low,0.085,0.0497,0.8653,8.5,Low Risk,379.7815920586489,113280.0,0,0.0,1,0.0,0.0,0.0,4.0,High Value One-Off,16.0,2.0,FOOD SERVICE,379.7815920586489,0.0,0.0,0.0
13591000000537,10158,GreenLeaf Maple Exports 276,SRI LANKA,High,0.9098,0.0752,0.015,91.0,High Risk,5104.497323933816,1505352.0,360,154.5625,16,5.0,0.0,0.0,4.0,High Value One-Off,43.0,3.0,RETAIL,2383.7237279484793,0.0,994.6428368357163,1726.1307591496202
13591000000547,10163,TeaLeaf Hibiscus Distributors C15,SRI LANKA,High,0.7755,0.1951,0.0294,77.6,High Risk,7019.106090973768,2094250.4,258,36.857142857142854,7,7.0,2.0,0.0,4.0,High Value One-Off,144.0,3.0,RETAIL,6836.674617833933,0.0,0.0,182.4314731398348
13591000000552,10165,Darjeeling Bamboo Trading,SRI LANKA,Low,0.0844,0.022,0.8936,8.4,Low Risk,121.4396446472176,36285.0,0,0.0,1,1.0,0.0,0.0,4.0,High Value One-Off,15.0,3.0,FOOD SERVICE,121.4396446472176,0.0,0.0,0.0
13591000000554,10166,Matcha Cedar Distributors DA5,SRI LANKA,High,0.8947,0.0903,0.015,89.5,High Risk,1129.9330496112161,329294.0,280,189.6,5,1.0,0.0,0.0,4.0,High Value One-Off,17.0,3.0,FOOD SERVICE,0.0,0.0,0.0,1129.9330496112161
13591000000556,10167,Darjeeling Rosewood Holdings,SRI LANKA,High,0.813,0.1458,0.0413,81.3,High Risk,291.4304663484947,86730.0,81,45.333333333333336,3,2.0,0.0,0.0,4.0,High Value One-Off,8.0,2.0,RETAIL,96.9345090205088,96.99848244850875,97.49747487947712,0.0
13591000000558,10168,White Pearl Rosewood Tea Co.,SRI LANKA,High,0.6173,0.2916,0.0912,61.7,Medium Risk,767.8326772587418,227740.0,112,56.0,2,1.0,0.0,0.0,4.0,High Value One-Off,11.0,3.0,FOOD SERVICE,332.2854986813509,0.0,0.0,435.5471785773909
13591000000560,10169,TeaLeaf Fern Trading 2E0,SRI LANKA,Medium,0.2416,0.6909,0.0675,24.2,Low Risk,772.8179669466724,230100.0,16,5.333333333333333,3,2.0,0.0,0.0,4.0,High Value One-Off,21.0,3.0,FOOD SERVICE,772.8179669466724,0.0,0.0,0.0
13591000000562,10170,White Pearl Magnolia Tea Works,SRI LANKA,High,0.6101,0.3511,0.0388,61.0,Medium Risk,1733.4456767682434,515660.0,171,63.42857142857143,7,0.0,0.0,0.0,4.0,High Value One-Off,10.0,2.0,FOOD SERVICE,1016.5214666500849,237.5870817057947,398.3155975999798,81.0215308123839
13591000000564,10171,Darjeeling Lotus Tea Works,SRI LANKA,High,0.8421,0.0774,0.0805,84.2,High Risk,300.13092130337236,87780.0,309,172.5,2,1.0,0.0,0.0,4.0,High Value One-Off,5.0,3.0,FOOD SERVICE,0.0,137.7985691032392,0.0,162.3323522001332
13591000000580,10179,Assam Rosewood Tea Co.,SRI LANKA,High,0.6762,0.2387,0.0852,67.6,Medium Risk,3425.4527289110997,1019275.4,553,173.07692307692307,13,4.0,0.0,0.0,4.0,High Value One-Off,30.0,2.0,RETAIL,2272.5691283720867,330.5145667929091,38.47564576371276,783.8933879823913
13591000000584,10181,Silver Tip Hibiscus Distributors,SRI LANKA,High,0.8927,0.0683,0.0389,89.3,High Risk,5915.054409391336,1714796.4000000001,521,315.0,5,1.0,0.0,1.0,3.0,Strategic High-Value,16.0,1.0,RETAIL,0.0,0.0,0.0,5915.054409391336
13591000000589,10183,Matcha Maple Tea Works,SRI LANKA,High,0.6646,0.2142,0.1212,66.5,Medium Risk,2690.357673267653,802410.0,527,230.38235294117646,34,1.0,0.0,0.0,4.0,High Value One-Off,27.0,3.0,RETAIL,2295.9762539413837,389.765516099927,0.2025333547118541,4.413369871630716
13591000000591,10184,Oolong Orchid Exports 970,SRI LANKA,Low,0.098,0.0148,0.8872,9.8,Low Risk,48.19852853806733,14400.0,0,0.0,1,1.0,0.0,0.0,4.0,High Value One-Off,27.0,2.0,RETAIL,48.19852853806733,0.0,0.0,0.0
13591000000594,10185,Assam Palm Distributors 976,SRI LANKA,High,0.9278,0.012,0.0602,92.8,High Risk,0.0040041086226443,1.2,105,105.0,1,0.0,0.0,0.0,4.0,High Value One-Off,144.0,3.0,RETAIL,0.0,0.0,0.0,0.0040041086226443
13591000000604,10190,Black Gold Willow Tea Works 258,SRI LANKA,Medium,0.1488,0.8102,0.041,14.9,Low Risk,895.6190604160792,267210.0,17,9.333333333333334,3,1.0,0.0,0.0,4.0,High Value One-Off,29.0,3.0,RETAIL,895.6190604160792,0.0,0.0,0.0
13591000000606,10191,Oolong Lotus Tea Co. 8AC,SRI LANKA,Low,0.2636,0.1921,0.5443,26.4,Low Risk,38.7048044828762,11564.0,0,0.0,2,0.0,0.0,0.0,4.0,High Value One-Off,6.0,2.0,FOOD SERVICE,38.7048044828762,0.0,0.0,0.0
13591000000614,10197,Golden Bud Bamboo Beverages,SRI LANKA,High,0.9033,0.076,0.0207,90.3,High Risk,3637.0107035265155,1076472.3,199,83.27272727272727,11,6.0,0.0,0.0,4.0,High Value One-Off,58.0,3.0,RETAIL,1561.6235900689956,584.1147651223779,0.0,1491.2723483351422
13591000000616,10198,GreenLeaf Fern Beverages,SRI LANKA,High,0.9729,0.0271,0.0,97.3,High Risk,77.06611320361147,22500.0,807,574.0,2,0.0,0.0,0.0,1.0,High Frequency Buyers,5.0,1.0,RETAIL,0.0,0.0,0.0,77.06611320361147
13591000000618,10199,Golden Bud Bamboo Distributors,SRI LANKA,Low,0.1629,0.0025,0.8346,16.3,Low Risk,166.8668916991314,49776.0,0,0.0,1,1.0,0.0,0.0,3.0,Strategic High-Value,36.0,1.0,RETAIL,166.8668916991314,0.0,0.0,0.0
13591000000622,10201,Darjeeling Rosewood Trading,SRI LANKA,High,0.6608,0.175,0.1641,66.1,Medium Risk,266.9178597749303,79934.0,626,139.2,5,0.0,0.0,0.0,4.0,High Value One-Off,33.0,2.0,FOOD SERVICE,253.2583598766668,0.0,0.0,13.65949989826354
13591000000626,10203,Black Gold Hibiscus Exports,SRI LANKA,High,0.9508,0.0367,0.0125,95.1,High Risk,0.092100413872437,27.0,270,174.5,4,0.0,0.0,1.0,4.0,High Value One-Off,29.0,2.0,RETAIL,0.0,0.0,0.0292889497267361,0.06281146414570091
13591000000630,10206,Silver Tip Maple Tea Co. 43D,SRI LANKA,Low,0.093,0.004,0.903,9.3,Low Risk,90.99730126221137,27187.2,0,0.0,1,0.0,0.0,0.0,4.0,High Value One-Off,66.0,3.0,FOOD SERVICE,90.99730126221137,0.0,0.0,0.0
13591000000632,10207,Black Gold Hibiscus Imports,SRI LANKA,Low,0.2125,0.0369,0.7506,21.2,Low Risk,118.4777020948464,35400.0,0,0.0,1,2.0,0.0,0.0,4.0,High Value One-Off,22.0,3.0,FOOD SERVICE,118.4777020948464,0.0,0.0,0.0
13591000000636,10209,Golden Bud Bamboo Exports 104,SRI LANKA,High,0.7575,0.1963,0.0463,75.8,High Risk,14054.007129508074,4151290.9,209,74.03571428571429,28,1.0,0.0,0.0,4.0,High Value One-Off,53.0,3.0,FOOD SERVICE,4817.7796665618835,1317.338293721266,640.6827328411556,7278.206436383769
13591000000640,10211,Matcha Maple Beverages CAE,SRI LANKA,Medium,0.1462,0.7665,0.0873,14.6,Low Risk,701.7741126185508,209450.0,7,3.5,2,2.0,0.0,0.0,4.0,High Value One-Off,13.0,2.0,FOOD SERVICE,701.7741126185508,0.0,0.0,0.0
13591000000644,10213,Oolong Cedar Imports,SRI LANKA,High,0.611,0.2933,0.0957,61.1,Medium Risk,1174.8305548717544,351224.0,695,142.2,5,0.0,0.0,0.0,3.0,Strategic High-Value,59.0,1.0,RETAIL,1133.9355782364973,0.0,0.0,40.89497663525709
13591000000646,10214,Herbal Willow Trading,SRI LANKA,High,0.9756,0.01,0.0144,97.6,High Risk,0.0851122647794894,25.0,487,487.0,1,0.0,0.0,0.0,3.0,Strategic High-Value,10.0,1.0,RETAIL,0.0,0.0,0.0,0.0851122647794894
13591000000648,10215,Darjeeling Lotus Imports 9AD,SRI LANKA,High,0.4124,0.3677,0.2199,41.2,Medium Risk,818.4508438424498,241091.0,909,306.6666666666667,6,0.0,0.0,0.0,4.0,High Value One-Off,10.0,3.0,FOOD SERVICE,459.6803285128438,0.0,0.0,358.77051532960604
13591000000652,10217,Silver Tip Willow Beverages,SRI LANKA,Low,0.0633,0.0012,0.9355,6.3,Low Risk,160.3048979704105,47790.0,0,0.0,1,0.0,0.0,0.0,4.0,High Value One-Off,5.0,2.0,RETAIL,160.3048979704105,0.0,0.0,0.0
13591000000660,10221,Black Gold Willow Distributors FE1,SRI LANKA,Low,0.1137,0.0058,0.8805,11.4,Low Risk,192.430350744795,57397.5,0,0.0,1,1.0,0.0,0.0,4.0,High Value One-Off,94.0,2.0,RETAIL,192.430350744795,0.0,0.0,0.0
13591000000662,10222,Silver Tip Bamboo Tea Works,SRI LANKA,Medium,0.1875,0.4256,0.3869,18.8,Low Risk,419.1265394577614,125195.6,393,131.0,3,0.0,0.0,0.0,4.0,High Value One-Off,18.0,3.0,RETAIL,412.89329173539215,0.0,0.0,6.233247722369245
13591000000666,10224,Assam Willow Holdings,SRI LANKA,High,0.791,0.0165,0.1925,79.1,High Risk,319.6063014020797,95400.0,15,15.0,1,3.0,0.0,0.0,3.0,Strategic High-Value,28.0,1.0,RETAIL,319.6063014020797,0.0,0.0,0.0
13591000000668,10225,GreenLeaf Fern Tea Co.,SRI LANKA,Low,0.1906,0.1371,0.6723,19.1,Low Risk,296.30988917938305,88500.0,0,0.0,3,0.0,0.0,0.0,4.0,High Value One-Off,17.0,3.0,FOOD SERVICE,296.30988917938305,0.0,0.0,0.0
13591000000672,10227,Matcha Bamboo Holdings 10C,SRI LANKA,High,0.9353,0.0547,0.01,93.5,High Risk,32525.04,9496113.2,358,333.1764705882353,17,1.0,0.0,0.0,0.0,Loyal Medium Buyers,493.0,3.0,RETAIL,0.0,0.0,0.0,32525.04
13591000000674,10228,Matcha Maple Exports,SRI LANKA,High,0.9063,0.0828,0.0108,90.6,High Risk,4353.146494261,1293692.0,133,16.857142857142858,21,6.0,0.0,0.0,4.0,High Value One-Off,51.0,3.0,FOOD SERVICE,3104.0929284663107,818.4726727860449,0.0,430.580893008644
13591000000683,10232,GreenLeaf Orchid Holdings 894,SRI LANKA,Medium,0.1019,0.8573,0.0408,10.2,Low Risk,1111.8036510288043,331500.0,17,8.5,2,0.0,0.0,0.0,4.0,High Value One-Off,8.0,2.0,FOOD SERVICE,1111.8036510288043,0.0,0.0,0.0
13591000000687,10234,Black Gold Palm Tea Works,SRI LANKA,High,0.6933,0.198,0.1087,69.3,Medium Risk,104.7085897789446,30975.0,130,75.0,3,1.0,0.0,0.0,4.0,High Value One-Off,27.0,3.0,FOOD SERVICE,19.74628368247441,0.0,0.0,84.9623060964702
13591000000693,10237,Oolong Jasmine Exports A4C,SRI LANKA,High,0.4579,0.3153,0.2269,45.8,Medium Risk,2122.831026274439,629878.1,105,43.333333333333336,6,0.0,0.0,0.0,4.0,High Value One-Off,30.0,3.0,FOOD SERVICE,699.0733895418867,976.8528690789111,372.1580448457111,74.74672280792979
13591000000701,10241,Golden Bud Orchid Holdings E61,SRI LANKA,Medium,0.4534,0.5003,0.0463,45.3,Medium Risk,37644.02069271236,11227485.9,36,8.352941176470589,17,2.0,0.0,1.0,0.0,Loyal Medium Buyers,657.0,3.0,RETAIL,36392.92113175586,1251.099560956498,0.0,0.0
13591000000705,10245,Herbal Fern Trading,SRI LANKA,Medium,0.1611,0.7805,0.0584,16.1,Low Risk,233.1577436835216,69384.0,32,16.0,2,0.0,0.0,0.0,4.0,High Value One-Off,4.0,2.0,FOOD SERVICE,116.3694814896313,116.7882621938903,0.0,0.0
13591000000715,10250,Sencha Magnolia Distributors BCB,SRI LANKA,Medium,0.3268,0.6409,0.0323,32.7,Medium Risk,4525.420968463537,1348150.0,43,14.6,5,1.0,0.0,0.0,4.0,High Value One-Off,10.0,3.0,FOOD SERVICE,3556.2721499803165,969.14881848322,0.0,0.0
13591000000727,10256,Black Gold Willow Tea Co.,SRI LANKA,High,0.6221,0.2702,0.1077,62.2,Medium Risk,405.80309639148925,120728.0,507,253.5,2,2.0,0.0,0.0,4.0,High Value One-Off,6.0,3.0,FOOD SERVICE,272.5227026941992,0.0,0.0,133.28039369729
13591000000749,10267,Silver Tip Rosewood Beverages 5B5,SRI LANKA,Medium,0.3022,0.5973,0.1006,30.2,Medium Risk,105.2056798982679,31329.0,14,7.0,2,0.0,0.0,0.0,4.0,High Value One-Off,7.0,2.0,FOOD SERVICE,105.2056798982679,0.0,0.0,0.0
13591000000751,10268,Herbal Maple Holdings 5B6,SRI LANKA,Medium,0.1954,0.7719,0.0327,19.5,Low Risk,1282.0646424706597,382850.0,17,5.666666666666667,3,2.0,0.0,0.0,4.0,High Value One-Off,11.0,2.0,RETAIL,1282.0646424706597,0.0,0.0,0.0
13591000000759,10272,GreenLeaf Sage Exports,SRI LANKA,Medium,0.151,0.829,0.02,15.1,Low Risk,581.844094485078,173460.0,35,17.5,2,0.0,0.0,0.0,4.0,High Value One-Off,12.0,2.0,FOOD SERVICE,290.7999193954795,291.0441750895985,0.0,0.0
13591000000774,10279,Golden Bud Magnolia Tea Co. 47B,SRI LANKA,Low,0.2641,0.2423,0.4936,26.4,Low Risk,210.63224552944845,62835.0,0,0.0,4,1.0,0.0,0.0,4.0,High Value One-Off,29.0,3.0,FOOD SERVICE,210.63224552944845,0.0,0.0,0.0
13591000000790,10287,Black Gold Hibiscus Imports FE3,SRI LANKA,High,0.7085,0.2468,0.0447,70.9,High Risk,97868.19455330457,29725263.3,660,333.3333333333333,105,1.0,0.0,0.0,0.0,Loyal Medium Buyers,681.0,3.0,RETAIL,14169.216629589617,10225.378236054215,3748.002292846719,69725.597394814
13591000000800,10292,GreenLeaf Jasmine Distributors,SRI LANKA,Medium,0.3704,0.5335,0.0962,37.0,Medium Risk,477.40750473643436,142584.0,164,56.0,5,1.0,0.0,0.0,4.0,High Value One-Off,4.0,2.0,RETAIL,477.3266129043138,0.0201540455461295,0.0303182813172686,0.0304195052571665
13591000000808,10296,GreenLeaf Palm Tea Works,SRI LANKA,High,0.9013,0.053,0.0457,90.1,High Risk,1077.5328487752754,320016.0,185,114.0,3,0.0,0.0,0.0,3.0,Strategic High-Value,47.0,1.0,RETAIL,1050.649957044326,0.0,0.0,26.88289173094953
13591000000816,10300,Darjeeling Bamboo Tea Co. 7AC,SRI LANKA,Low,0.027,0.0117,0.9613,2.7,Low Risk,375.0149704905704,112100.0,0,0.0,1,0.0,0.0,0.0,4.0,High Value One-Off,34.0,3.0,RETAIL,375.0149704905704,0.0,0.0,0.0
13591000000822,10303,Black Gold Maple Beverages,SRI LANKA,High,0.6964,0.2744,0.0292,69.6,Medium Risk,340.6068338971264,100890.0,169,84.66666666666667,3,1.0,0.0,0.0,4.0,High Value One-Off,7.0,3.0,FOOD SERVICE,78.99208773744905,0.0,180.8840374637828,80.7307086958946
13591000000824,10304,Black Gold Sage Exports,SRI LANKA,Low,0.1594,0.0514,0.7892,15.9,Low Risk,316.5169190699096,94400.0,0,0.0,1,0.0,0.0,0.0,4.0,High Value One-Off,6.0,2.0,FOOD SERVICE,316.5169190699096,0.0,0.0,0.0
13591000000826,10305,Oolong Willow Beverages,SRI LANKA,High,0.7966,0.1171,0.0863,79.7,High Risk,111.56820125302272,32730.0,252,151.66666666666666,3,1.0,0.0,0.0,4.0,High Value One-Off,19.0,3.0,FOOD SERVICE,46.48603776014077,0.0,0.0,65.08216349288195
13591000000828,10306,Darjeeling Orchid Trading,SRI LANKA,Low,0.4312,0.022,0.5468,43.1,Medium Risk,197.9072814449513,59000.0,6,6.0,1,0.0,0.0,0.0,4.0,High Value One-Off,17.0,3.0,FOOD SERVICE,197.9072814449513,0.0,0.0,0.0
13591000000834,10311,Silver Tip Hibiscus Exports 786,SRI LANKA,High,0.8069,0.1472,0.0459,80.7,High Risk,27264.062184993203,8139106.7,2750,368.7692307692308,13,3.0,0.0,0.0,4.0,High Value One-Off,106.0,4.0,GLOBAL,24588.068743840966,1254.4090040637075,0.0,1421.5844370885316
13591000000837,10312,Assam Orchid Beverages 861,SRI LANKA,High,0.8706,0.0996,0.0298,87.1,High Risk,126198.68519434409,37646440.5,2097,97.02919708029196,137,4.0,4.0,6.0,0.0,Loyal Medium Buyers,565.0,3.0,GLOBAL,115780.76815903417,487.2100232494199,705.22,9225.4870120605
13591000000845,10316,GreenLeaf Jasmine Distributors 262,SRI LANKA,Medium,0.0898,0.8939,0.0162,9.0,Low Risk,375.47815320729427,112185.3,5,2.5,2,1.0,0.0,0.0,0.0,No Sales History,0.0,0.0,Unknown,375.47815320729427,0.0,0.0,0.0
13591000000849,10319,Black Gold Maple Exports 898,SRI LANKA,High,0.8204,0.1652,0.0144,82.0,High Risk,2242.3954847849336,668699.1,131,54.375,8,1.0,0.0,0.0,0.0,No Sales History,0.0,0.0,Unknown,1941.4191040119608,74.70455229922334,75.29069305632217,150.98113541742708
13591000000857,10325,Herbal Lotus Trading B40,SRI LANKA,High,0.5848,0.4123,0.0029,58.5,Medium Risk,451.510832229878,134652.1,66,31.5,8,1.0,0.0,0.0,0.0,No Sales History,0.0,0.0,Unknown,278.6617571253356,172.10627332246173,0.7428017820806362,0.0
13591000000859,10326,Assam Cedar Trading 276,SRI LANKA,High,0.892,0.0395,0.0685,89.2,High Risk,3689.682827974072,1102156.4000000001,55,21.0,4,1.0,0.0,0.0,1.0,High Frequency Buyers,1.0,1.0,GLOBAL,3429.1576189187067,260.5252090553656,0.0,0.0
13591000000861,10327,Sencha Willow Holdings B9F,SRI LANKA,High,0.9673,0.0327,0.0,96.7,High Risk,6054.488588423142,1799541.9000000001,131,70.5,16,0.0,0.0,0.0,0.0,No Sales History,0.0,0.0,Unknown,2193.811132480747,1239.365824712555,1237.2882148354436,1384.0234163943958
13591000000865,10329,Black Gold Hibiscus Tea Works A1F,SRI LANKA,High,0.9569,0.0375,0.0056,95.7,High Risk,11706.519101611219,3492733.7,86,34.0,8,0.0,0.0,0.0,0.0,No Sales History,0.0,0.0,Unknown,9972.397020159395,1347.5331875642125,386.5888938876129,0.0
13591000000871,10333,Black Gold Orchid Beverages ED3,SRI LANKA,High,0.6587,0.3008,0.0405,65.9,Medium Risk,1108.919038493387,330607.9,468,93.5,10,2.0,0.0,0.0,4.0,High Value One-Off,8.0,2.0,RETAIL,869.8605360848562,95.3036395866946,44.90063149540668,98.85423132642953
13591000000877,10336,TeaLeaf Magnolia Holdings 1FF,SRI LANKA,Medium,0.2324,0.7662,0.0014,23.2,Low Risk,446.1639369800024,133291.1,24,9.666666666666666,3,0.0,0.0,0.0,0.0,No Sales History,0.0,0.0,Unknown,446.1639369800024,0.0,0.0,0.0
13591000000881,10338,Sencha Palm Imports,SRI LANKA,High,0.9605,0.0394,0.0002,96.0,High Risk,3028.4602345330804,904157.6,55,18.714285714285715,7,0.0,0.0,0.0,0.0,No Sales History,0.0,0.0,Unknown,2914.5772948058197,113.8829397272605,0.0,0.0
13591000000889,10344,Ceylon Palm Exports 53F,SRI LANKA,High,0.9664,0.01,0.0236,96.6,High Risk,295.1692758663452,85450.0,356,356.0,1,0.0,0.0,0.0,3.0,Strategic High-Value,32.0,1.0,GLOBAL,0.0,0.0,0.0,295.1692758663452
13591000000893,10347,Matcha Willow Trading F16,SRI LANKA,High,0.9715,0.0,0.0285,97.2,High Risk,1760.994310325775,522695.5,31,31.0,1,0.0,0.0,0.0,3.0,Strategic High-Value,4.0,1.0,GLOBAL,0.0,1760.994310325775,0.0,0.0
13591000000899,10352,Golden Bud Clover Tea Works 70B,SRI LANKA,High,0.9767,0.0,0.0233,97.7,High Risk,81.46927321795405,24271.0,44,44.0,1,0.0,0.0,0.0,3.0,Strategic High-Value,53.0,1.0,GLOBAL,0.0,81.46927321795405,0.0,0.0
13591000000901,10353,Darjeeling Maple Exports 6CA,SRI LANKA,Medium,0.203,0.6719,0.1252,20.3,Low Risk,2874.4392476158937,857860.0,15,8.0,3,1.0,0.0,0.0,3.0,Strategic High-Value,28.0,1.0,GLOBAL,2874.4392476158937,0.0,0.0,0.0
13591000000921,10368,Assam Palm Tea Co. 36D,SRI LANKA,Low,0.0837,0.2044,0.7119,8.4,Low Risk,5939.349195449466,1772522.1,0,0.0,3,0.0,0.0,0.0,3.0,Strategic High-Value,33.0,1.0,GLOBAL,5939.349195449466,0.0,0.0,0.0
13591000000935,10380,Darjeeling Bamboo Beverages 74C,SRI LANKA,High,0.9608,0.0043,0.035,96.1,High Risk,1646.592331901351,489346.0,28,28.0,1,0.0,0.0,0.0,3.0,Strategic High-Value,36.0,1.0,GLOBAL,1646.592331901351,0.0,0.0,0.0
13591000000951,10392,Herbal Ivy Beverages,SRI LANKA,Medium,0.3318,0.6367,0.0315,33.2,Medium Risk,8083.119096262228,2408616.0,52,26.666666666666668,3,0.0,0.0,0.0,3.0,Strategic High-Value,27.0,1.0,GLOBAL,6771.128571212224,1311.990525050003,0.0,0.0
13591000000953,10393,Ceylon Hibiscus Distributors C7F,SRI LANKA,Medium,0.1849,0.7607,0.0543,18.5,Low Risk,2936.1287375332527,875088.0,29,14.5,2,0.0,0.0,0.0,3.0,Strategic High-Value,23.0,1.0,GLOBAL,2936.1287375332527,0.0,0.0,0.0
13591000000959,10398,TeaLeaf Jasmine Trading,SRI LANKA,High,0.4737,0.3735,0.1528,47.4,Medium Risk,2341.4578566579526,698295.2,49,17.4,5,1.0,0.0,0.0,3.0,Strategic High-Value,83.0,1.0,GLOBAL,1890.4968466663477,450.9610099916049,0.0,0.0
13591000000961,10399,Silver Tip Bamboo Holdings,SRI LANKA,Medium,0.094,0.8423,0.0638,9.4,Low Risk,3447.3587754034584,1025302.0,28,18.666666666666668,3,0.0,0.0,0.0,3.0,Strategic High-Value,22.0,1.0,GLOBAL,3447.3587754034584,0.0,0.0,0.0
13591000000977,10415,Matcha Ivy Trading 43E,SRI LANKA,Medium,0.167,0.5916,0.2414,16.7,Low Risk,221.75555808611492,66250.0,4,2.3333333333333335,3,1.0,0.0,0.0,3.0,Strategic High-Value,119.0,1.0,GLOBAL,221.75555808611492,0.0,0.0,0.0
13591000000981,10438,Silver Tip Bamboo Exports,SRI LANKA,High,0.4357,0.3236,0.2407,43.6,Medium Risk,392.04075821906906,117153.5,18,10.333333333333334,3,17.0,0.0,0.0,3.0,Strategic High-Value,332.0,1.0,GLOBAL,392.04075821906906,0.0,0.0,0.0
13591000000987,10446,White Pearl Jasmine Beverages 416,SRI LANKA,High,0.9604,0.0033,0.0362,96.0,High Risk,771.5371528166639,230100.0,33,33.0,1,0.0,0.0,0.0,3.0,Strategic High-Value,11.0,1.0,GLOBAL,0.0,771.5371528166639,0.0,0.0
13591000000989,10447,Silver Tip Clover Tea Co.,SRI LANKA,Medium,0.0709,0.8635,0.0656,7.1,Low Risk,3669.6078517828846,1092385.0,52,13.333333333333334,6,0.0,0.0,0.0,3.0,Strategic High-Value,71.0,1.0,GLOBAL,2837.7298014794405,831.8780503034442,0.0,0.0
13591000001003,10454,TeaLeaf Hibiscus Tea Works,SRI LANKA,Low,0.2224,0.2504,0.5273,22.2,Low Risk,171.145847379394,51150.0,0,0.0,2,0.0,0.0,0.0,3.0,Strategic High-Value,54.0,1.0,GLOBAL,171.145847379394,0.0,0.0,0.0
13591000001021,10464,Herbal Maple Tea Works,SRI LANKA,High,0.97,0.0033,0.0267,97.0,High Risk,1012.646532283363,300857.7,36,36.0,1,0.0,0.0,0.0,3.0,Strategic High-Value,5.0,1.0,GLOBAL,0.0,1012.646532283363,0.0,0.0
13591000001037,10479,Black Gold Lotus Distributors,SRI LANKA,Low,0.3076,0.027,0.6654,30.8,Medium Risk,145.1918647495502,43306.0,0,0.0,1,0.0,0.0,0.0,3.0,Strategic High-Value,4.0,1.0,GLOBAL,145.1918647495502,0.0,0.0,0.0
13591000001043,10486,Silver Tip Willow Tea Co. DD7,SRI LANKA,High,0.7392,0.08,0.1808,73.9,High Risk,550.4802806511874,164400.0,30,30.0,1,0.0,0.0,0.0,3.0,Strategic High-Value,24.0,1.0,GLOBAL,550.4802806511874,0.0,0.0,0.0
13591000001075,10507,GreenLeaf Bamboo Trading,SRI LANKA,High,0.9889,0.0,0.0111,98.9,High Risk,56.78890408471364,16950.0,46,46.0,1,0.0,0.0,0.0,3.0,Strategic High-Value,16.0,1.0,GLOBAL,0.0,56.78890408471364,0.0,0.0
13591000001109,10531,Golden Bud Maple Tea Works,SRI LANKA,High,0.6619,0.1891,0.149,66.2,Medium Risk,92.57052435395227,27657.0,186,93.0,2,1.0,0.0,0.0,3.0,Strategic High-Value,3.0,1.0,RETAIL,92.53962840224882,0.0,0.0,0.0308959517034483
13591000001115,10534,Sencha Ivy Distributors 6E5,SRI LANKA,Low,0.1112,0.02,0.8688,11.1,Low Risk,608.2071144033164,181720.0,0,0.0,1,0.0,0.0,0.0,3.0,Strategic High-Value,8.0,1.0,GLOBAL,608.2071144033164,0.0,0.0,0.0
13591000001143,10550,Oolong Willow Imports,SRI LANKA,High,0.4957,0.032,0.4723,49.6,Medium Risk,200.5702184811417,59944.0,13,13.0,1,0.0,0.0,0.0,4.0,High Value One-Off,2.0,2.0,RETAIL,200.5702184811417,0.0,0.0,0.0
13591000001151,10555,Golden Bud Rosewood Tea Co. 0FE,SRI LANKA,Medium,0.3085,0.595,0.0965,30.8,Medium Risk,251.81235110047527,75107.0,30,9.0,9,1.0,0.0,0.0,4.0,High Value One-Off,4.0,3.0,GLOBAL,251.81235110047527,0.0,0.0,0.0
13591000001155,10561,Ceylon Ivy Distributors 5F2,SRI LANKA,High,0.9542,0.0,0.0458,95.4,High Risk,145.8577407541281,43500.0,33,33.0,1,0.0,0.0,0.0,1.0,High Frequency Buyers,4.0,1.0,GLOBAL,0.0,145.8577407541281,0.0,0.0
13591000001161,10570,Golden Bud Maple Imports FEE,SRI LANKA,Medium,0.3892,0.575,0.0358,38.9,Medium Risk,14.746533031808312,4400.0,16,8.0,2,0.0,0.0,0.0,0.0,No Sales History,0.0,0.0,Unknown,14.746533031808312,0.0,0.0,0.0
13591000001164,10573,TeaLeaf Magnolia Tea Works 59F,SRI LANKA,High,0.5108,0.1858,0.3035,51.1,Medium Risk,239514.60625115986,71415219.4,240,48.0,5,0.0,0.0,0.0,3.0,Strategic High-Value,118.0,1.0,GLOBAL,234303.01625115986,0.0,0.0,5211.59
13591000001171,10580,Sencha Clover Beverages 107,SRI LANKA,Low,0.1014,0.0917,0.8069,10.1,Low Risk,15933.433832017872,4758024.7,16,3.2,5,0.0,0.0,0.0,3.0,Strategic High-Value,94.0,1.0,GLOBAL,15933.433832017872,0.0,0.0,0.0
13591000001173,10581,Matcha Magnolia Tea Co.,SRI LANKA,High,0.8824,0.0601,0.0576,88.2,High Risk,17998.59,5345548.1,606,117.27272727272727,11,0.0,0.0,0.0,3.0,Strategic High-Value,25.0,1.0,GLOBAL,9315.0,3608.0699999999997,1695.0,3380.52
13591000001175,10582,Assam Willow Distributors D47,SRI LANKA,Medium,0.0869,0.886,0.0272,8.7,Low Risk,4780.780125355621,1425534.0,41,12.4,5,0.0,0.0,0.0,3.0,Strategic High-Value,17.0,1.0,GLOBAL,3198.8038926652116,1581.976232690409,0.0,0.0
13591000001179,10586,Golden Bud Jasmine Distributors C6A,SRI LANKA,High,0.9413,0.015,0.0437,94.1,High Risk,461.4294870763405,137647.0,10,10.0,1,0.0,0.0,0.0,3.0,Strategic High-Value,11.0,1.0,GLOBAL,461.4294870763405,0.0,0.0,0.0
13591000001189,10594,White Pearl Rosewood Tea Works B28,SRI LANKA,High,0.9989,0.0,0.0011,99.9,High Risk,54.58837293297993,16126.5,142,142.0,1,0.0,0.0,0.0,3.0,Strategic High-Value,12.0,1.0,GLOBAL,0.0,0.0,0.0,54.58837293297993
13591000001205,10607,Ceylon Rosewood Trading,SRI LANKA,Medium,0.1547,0.7467,0.0986,15.5,Low Risk,1744.4216599471854,520020.1,73,18.25,4,0.0,0.0,0.0,3.0,Strategic High-Value,22.0,1.0,GLOBAL,1563.3341070291378,0.0,181.0875529180475,0.0
13591000001213,10613,Silver Tip Rosewood Tea Co.,SRI LANKA,High,0.589,0.3351,0.0759,58.9,Medium Risk,9867.333578058599,2944154.2,101,34.25,4,0.0,0.0,0.0,3.0,Strategic High-Value,11.0,1.0,GLOBAL,9737.398689159854,0.0,0.0,129.9348888987452
13591000001229,10622,White Pearl Magnolia Tea Co. 1F2,SRI LANKA,Medium,0.1299,0.626,0.2441,13.0,Low Risk,5243.386964856019,1566376.5,10,5.0,2,0.0,0.0,0.0,3.0,Strategic High-Value,34.0,1.0,GLOBAL,5243.386964856019,0.0,0.0,0.0
13591000001231,10624,White Pearl Rosewood Tea Works,SRI LANKA,High,0.8662,0.02,0.1138,86.6,High Risk,111.3017794136175,33040.0,60,60.0,1,0.0,0.0,0.0,4.0,High Value One-Off,27.0,2.0,GLOBAL,0.0,111.3017794136175,0.0,0.0
13591000001233,10625,Assam Rosewood Exports,SRI LANKA,High,0.6727,0.0202,0.3071,67.3,Medium Risk,15.60019064296482,4661.0,11,11.0,1,1.0,0.0,0.0,3.0,Strategic High-Value,15.0,1.0,GLOBAL,15.60019064296482,0.0,0.0,0.0
13591000001245,10633,Matcha Jasmine Distributors C8C,SRI LANKA,Low,0.4615,0.0367,0.5019,46.2,Medium Risk,504.907178110079,150794.6,19,19.0,1,2.0,0.0,0.0,3.0,Strategic High-Value,10.0,1.0,GLOBAL,504.907178110079,0.0,0.0,0.0
13591000001277,10663,Sencha Orchid Beverages 055,SRI LANKA,Low,0.2579,0.0467,0.6955,25.8,Low Risk,276.8875028870383,82600.0,0,0.0,1,0.0,0.0,0.0,1.0,High Frequency Buyers,1.0,1.0,GLOBAL,276.8875028870383,0.0,0.0,0.0
13591000001279,10664,White Pearl Palm Trading 12F,SRI LANKA,Medium,0.1196,0.692,0.1884,12.0,Low Risk,1309.335211803293,391080.1,26,8.4,5,0.0,0.0,0.0,3.0,Strategic High-Value,80.0,1.0,GLOBAL,1309.335211803293,0.0,0.0,0.0
13591000001283,10666,Sencha Lotus Exports,SRI LANKA,Medium,0.2544,0.6404,0.1052,25.4,Low Risk,8228.100413363467,2449543.5,31,12.4,5,0.0,0.0,0.0,3.0,Strategic High-Value,10.0,1.0,GLOBAL,4002.300413363466,4225.8,0.0,0.0
13591000001293,10671,Assam Bamboo Holdings EDF,SRI LANKA,Medium,0.0968,0.8212,0.082,9.7,Low Risk,477.3735460668392,142600.0,26,13.0,2,0.0,0.0,0.0,3.0,Strategic High-Value,56.0,1.0,GLOBAL,477.3735460668392,0.0,0.0,0.0
13591000001305,10678,Ceylon Willow Distributors 1EB,SRI LANKA,High,0.4909,0.3708,0.1383,49.1,Medium Risk,5214.599999999999,1543575.7,122,53.0,4,0.0,0.0,0.0,3.0,Strategic High-Value,7.0,1.0,GLOBAL,339.6,0.0,4109.4,765.6
13591000001307,10681,White Pearl Rosewood Beverages 722,SRI LANKA,Medium,0.3155,0.47,0.2145,31.6,Medium Risk,9716.367249061204,2896894.5,354,110.0,7,0.0,0.0,0.0,3.0,Strategic High-Value,40.0,1.0,GLOBAL,7956.167249061205,317.7,0.0,1442.5
13591000001349,10710,Silver Tip Hibiscus Beverages 84A,SRI LANKA,High,0.6718,0.2181,0.11,67.2,Medium Risk,299.07265601237555,89200.0,25,22.0,2,0.0,0.0,0.0,3.0,Strategic High-Value,38.0,1.0,GLOBAL,299.07265601237555,0.0,0.0,0.0
13591000001355,10713,Black Gold Palm Imports,SRI LANKA,High,0.7909,0.1454,0.0637,79.1,High Risk,163450.60750165908,48255607.0,469,185.82926829268294,41,3.0,15.0,1.0,4.0,High Value One-Off,25.0,2.0,GLOBAL,17703.4757584198,25880.546182570783,8145.550435985887,111721.0351246826
13591000001380,10731,Matcha Cedar Beverages DE8,SRI LANKA,High,0.8585,0.0841,0.0575,85.9,High Risk,10729.59571002969,3201812.0,57,24.2,5,2.0,0.0,0.0,3.0,Strategic High-Value,19.0,1.0,GLOBAL,10138.216486673204,591.3792233564858,0.0,0.0
13591000001386,10735,Herbal Jasmine Trading 9F5,SRI LANKA,High,0.8963,0.0071,0.0965,89.6,High Risk,14.91824800095477,4450.0,20,20.0,1,0.0,0.0,0.0,3.0,Strategic High-Value,32.0,1.0,GLOBAL,14.91824800095477,0.0,0.0,0.0
13591000001400,10749,Oolong Lotus Trading B7D,SRI LANKA,Medium,0.2511,0.4995,0.2494,25.1,Low Risk,4622.387412324653,1380600.0,0,0.0,2,1.0,0.0,0.0,3.0,Strategic High-Value,41.0,1.0,GLOBAL,4622.387412324653,0.0,0.0,0.0
13591000001402,10750,TeaLeaf Willow Exports FF6,SRI LANKA,High,0.7745,0.0033,0.2222,77.4,High Risk,151.377180300783,45150.0,19,19.0,1,0.0,0.0,0.0,3.0,Strategic High-Value,22.0,1.0,GLOBAL,151.377180300783,0.0,0.0,0.0
13591000001438,10781,White Pearl Bamboo Beverages D5C,SRI LANKA,High,0.6602,0.2217,0.1181,66.0,Medium Risk,497.8358844246843,148500.0,41,30.0,4,1.0,0.0,0.0,3.0,Strategic High-Value,60.0,1.0,GLOBAL,36.21168141901509,461.6242030056692,0.0,0.0
13591000001440,10783,TeaLeaf Jasmine Holdings,SRI LANKA,High,0.5688,0.3647,0.0665,56.9,Medium Risk,680.4162455744392,202960.0,10,6.5,2,0.0,0.0,0.0,1.0,High Frequency Buyers,1.0,1.0,GLOBAL,680.4162455744392,0.0,0.0,0.0
13591000001458,10801,Sencha Willow Exports,SRI LANKA,High,0.5378,0.3261,0.1361,53.8,Medium Risk,7038.373135982537,2078078.4,92,42.2,5,0.0,0.0,0.0,3.0,Strategic High-Value,37.0,1.0,GLOBAL,390.4442732375477,98.95081943018415,98.97804331480486,6450.0
13591000001468,10808,Herbal Bamboo Imports 305,SRI LANKA,High,0.6525,0.0,0.3475,65.2,Medium Risk,5859.706405902723,1747968.0,43,43.0,1,0.0,0.0,1.0,3.0,Strategic High-Value,9.0,1.0,GLOBAL,0.0,5859.706405902723,0.0,0.0
13591000001470,10809,Assam Clover Trading 267,SRI LANKA,Medium,0.0659,0.7962,0.1379,6.6,Low Risk,7570.933975377911,2261059.4000000004,37,15.666666666666666,3,0.0,0.0,0.0,3.0,Strategic High-Value,51.0,1.0,GLOBAL,6734.590845099578,836.3431302783335,0.0,0.0
13591000001472,10810,Matcha Rosewood Imports,SRI LANKA,High,0.8975,0.065,0.0375,89.8,High Risk,9131.71557489478,2725117.6,445,32.42857142857143,21,3.0,0.0,1.0,4.0,High Value One-Off,81.0,3.0,RETAIL,8067.603918949489,416.9671776683439,647.141052238791,0.0034260381560824
13591000001480,10814,Ceylon Palm Imports D85,SRI LANKA,High,0.9383,0.0297,0.032,93.8,High Risk,1316.144654710402,390910.4,77,42.5,4,0.0,0.0,1.0,1.0,High Frequency Buyers,4.0,1.0,GLOBAL,603.1787811939673,0.0,712.9658735164346,0.0
13591000001486,10819,Ceylon Orchid Exports C54,SRI LANKA,Medium,0.2858,0.4711,0.2431,28.6,Low Risk,185.219742366504,55304.700000000004,415,207.5,2,1.0,0.0,0.0,3.0,Strategic High-Value,9.0,1.0,GLOBAL,166.3086200623692,0.0,0.0,18.9111223041348
13591000001518,10845,White Pearl Clover Tea Works,SRI LANKA,High,0.6507,0.2389,0.1104,65.1,Medium Risk,1878.397124018582,557669.5,100,37.666666666666664,3,2.0,0.0,0.0,3.0,Strategic High-Value,107.0,1.0,GLOBAL,1011.3971240185818,0.0,0.0,867.0
13591000001532,10859,Assam Lotus Exports 0F3,SRI LANKA,Low,0.2378,0.0242,0.738,23.8,Low Risk,38.30798265932904,11446.0,0,0.0,1,2.0,0.0,0.0,3.0,Strategic High-Value,49.0,1.0,GLOBAL,38.30798265932904,0.0,0.0,0.0
13591000001534,10860,Herbal Sage Beverages,SRI LANKA,High,0.9736,0.005,0.0214,97.4,High Risk,248.3255013257007,73971.3,52,52.0,1,0.0,0.0,0.0,3.0,Strategic High-Value,26.0,1.0,GLOBAL,0.0,248.3255013257007,0.0,0.0
13591000001536,10861,GreenLeaf Orchid Distributors 994,SRI LANKA,Low,0.1562,0.0259,0.8179,15.6,Low Risk,3732.376145594468,1115100.0,0,0.0,1,1.0,0.0,0.0,3.0,Strategic High-Value,17.0,1.0,GLOBAL,3732.376145594468,0.0,0.0,0.0
13591000001544,10868,TeaLeaf Magnolia Exports,SRI LANKA,High,0.8331,0.015,0.1519,83.3,High Risk,315.3226573882088,94105.0,24,24.0,1,0.0,0.0,0.0,3.0,Strategic High-Value,14.0,1.0,GLOBAL,315.3226573882088,0.0,0.0,0.0
13591000001560,10884,Sencha Orchid Exports 425,SRI LANKA,High,0.8813,0.0217,0.097,88.1,High Risk,559.6526359402011,165200.0,109,109.0,1,1.0,0.0,0.0,3.0,Strategic High-Value,36.0,1.0,GLOBAL,0.0,0.0,0.0,559.6526359402011
13591000001572,10890,TeaLeaf Orchid Imports 92C,SRI LANKA,High,0.7898,0.065,0.1452,79.0,High Risk,88265.468931749,25724000.0,227,227.0,1,0.0,0.0,0.0,4.0,High Value One-Off,8.0,2.0,RETAIL,0.0,0.0,0.0,88265.468931749
13591000001576,10893,Oolong Magnolia Trading 46F,SRI LANKA,High,0.5638,0.0344,0.4017,56.4,Medium Risk,121.463652988232,36690.7,548,548.0,1,4.0,0.0,1.0,4.0,High Value One-Off,43.0,3.0,RETAIL,0.0,0.0,0.0,121.463652988232
13591000001580,10897,White Pearl Palm Tea Co.,SRI LANKA,High,0.7928,0.1973,0.01,79.3,High Risk,9538.875173269207,2846768.2,165,33.166666666666664,12,0.0,0.0,1.0,4.0,High Value One-Off,24.0,2.0,RETAIL,8794.217232316125,117.5155198188723,0.0,627.1424211342108
13591000001592,10906,Herbal Bamboo Tea Co. E56,SRI LANKA,Medium,0.3746,0.5338,0.0916,37.5,Medium Risk,633.9500025451537,189288.19999999998,29,7.25,4,1.0,0.0,0.0,4.0,High Value One-Off,6.0,2.0,RETAIL,633.9500025451537,0.0,0.0,0.0
13591000001618,10925,Herbal Magnolia Tea Co.,SRI LANKA,High,0.8727,0.018,0.1093,87.3,High Risk,2862.0,853818.5,42,42.0,1,1.0,0.0,0.0,3.0,Strategic High-Value,19.0,1.0,GLOBAL,0.0,2862.0,0.0,0.0
13591000001634,10938,Silver Tip Sage Trading,SRI LANKA,Medium,0.1699,0.6566,0.1735,17.0,Low Risk,8262.44001507452,2466100.5,17,9.666666666666666,3,0.0,0.0,0.0,3.0,Strategic High-Value,65.0,1.0,GLOBAL,8262.44001507452,0.0,0.0,0.0
13591000001694,10991,Assam Ivy Distributors F1B,SRI LANKA,Medium,0.0752,0.9056,0.0191,7.5,Low Risk,597.9203976129912,178500.0,60,24.666666666666668,3,0.0,0.0,0.0,3.0,Strategic High-Value,24.0,1.0,GLOBAL,398.3813161232425,199.5390814897487,0.0,0.0
13591000001724,11010,TeaLeaf Willow Tea Works,SRI LANKA,High,0.9021,0.007,0.0909,90.2,High Risk,70.0,11792.9,2529,2529.0,1,0.0,0.0,0.0,4.0,High Value One-Off,5.0,2.0,RETAIL,0.0,0.0,0.0,70.0
13591000001740,11023,Herbal Rosewood Beverages C75,SRI LANKA,High,0.9086,0.0618,0.0296,90.9,High Risk,1817.75,538642.2,125,87.66666666666667,3,0.0,0.0,0.0,1.0,High Frequency Buyers,9.0,1.0,GLOBAL,0.0,0.0,1243.25,574.5
13591000001750,11033,Oolong Rosewood Trading,SRI LANKA,High,0.3667,0.3592,0.2741,36.7,Medium Risk,8389.97650985669,2502044.4,24,8.6,5,1.0,0.0,0.0,3.0,Strategic High-Value,74.0,1.0,GLOBAL,8389.97650985669,0.0,0.0,0.0
13591000001756,11037,Darjeeling Orchid Holdings 197,SRI LANKA,High,0.8786,0.0772,0.0442,87.9,High Risk,423.08337107502615,126150.0,59,41.5,4,0.0,0.0,0.0,3.0,Strategic High-Value,52.0,1.0,GLOBAL,200.6331761790593,222.45019489596686,0.0,0.0
13591000001776,11052,White Pearl Willow Trading CD4,SRI LANKA,Low,0.1204,0.0327,0.8469,12.0,Low Risk,3496.123164074529,1042262.1,0,0.0,1,0.0,0.0,0.0,3.0,Strategic High-Value,10.0,1.0,GLOBAL,3496.123164074529,0.0,0.0,0.0
13591000001782,11060,Golden Bud Hibiscus Tea Co.,SRI LANKA,High,0.9099,0.0262,0.0639,91.0,High Risk,1281.5,367243.8,303,303.0,1,0.0,0.0,0.0,3.0,Strategic High-Value,77.0,1.0,GLOBAL,0.0,0.0,0.0,1281.5
13591000001788,11067,Oolong Ivy Tea Works,SRI LANKA,High,0.8447,0.1166,0.0386,84.5,High Risk,3715.6360595319775,1106276.1,109,50.0,3,0.0,0.0,0.0,3.0,Strategic High-Value,51.0,1.0,GLOBAL,3700.0,0.0,0.0,15.63605953197756
13591000001792,11069,Assam Cedar Holdings 2D7,SRI LANKA,Low,0.2117,0.0455,0.7428,21.2,Low Risk,10766.72587558354,3213560.8,0,0.0,3,0.0,0.0,0.0,3.0,Strategic High-Value,13.0,1.0,GLOBAL,10766.72587558354,0.0,0.0,0.0
13591000001794,11073,Golden Bud Ivy Tea Works 246,SRI LANKA,High,0.8939,0.0482,0.0579,89.4,High Risk,316.7270625460267,94150.0,76,67.0,3,0.0,0.0,0.0,3.0,Strategic High-Value,53.0,1.0,GLOBAL,0.0,19.60920365515556,297.1178588908711,0.0
13591000001808,11087,Black Gold Cedar Beverages E3C,SRI LANKA,Medium,0.2138,0.7149,0.0713,21.4,Low Risk,1590.4199673637545,474950.0,25,10.8,5,0.0,0.0,0.0,4.0,High Value One-Off,23.0,3.0,FOOD SERVICE,1590.4199673637545,0.0,0.0,0.0
13591000001816,11097,Silver Tip Palm Beverages,SRI LANKA,Medium,0.3085,0.5651,0.1264,30.8,Medium Risk,196.98559196209328,58752.0,22,11.0,2,0.0,0.0,0.0,1.0,High Frequency Buyers,2.0,1.0,RETAIL,196.98559196209328,0.0,0.0,0.0
13591000001820,11100,White Pearl Sage Holdings D7B,SRI LANKA,Medium,0.0612,0.8823,0.0564,6.1,Low Risk,6107.405655473185,1823687.6,8,2.6666666666666665,3,0.0,0.0,0.0,4.0,High Value One-Off,21.0,2.0,GLOBAL,6107.405655473185,0.0,0.0,0.0
13591000001822,11102,Silver Tip Clover Beverages E20,SRI LANKA,High,0.7286,0.0337,0.2378,72.9,High Risk,6604.444304457439,1971033.0,8,8.0,1,0.0,0.0,0.0,3.0,Strategic High-Value,34.0,1.0,GLOBAL,6604.444304457439,0.0,0.0,0.0
13591000001842,11116,Oolong Maple Trading,SRI LANKA,High,0.5456,0.3745,0.0799,54.6,Medium Risk,548.613180216346,163500.0,68,37.0,3,0.0,0.0,0.0,3.0,Strategic High-Value,27.0,1.0,GLOBAL,182.7162497104199,182.9374723076303,182.9594581982958,0.0
13591000001872,11145,Black Gold Rosewood Holdings B80,SRI LANKA,Low,0.3176,0.1989,0.4835,31.8,Medium Risk,9567.439788940506,2858281.5999999996,0,0.0,5,1.0,0.0,0.0,3.0,Strategic High-Value,138.0,1.0,GLOBAL,9567.439788940506,0.0,0.0,0.0
13591000001876,11160,Oolong Bamboo Imports AB8,SRI LANKA,High,0.635,0.088,0.277,63.5,Medium Risk,13719.524937152193,4089191.5,62,46.857142857142854,7,0.0,0.0,0.0,3.0,Strategic High-Value,157.0,1.0,GLOBAL,7.064937152194148,9388.14,4324.32,0.0
13591000001898,11172,Golden Bud Fern Trading 0D8,SRI LANKA,High,0.867,0.0054,0.1276,86.7,High Risk,4900.562617044135,1582400.0,648,648.0,1,0.0,0.0,0.0,3.0,Strategic High-Value,2.0,1.0,GLOBAL,0.0,0.0,0.0,4900.562617044135
13591000001910,11178,Assam Ivy Exports,SRI LANKA,High,0.9761,0.01,0.0139,97.6,High Risk,822.2657669896342,245440.0,15,15.0,1,0.0,0.0,0.0,3.0,Strategic High-Value,7.0,1.0,GLOBAL,822.2657669896342,0.0,0.0,0.0
13591000001942,11196,TeaLeaf Rosewood Beverages 28C,SRI LANKA,High,0.6988,0.0795,0.2217,69.9,Medium Risk,30791.45187232337,9491000.7,1081,826.5,2,0.0,0.0,1.0,1.0,High Frequency Buyers,5.0,1.0,GLOBAL,0.0,0.0,0.0,30791.45187232337
13591000001960,11205,White Pearl Maple Distributors 57E,SRI LANKA,Low,0.1701,0.0,0.8299,17.0,Low Risk,87.66414860880008,26200.0,0,0.0,1,0.0,0.0,0.0,3.0,Strategic High-Value,11.0,1.0,GLOBAL,87.66414860880008,0.0,0.0,0.0
13591000001962,11206,Ceylon Lotus Imports,SRI LANKA,Low,0.3069,0.0835,0.6096,30.7,Medium Risk,476.3810902736063,142237.2,0,0.0,2,2.0,1.0,0.0,4.0,High Value One-Off,23.0,3.0,RETAIL,476.3810902736063,0.0,0.0,0.0
13591000001972,11211,Darjeeling Magnolia Exports 14F,SRI LANKA,Low,0.2818,0.025,0.6932,28.2,Low Risk,199.1503143060549,59500.0,0,0.0,1,0.0,0.0,0.0,3.0,Strategic High-Value,44.0,1.0,GLOBAL,199.1503143060549,0.0,0.0,0.0
13591000001986,11218,Silver Tip Maple Tea Works,SRI LANKA,Medium,0.0947,0.6234,0.282,9.5,Low Risk,232.2797103983881,69384.0,11,5.5,2,0.0,1.0,0.0,4.0,High Value One-Off,22.0,3.0,GLOBAL,232.2797103983881,0.0,0.0,0.0
13591000001990,11220,TeaLeaf Bamboo Imports,SRI LANKA,Low,0.0251,0.012,0.9629,2.5,Low Risk,100.8723835282672,30090.0,0,0.0,1,0.0,0.0,0.0,4.0,High Value One-Off,9.0,3.0,RETAIL,100.8723835282672,0.0,0.0,0.0
13591000001994,11222,Oolong Willow Distributors 987,SRI LANKA,High,0.7927,0.034,0.1733,79.3,High Risk,296.9341299444146,88500.0,31,31.0,1,1.0,0.0,0.0,4.0,High Value One-Off,13.0,3.0,FOOD SERVICE,0.0,296.9341299444146,0.0,0.0
13591000001996,11223,Darjeeling Maple Exports,SRI LANKA,Low,0.2483,0.0132,0.7384,24.8,Low Risk,45.52007184138397,13600.0,0,0.0,1,0.0,0.0,0.0,3.0,Strategic High-Value,16.0,1.0,RETAIL,45.52007184138397,0.0,0.0,0.0
13591000002004,11227,Darjeeling Cedar Beverages,SRI LANKA,High,0.8625,0.1152,0.0223,86.2,High Risk,4425.590109866928,1320173.9,257,39.125,8,3.0,0.0,0.0,4.0,High Value One-Off,161.0,3.0,RETAIL,4242.909140543223,0.0,0.0,182.6809693237053
13591000002008,11231,Assam Rosewood Trading 7BA,SRI LANKA,Medium,0.0818,0.9038,0.0145,8.2,Low Risk,672.1148134300761,200305.0,79,34.0,3,0.0,0.0,0.0,3.0,Strategic High-Value,23.0,1.0,GLOBAL,460.31525027615527,0.0,211.7995631539208,0.0
13591000002010,11233,Oolong Hibiscus Imports 38E,SRI LANKA,High,0.8112,0.138,0.0508,81.1,High Risk,1952.2,580814.7,31,24.0,2,0.0,0.0,0.0,3.0,Strategic High-Value,11.0,1.0,GLOBAL,963.6,988.6,0.0,0.0
13591000002012,11234,Sencha Hibiscus Tea Co. 828,SRI LANKA,High,0.7533,0.079,0.1677,75.3,High Risk,805.3486089433118,240240.0,10,10.0,1,0.0,0.0,0.0,3.0,Strategic High-Value,4.0,1.0,GLOBAL,805.3486089433118,0.0,0.0,0.0
13591000002014,11240,Assam Clover Holdings,SRI LANKA,High,0.922,0.0498,0.0282,92.2,High Risk,10847.739559465448,3179424.1,579,264.0,8,0.0,0.0,0.0,4.0,High Value One-Off,263.0,3.0,RETAIL,0.0,0.0,0.0,10847.739559465448
13591000002016,11241,Sencha Orchid Tea Works BFF,SRI LANKA,Medium,0.3304,0.5648,0.1048,33.0,Medium Risk,1767.4038769293993,526870.0,42,11.5,6,1.0,0.0,0.0,4.0,High Value One-Off,62.0,3.0,FOOD SERVICE,1727.7139961672192,39.68988076218025,0.0,0.0
13591000002018,11249,Golden Bud Maple Tea Co.,RUSSIA,High,0.7607,0.1561,0.0832,76.1,High Risk,467065.47,140214344.5,1022,428.0,13,1.0,1.0,1.0,3.0,Strategic High-Value,26.0,1.0,RETAIL,400770.24,0.0,0.0,66295.23
13591000002020,11250,Silver Tip Lotus Beverages,BAHRAIN,High,0.7809,0.0525,0.1666,78.1,High Risk,7522.82,2221144.2,33,33.0,1,0.0,0.0,0.0,4.0,High Value One-Off,153.0,3.0,FOOD SERVICE,0.0,7522.82,0.0,0.0
13591000002022,11251,Black Gold Cedar Exports,UNITED STATES,High,0.9177,0.004,0.0783,91.8,High Risk,4141.44,819600.5,1381,1381.0,1,1.0,0.0,0.0,4.0,High Value One-Off,10.0,2.0,FOOD SERVICE,0.0,0.0,0.0,4141.44
13591000002040,11260,TeaLeaf Willow Exports,SRI LANKA,High,0.8113,0.0382,0.1505,81.1,High Risk,500.0,148617.3,87,87.0,1,2.0,1.0,0.0,4.0,High Value One-Off,68.0,3.0,RETAIL,0.0,0.0,500.0,0.0
13591000002048,11272,TeaLeaf Maple Imports,SRI LANKA,Medium,0.3803,0.5785,0.0412,38.0,Medium Risk,217.58321458866618,64900.0,36,21.333333333333332,3,1.0,0.0,0.0,4.0,High Value One-Off,12.0,3.0,FOOD SERVICE,138.38539454222135,79.19782004644482,0.0,0.0
13591000002052,11274,Silver Tip Sage Tea Co.,SRI LANKA,High,0.8696,0.0209,0.1095,87.0,High Risk,133.3919237956399,39675.0,38,38.0,1,0.0,0.0,0.0,4.0,High Value One-Off,97.0,2.0,RETAIL,0.0,133.3919237956399,0.0,0.0
13591000002054,11275,Sencha Ivy Holdings 5A4,SRI LANKA,Medium,0.2021,0.7647,0.0332,20.2,Low Risk,740.0932695165053,220424.0,59,14.75,4,1.0,0.0,0.0,4.0,High Value One-Off,14.0,2.0,FOOD SERVICE,543.0680488551533,197.025220661352,0.0,0.0
13591000002056,11276,Matcha Lotus Exports D00,SRI LANKA,High,0.6546,0.3122,0.0332,65.5,Medium Risk,643.2289496643484,191170.0,186,95.0,4,1.0,0.0,0.0,4.0,High Value One-Off,7.0,2.0,FOOD SERVICE,224.6147767680758,206.1889305595264,0.0,212.42524233674615
13591000002072,11284,White Pearl Cedar Exports D23,SRI LANKA,High,0.8912,0.0587,0.0502,89.1,High Risk,20167.872040908944,7176886.3,1032,992.8421052631579,19,0.0,0.0,0.0,0.0,Loyal Medium Buyers,576.0,3.0,RETAIL,0.0,0.0,0.0,20167.872040908944
13591000002086,11291,Darjeeling Cedar Trading,SRI LANKA,Medium,0.3073,0.6036,0.0891,30.7,Medium Risk,197.91826169913497,59000.0,25,12.0,3,0.0,0.0,0.0,4.0,High Value One-Off,10.0,3.0,FOOD SERVICE,197.91826169913497,0.0,0.0,0.0
13591000002090,11293,Ceylon Hibiscus Trading 22C,SRI LANKA,Low,0.0938,0.0193,0.8869,9.4,Low Risk,66.45225132760652,19864.0,0,0.0,1,0.0,0.0,0.0,4.0,High Value One-Off,7.0,3.0,FOOD SERVICE,66.45225132760652,0.0,0.0,0.0
13591000002094,11295,Silver Tip Hibiscus Tea Co.,SRI LANKA,High,0.9237,0.0313,0.045,92.4,High Risk,163.62678686244925,48600.0,510,454.5,2,0.0,0.0,0.0,4.0,High Value One-Off,3.0,2.0,FOOD SERVICE,0.0,0.0,0.0,163.62678686244925
13591000002104,11300,Sencha Clover Trading,SRI LANKA,High,0.8918,0.0427,0.0655,89.2,High Risk,10478.165491610453,3129949.5000000005,55,24.2,10,0.0,0.0,0.0,1.0,High Frequency Buyers,1.0,1.0,GLOBAL,9721.943231230125,756.2222603803274,0.0,0.0
13591000002106,11301,Sencha Ivy Tea Works,SRI LANKA,Medium,0.1392,0.8608,0.0,13.9,Low Risk,708.4136625744774,211611.30000000002,55,24.2,10,1.0,0.0,0.0,0.0,No Sales History,0.0,0.0,Unknown,657.2992148649811,51.114447709496325,0.0,0.0
13591000002108,11302,Matcha Palm Holdings 277,SRI LANKA,High,0.9441,0.0467,0.0092,94.4,High Risk,284.1830170057602,84841.70000000001,35,16.8,5,0.0,0.0,0.0,1.0,High Frequency Buyers,1.0,1.0,GLOBAL,283.3476196504094,0.8353973553507588,0.0,0.0
13591000002128,11312,TeaLeaf Ivy Exports,SRI LANKA,High,0.857,0.1305,0.0125,85.7,High Risk,245456.36000000002,31961814.0,4965,4041.25,4,0.0,0.0,0.0,0.0,No Sales History,0.0,0.0,Unknown,0.0,0.0,0.0,245456.36000000002
13591000002146,11321,Ceylon Lotus Holdings E62,SRI LANKA,Low,0.104,0.0489,0.847,10.4,Low Risk,1183.308577713372,353000.0,0,0.0,1,0.0,0.0,0.0,3.0,Strategic High-Value,25.0,1.0,GLOBAL,1183.308577713372,0.0,0.0,0.0
13591000002168,11333,Sencha Rosewood Tea Co.,SRI LANKA,High,0.8736,0.0512,0.0752,87.4,High Risk,5537.51576940435,1625073.0,646,186.40540540540542,37,41.0,5.0,4.0,1.0,High Frequency Buyers,3.0,1.0,GLOBAL,2.731121125221904,0.0,76.63276592686148,5458.151882352267
13591000002174,11336,White Pearl Hibiscus Beverages,BAHRAIN,Medium,0.3242,0.3693,0.3065,32.4,Medium Risk,15798.52,4705027.5,0,0.0,3,0.0,0.0,0.0,4.0,High Value One-Off,28.0,2.0,RETAIL,15798.52,0.0,0.0,0.0
13591000002178,11340,White Pearl Maple Tea Works,SRI LANKA,High,0.5625,0.286,0.1515,56.2,Medium Risk,120.44922308102616,35929.0,610,305.0,2,0.0,0.0,0.0,4.0,High Value One-Off,6.0,2.0,RETAIL,120.3714537541819,0.0,0.0,0.0777693268442607
13591000002194,11349,Sencha Hibiscus Beverages 224,SRI LANKA,Medium,0.3322,0.4226,0.2452,33.2,Medium Risk,269.8802230192439,80631.0,18,9.333333333333334,3,0.0,0.0,0.0,3.0,Strategic High-Value,44.0,1.0,GLOBAL,269.8802230192439,0.0,0.0,0.0
13591000002196,11350,Matcha Palm Holdings,MAURITIUS,High,0.7268,0.1282,0.145,72.7,High Risk,40249.91,12020567.2,0,0.0,1,0.0,1.0,2.0,4.0,High Value One-Off,70.0,2.0,FOOD SERVICE,40249.91,0.0,0.0,0.0
13591000002222,11364,Darjeeling Fern Exports 8A1,SRI LANKA,High,0.8715,0.0075,0.121,87.2,High Risk,1715.069148311302,492000.0,297,297.0,1,0.0,0.0,0.0,4.0,High Value One-Off,17.0,2.0,RETAIL,0.0,0.0,0.0,1715.069148311302
13591000002230,11368,TeaLeaf Orchid Trading,UNITED KINGDOM,Low,0.3507,0.0635,0.5858,35.1,Medium Risk,634.0,189120.7,0,0.0,1,1.0,0.0,0.0,3.0,Strategic High-Value,1.0,1.0,GLOBAL,634.0,0.0,0.0,0.0
13591000002264,11385,Assam Sage Exports,OMAN,High,0.935,0.0123,0.0526,93.5,High Risk,799.9999999999995,228877.1,214,214.0,1,0.0,2.0,0.0,4.0,High Value One-Off,49.0,2.0,FOOD SERVICE,0.0,0.0,0.0,799.9999999999995
13591000002272,11389,TeaLeaf Hibiscus Trading 720,SRI LANKA,Medium,0.3767,0.5109,0.1124,37.7,Medium Risk,303.35954207851137,90500.0,42,26.5,2,0.0,0.0,0.0,3.0,Strategic High-Value,14.0,1.0,GLOBAL,78.775500216046,224.5840418624654,0.0,0.0
13591000002278,11392,Assam Willow Imports 48D,SRI LANKA,High,0.4971,0.3267,0.1762,49.7,Medium Risk,18952.21488298857,5642095.4,66,28.8,5,0.0,0.0,0.0,3.0,Strategic High-Value,10.0,1.0,GLOBAL,7991.877364413687,6926.05531463009,4034.282203944792,0.0
13591000002282,11394,Assam Palm Distributors 38F,SRI LANKA,High,0.6647,0.0357,0.2996,66.5,Medium Risk,101.286670650001,30208.0,9,9.0,1,2.0,0.0,0.0,3.0,Strategic High-Value,10.0,1.0,GLOBAL,101.286670650001,0.0,0.0,0.0
13591000002304,11406,Assam Jasmine Trading,SRI LANKA,High,0.6597,0.2006,0.1397,66.0,Medium Risk,182.75210744236378,54455.4,204,53.5,4,0.0,0.0,0.0,4.0,High Value One-Off,18.0,3.0,FOOD SERVICE,173.2357919518941,0.0,0.0,9.516315490469667
13591000002322,11415,Herbal Bamboo Tea Co.,GREECE,High,0.959,0.0087,0.0323,95.9,High Risk,3.0,875.6,529,529.0,1,0.0,0.0,0.0,3.0,Strategic High-Value,10.0,1.0,FOOD SERVICE,0.0,0.0,0.0,3.0
13591000002340,11424,Golden Bud Rosewood Exports BF9,SRI LANKA,High,0.9187,0.0639,0.0173,91.9,High Risk,487.34672496369996,144550.0,347,106.33333333333333,6,0.0,0.0,0.0,3.0,Strategic High-Value,3.0,1.0,FOOD SERVICE,77.48273573556169,136.29227565474275,78.06985712959603,195.5018564437995
13591000002348,11428,Silver Tip Lotus Imports A8C,SRI LANKA,Low,0.0868,0.0186,0.8946,8.7,Low Risk,229.921333532806,68544.0,0,0.0,1,0.0,0.0,0.0,4.0,High Value One-Off,7.0,2.0,RETAIL,229.921333532806,0.0,0.0,0.0
13591000002350,11429,Assam Willow Holdings A96,SRI LANKA,High,0.7657,0.0505,0.1838,76.6,High Risk,242.9984343196593,72216.0,28,28.0,1,0.0,0.0,0.0,4.0,High Value One-Off,7.0,2.0,FOOD SERVICE,242.9984343196593,0.0,0.0,0.0
13591000002368,11438,Assam Cedar Beverages D3B,TURKEY,High,0.875,0.11,0.015,87.5,High Risk,1359859.64,199991768.8,2724,2610.4375,16,2.0,1.0,1.0,0.0,No Sales History,0.0,0.0,Unknown,0.0,0.0,0.0,1359859.64
13591000002370,11439,Ceylon Bamboo Trading 850,SRI LANKA,High,0.897,0.0083,0.0947,89.7,High Risk,2524.539424420566,752634.4,45,45.0,1,0.0,0.0,0.0,1.0,High Frequency Buyers,2.0,1.0,GLOBAL,0.0,2524.539424420566,0.0,0.0
13591000002374,11441,White Pearl Orchid Tea Co.,SRI LANKA,High,0.953,0.0337,0.0133,95.3,High Risk,189.7186776992149,55995.9,270,102.0,4,0.0,0.0,0.0,4.0,High Value One-Off,26.0,3.0,FOOD SERVICE,0.0,152.29626471716287,0.0,37.42241298205203
13591000002376,11442,Herbal Hibiscus Distributors,SRI LANKA,High,0.6553,0.2205,0.1242,65.5,Medium Risk,192.15145073713802,57230.0,36,22.0,2,1.0,0.0,0.0,4.0,High Value One-Off,10.0,3.0,FOOD SERVICE,105.7665115044746,86.38493923266344,0.0,0.0
13591000002382,11445,Assam Willow Tea Co.,SRI LANKA,High,0.6005,0.2315,0.168,60.0,Medium Risk,356.2784509609194,106300.0,443,147.66666666666666,3,1.0,0.0,0.0,4.0,High Value One-Off,74.0,3.0,RETAIL,355.9428088574369,0.0,0.0,0.3356421034824882
13591000002384,11446,Matcha Palm Tea Works,SRI LANKA,High,0.8732,0.004,0.1228,87.3,High Risk,54.91161872131099,16360.2,467,467.0,1,0.0,0.0,0.0,4.0,High Value One-Off,13.0,3.0,RETAIL,0.0,0.0,0.0,54.91161872131099
13591000002386,11447,Darjeeling Palm Imports,SRI LANKA,Low,0.1407,0.0062,0.8531,14.1,Low Risk,416.7780569800685,124296.0,0,0.0,1,1.0,0.0,0.0,3.0,Strategic High-Value,51.0,1.0,RETAIL,416.7780569800685,0.0,0.0,0.0
13591000002400,11456,Matcha Fern Beverages,SRI LANKA,High,0.836,0.1036,0.0604,83.6,High Risk,77.93615334336931,23204.0,372,211.2,5,2.0,0.0,0.0,3.0,Strategic High-Value,4.0,1.0,FOOD SERVICE,77.67765051304262,0.0,0.0,0.2585028303266853
13591000002406,11459,Assam Clover Imports,SRI LANKA,Medium,0.1472,0.7395,0.1133,14.7,Low Risk,503.9492084973607,150450.0,28,14.0,2,0.0,0.0,0.0,4.0,High Value One-Off,24.0,3.0,FOOD SERVICE,503.9492084973607,0.0,0.0,0.0
13591000002408,11460,GreenLeaf Fern Tea Co. E46,SRI LANKA,Medium,0.2007,0.683,0.1163,20.1,Low Risk,9454.55039441513,2819742.7,36,7.142857142857143,14,1.0,0.0,0.0,3.0,Strategic High-Value,104.0,1.0,RETAIL,8819.499785260783,635.0506091543466,0.0,0.0
13591000002416,11464,TeaLeaf Hibiscus Distributors,ARGENTINA,High,0.4955,0.0861,0.4184,49.6,Medium Risk,72044.4,21525411.4,0,0.0,1,0.0,0.0,0.0,4.0,High Value One-Off,71.0,3.0,RETAIL,72044.4,0.0,0.0,0.0
13591000002452,11483,Black Gold Magnolia Imports,SRI LANKA,Medium,0.2272,0.6042,0.1686,22.7,Low Risk,204.46818681349419,61065.0,15,7.5,2,1.0,0.0,0.0,4.0,High Value One-Off,22.0,3.0,FOOD SERVICE,204.46818681349419,0.0,0.0,0.0
13591000002466,11491,Silver Tip Jasmine Imports,SRI LANKA,High,0.9599,0.027,0.013,96.0,High Risk,1957.956162519027,582059.7,135,48.125,8,0.0,0.0,1.0,3.0,Strategic High-Value,19.0,1.0,GLOBAL,977.0,740.5130718957755,0.0,240.4430906232513
13591000002474,11495,Assam Ivy Holdings,UNITED STATES,High,0.8571,0.024,0.1189,85.7,High Risk,10805.85,3118868.7,280,280.0,1,0.0,0.0,0.0,4.0,High Value One-Off,46.0,2.0,FOOD SERVICE,0.0,0.0,0.0,10805.85
13591000002492,11504,Sencha Ivy Imports 100,SRI LANKA,Medium,0.1749,0.6626,0.1625,17.5,Low Risk,4221.285183362312,1259010.0,17,8.5,2,0.0,0.0,0.0,3.0,Strategic High-Value,5.0,1.0,GLOBAL,4221.285183362312,0.0,0.0,0.0
13591000002508,11513,Silver Tip Maple Distributors,SRI LANKA,Medium,0.2577,0.4476,0.2948,25.8,Low Risk,193.37939840044248,57820.0,540,270.0,2,0.0,0.0,0.0,4.0,High Value One-Off,5.0,2.0,FOOD SERVICE,77.40543203529967,0.0,0.0,115.9739663651428
13591000002524,11521,Herbal Fern Tea Co. 4B3,SRI LANKA,Low,0.4015,0.0193,0.5792,40.2,Medium Risk,126.2096081825092,37706.9,3,3.0,1,0.0,0.0,0.0,1.0,High Frequency Buyers,14.0,1.0,GLOBAL,126.2096081825092,0.0,0.0,0.0
13591000002532,11526,Sencha Palm Imports 53E,SRI LANKA,High,0.7382,0.0356,0.2262,73.8,High Risk,0.0301146867654316,9.0,16,16.0,1,0.0,0.0,0.0,4.0,High Value One-Off,62.0,2.0,FOOD SERVICE,0.0301146867654316,0.0,0.0,0.0
13591000002538,11529,Black Gold Rosewood Beverages 06F,SRI LANKA,High,0.939,0.0017,0.0593,93.9,High Risk,0.1638692098089852,30.1,1872,1872.0,1,1.0,0.0,0.0,3.0,Strategic High-Value,68.0,1.0,GLOBAL,0.0,0.0,0.0,0.1638692098089852
13591000002560,11541,Matcha Palm Holdings 277,SRI LANKA,High,0.5157,0.4817,0.0027,51.6,Medium Risk,1678.3344557838066,500733.0,43,19.666666666666668,3,0.0,0.0,0.0,0.0,No Sales History,0.0,0.0,Unknown,1118.7993522146169,559.5351035691897,0.0,0.0
13591000002570,11546,Oolong Willow Trading,SRI LANKA,High,0.9731,0.0207,0.0062,97.3,High Risk,6718.773488335995,1225785.1,2026,1830.7857142857142,14,0.0,0.0,0.0,4.0,High Value One-Off,258.0,3.0,RETAIL,0.0,0.0,0.0,6718.773488335995
13591000002574,11548,Ceylon Ivy Trading,SRI LANKA,High,0.7755,0.0686,0.156,77.6,High Risk,129.7547548525604,38332.0,226,117.5,2,0.0,0.0,0.0,4.0,High Value One-Off,14.0,3.0,RETAIL,39.56510572265666,0.0,0.0,90.18964912990376
13591000002576,11549,Herbal Magnolia Beverages,SRI LANKA,Low,0.1116,0.017,0.8714,11.2,Low Risk,98.74010967181133,29500.0,0,0.0,1,1.0,0.0,0.0,4.0,High Value One-Off,10.0,3.0,FOOD SERVICE,98.74010967181133,0.0,0.0,0.0
13591000002584,11554,Black Gold Maple Trading 0CB,SRI LANKA,High,0.9818,0.0,0.0182,98.2,High Risk,410.6311568485316,117600.0,282,282.0,1,0.0,0.0,0.0,1.0,High Frequency Buyers,2.0,1.0,GLOBAL,0.0,0.0,0.0,410.6311568485316
13591000002656,11590,Matcha Cedar Tea Co. E3E,SRI LANKA,High,0.9814,0.0,0.0186,98.1,High Risk,33.21785176306371,9500.0,285,285.0,1,0.0,0.0,0.0,3.0,Strategic High-Value,16.0,1.0,GLOBAL,0.0,0.0,0.0,33.21785176306371
13591000002678,11601,Black Gold Clover Distributors FF2,SRI LANKA,High,0.8731,0.0834,0.0436,87.3,High Risk,95335.34668565293,28665008.900000002,1147,475.3142857142857,105,0.0,6.0,2.0,4.0,High Value One-Off,44.0,2.0,RETAIL,10083.31663457835,1229.705168796589,1232.3438919487903,82789.9809903292
13591000002682,11603,Sencha Orchid Tea Works,SRI LANKA,Low,0.2057,0.0634,0.7309,20.6,Low Risk,494.548897642125,147500.0,0,0.0,1,0.0,0.0,0.0,4.0,High Value One-Off,10.0,3.0,FOOD SERVICE,494.548897642125,0.0,0.0,0.0
13591000002688,11606,Herbal Ivy Tea Works,SINGAPORE,High,0.88,0.056,0.064,88.0,High Risk,3099.36,914805.2,501,479.5,2,1.0,0.0,0.0,3.0,Strategic High-Value,8.0,1.0,RETAIL,0.0,0.0,0.0,3099.36
13591000002696,11610,TeaLeaf Palm Trading,HONG KONG,Low,0.3855,0.1366,0.4779,38.6,Medium Risk,10669.1,3181930.4,5,1.0,5,1.0,0.0,0.0,3.0,Strategic High-Value,8.0,1.0,RETAIL,10669.1,0.0,0.0,0.0
13591000002698,11611,Assam Bamboo Tea Co.,SRI LANKA,High,0.7332,0.2295,0.0373,73.3,High Risk,1937.3802320850211,576575.1,475,79.5,10,3.0,1.0,0.0,4.0,High Value One-Off,23.0,2.0,RETAIL,849.2840384499855,494.26256415611726,593.8098229535733,0.0238065253450252
13591000002700,11612,Oolong Ivy Beverages,SRI LANKA,High,0.9686,0.0214,0.01,96.9,High Risk,80964.29721431437,23973695.4,675,295.6363636363636,44,0.0,9.0,1.0,0.0,No Sales History,0.0,0.0,Unknown,4471.911528206711,975.446454596685,979.4215277754498,74537.51770373553
13591000002702,11613,Golden Bud Palm Imports 0B9,SRI LANKA,High,0.7041,0.2764,0.0195,70.4,High Risk,1778.5017300402328,385477.0,3212,2522.3636363636365,11,1.0,0.0,0.0,0.0,No Sales History,0.0,0.0,Unknown,0.0,0.0,0.0,1778.5017300402328
13591000002706,11615,Ceylon Rosewood Exports,SIERRA LEONE,High,0.6526,0.0478,0.2996,65.3,Medium Risk,2072.57,598981.8,278,278.0,1,1.0,0.0,0.0,4.0,High Value One-Off,85.0,3.0,RETAIL,0.0,0.0,0.0,2072.57
13591000002710,11617,Darjeeling Jasmine Beverages,SRI LANKA,High,0.9587,0.022,0.0193,95.9,High Risk,28.28002710462719,8163.3,324,324.0,1,0.0,0.0,0.0,3.0,Strategic High-Value,6.0,1.0,RETAIL,0.0,0.0,0.0,28.28002710462719
13591000002728,11626,White Pearl Jasmine Holdings,SRI LANKA,High,0.8818,0.1024,0.0158,88.2,High Risk,1214.961100767481,360490.0,188,61.55555555555556,9,0.0,0.0,0.0,4.0,High Value One-Off,20.0,3.0,FOOD SERVICE,409.5001001525062,19.87531775243169,351.9973812279966,433.58830163454644
13591000002730,11627,White Pearl Sage Beverages,MALAYSIA,High,0.7677,0.0957,0.1367,76.8,High Risk,220858.70347997482,65936911.2,612,105.16666666666667,6,0.0,0.0,0.0,4.0,High Value One-Off,214.0,3.0,FOOD SERVICE,220852.82362241636,0.0,0.0,5.879857558468567
13591000002736,11631,Ceylon Bamboo Tea Works,SRI LANKA,High,0.9028,0.031,0.0662,90.3,High Risk,511.3443895063377,88020.0,2692,2236.222222222222,9,0.0,0.0,0.0,3.0,Strategic High-Value,19.0,1.0,FOOD SERVICE,0.0,0.0,0.0,511.3443895063377
13591000002746,11636,Herbal Cedar Beverages 5B2,SRI LANKA,High,0.9372,0.0033,0.0595,93.7,High Risk,80.32013700709471,23600.0,490,490.0,1,0.0,0.0,0.0,3.0,Strategic High-Value,5.0,1.0,FOOD SERVICE,0.0,0.0,0.0,80.32013700709471
13591000002748,11639,White Pearl Willow Trading 3F3,UNITED STATES,High,0.8894,0.0302,0.0804,88.9,High Risk,573.2700000000024,10845.0,1656,887.0,2,3.0,1.0,1.0,3.0,Strategic High-Value,54.0,1.0,RETAIL,0.0,0.0,0.0,573.2700000000024
13591000002754,11643,Darjeeling Palm Tea Co. EF2,SRI LANKA,Low,0.0523,0.0263,0.9213,5.2,Low Risk,352.4960563217172,105315.0,0,0.0,1,1.0,0.0,0.0,4.0,High Value One-Off,9.0,2.0,FOOD SERVICE,352.4960563217172,0.0,0.0,0.0
13591000002756,11644,Ceylon Willow Holdings 845,SRI LANKA,High,0.7071,0.04,0.2529,70.7,High Risk,1.649015021432063,482.0,243,243.0,1,0.0,0.0,0.0,3.0,Strategic High-Value,2.0,1.0,FOOD SERVICE,0.0,0.0,0.0,1.649015021432063
13591000002764,11648,Silver Tip Willow Exports 8C3,SRI LANKA,High,0.8862,0.1079,0.0059,88.6,High Risk,121.41523350909819,35990.0,120,41.0,3,0.0,0.0,0.0,4.0,High Value One-Off,22.0,3.0,FOOD SERVICE,41.52293915474133,0.0,0.0,79.89229435435686
13591000002768,11650,Silver Tip Bamboo Beverages 3F6,SRI LANKA,Low,0.0268,0.0292,0.9441,2.7,Low Risk,376.180049655298,112395.0,0,0.0,1,0.0,0.0,0.0,4.0,High Value One-Off,19.0,3.0,RETAIL,376.180049655298,0.0,0.0,0.0
13591000002774,11653,Black Gold Maple Exports,SRI LANKA,High,0.7895,0.1946,0.0159,79.0,High Risk,662.4926798119158,196588.0,104,46.0,5,0.0,0.0,0.0,4.0,High Value One-Off,4.0,2.0,FOOD SERVICE,310.7101035223984,233.9218844202133,0.0,117.8606918693041
13591000002796,11665,White Pearl Bamboo Beverages,SRI LANKA,Low,0.1805,0.0088,0.8107,18.0,Low Risk,308.4196639634632,92112.0,0,0.0,1,2.0,0.0,0.0,3.0,Strategic High-Value,12.0,1.0,RETAIL,308.4196639634632,0.0,0.0,0.0
13591000002818,11676,Oolong Clover Tea Co.,SRI LANKA,Medium,0.1708,0.7307,0.0985,17.1,Low Risk,400.26336999241676,119475.0,11,3.5,4,0.0,0.0,0.0,3.0,Strategic High-Value,2.0,1.0,RETAIL,400.26336999241676,0.0,0.0,0.0
13591000002830,11682,GreenLeaf Sage Trading 60A,SRI LANKA,High,0.9488,0.03,0.0213,94.9,High Risk,3756.015082469114,812621.2,1327,1294.5,6,0.0,0.0,0.0,4.0,High Value One-Off,111.0,2.0,RETAIL,0.0,0.0,0.0,3756.015082469114
13591000002838,11686,White Pearl Orchid Trading,SRI LANKA,High,0.8735,0.014,0.1125,87.4,High Risk,80.50236157031931,24000.0,3,3.0,1,0.0,0.0,0.0,4.0,High Value One-Off,15.0,3.0,FOOD SERVICE,80.50236157031931,0.0,0.0,0.0
13591000002844,11689,Darjeeling Hibiscus Tea Co. 05A,SRI LANKA,Low,0.1079,0.002,0.8901,10.8,Low Risk,133.5075664344713,39825.0,0,0.0,1,0.0,0.0,0.0,4.0,High Value One-Off,2.0,2.0,RETAIL,133.5075664344713,0.0,0.0,0.0
13591000002858,11696,TeaLeaf Clover Trading,SRI LANKA,High,0.8753,0.02,0.1047,87.5,High Risk,337.1618804319306,99460.0,73,73.0,1,0.0,0.0,0.0,4.0,High Value One-Off,9.0,2.0,FOOD SERVICE,0.0,0.0,337.1618804319306,0.0
13591000002870,11702,Assam Fern Holdings,SRI LANKA,High,0.9388,0.0075,0.0537,93.9,High Risk,45.02140526634315,14112.0,854,854.0,1,0.0,0.0,0.0,4.0,High Value One-Off,17.0,2.0,FOOD SERVICE,0.0,0.0,0.0,45.02140526634315
13591000002880,11707,Herbal Orchid Beverages,SRI LANKA,High,0.8075,0.1529,0.0397,80.8,High Risk,5173.358266527014,1541429.2,450,61.22222222222222,9,1.0,0.0,0.0,4.0,High Value One-Off,146.0,3.0,RETAIL,3011.931467794434,1914.240907833014,0.0,247.1858908995661
13591000002904,11721,White Pearl Willow Tea Co.,SRI LANKA,High,0.509,0.4204,0.0706,50.9,Medium Risk,953.892479065814,284808.5,45,27.666666666666668,3,0.0,0.0,0.0,4.0,High Value One-Off,91.0,2.0,RETAIL,476.16156272391834,477.7309163418956,0.0,0.0
13591000002914,11730,Sencha Jasmine Beverages A68,PAKISTAN,High,0.9039,0.02,0.0761,90.4,High Risk,87.0,17186.9,1595,1595.0,1,1.0,0.0,0.0,4.0,High Value One-Off,58.0,2.0,FOOD SERVICE,0.0,0.0,0.0,87.0
13591000002920,11733,Sencha Maple Distributors 2E8,SRI LANKA,Medium,0.2655,0.5095,0.2251,26.6,Low Risk,1025.5020875137598,305915.0,46,19.0,3,0.0,0.0,0.0,4.0,High Value One-Off,24.0,3.0,FOOD SERVICE,395.0119515984529,630.490135915307,0.0,0.0
13591000002922,11734,GreenLeaf Lotus Imports 046,SAUDI ARABIA,High,0.542,0.1419,0.3162,54.2,Medium Risk,181570.16999999998,52251906.199999996,275,269.0,2,0.0,0.0,0.0,3.0,Strategic High-Value,29.0,1.0,RETAIL,0.0,0.0,0.0,181570.16999999998
13591000002928,11741,Black Gold Ivy Exports,SRI LANKA,Medium,0.3222,0.6424,0.0354,32.2,Medium Risk,3551.4144036822254,1058321.5,15,6.375,8,8.0,0.0,0.0,4.0,High Value One-Off,72.0,3.0,RETAIL,3551.4144036822254,0.0,0.0,0.0
13591000002936,11751,Oolong Hibiscus Imports,SRI LANKA,High,0.8191,0.1128,0.0681,81.9,High Risk,509.15738232001627,154436.9,546,536.8,5,1.0,0.0,1.0,4.0,High Value One-Off,27.0,3.0,FOOD SERVICE,0.0,0.0,0.0,509.15738232001627
13722000002565,12245,Darjeeling Jasmine Holdings,SRI LANKA,High,0.9134,0.0543,0.0324,91.3,High Risk,93.46856029680777,27915.0,566,303.5,2,0.0,0.0,0.0,4.0,High Value One-Off,8.0,2.0,FOOD SERVICE,0.0,85.94324765351327,0.0,7.525312643294495
13759000012533,12682,Silver Tip Orchid Distributors,SRI LANKA,Low,0.2619,0.1792,0.5589,26.2,Low Risk,710.9169879710605,212400.0,0,0.0,2,2.0,0.0,0.0,4.0,High Value One-Off,11.0,3.0,FOOD SERVICE,710.9169879710605,0.0,0.0,0.0
1384110000013,12713,Darjeeling Maple Exports 7C0,SRI LANKA,High,0.9798,0.0,0.0202,98.0,High Risk,701.181140246988,208400.0,37,37.0,1,0.0,0.0,0.0,1.0,High Frequency Buyers,2.0,1.0,GLOBAL,0.0,701.181140246988,0.0,0.0
13878000002831,12391,Golden Bud Clover Beverages 2D0,LONDON,High,0.951,0.0,0.049,95.1,High Risk,2115.840376522409,680653.2,664,664.0,1,1.0,0.0,0.0,1.0,High Frequency Buyers,4.0,1.0,GLOBAL,0.0,0.0,0.0,2115.840376522409
13981000004981,12486,Sencha Bamboo Holdings 9A5,SRI LANKA,Low,0.3255,0.0285,0.646,32.6,Medium Risk,92.81408765893951,27730.0,0,0.0,1,1.0,0.0,0.0,3.0,Strategic High-Value,5.0,1.0,GLOBAL,92.81408765893951,0.0,0.0,0.0
13997000008208,12639,Matcha Hibiscus Distributors 305,NETHERLANDS,High,0.8075,0.11,0.0825,80.8,High Risk,60955.18321513411,18167175.0,54,40.5,2,1.0,0.0,0.0,4.0,High Value One-Off,175.0,2.0,FOOD SERVICE,54429.22431645006,6525.958898684043,0.0,0.0
13997000008222,12640,Darjeeling Hibiscus Tea Works,SPAIN,High,0.6352,0.1962,0.1686,63.5,Medium Risk,99647.39579927576,29735031.400000002,325,108.4,5,0.0,0.0,0.0,1.0,High Frequency Buyers,72.0,1.0,FOOD SERVICE,99538.14675351934,0.0,0.0,109.24904575641257
1402660000028,12714,White Pearl Fern Trading,SRI LANKA,Medium,0.3176,0.6193,0.0631,31.8,Medium Risk,77.16782940836522,23010.0,21,10.5,2,0.0,0.0,0.0,1.0,High Frequency Buyers,6.0,1.0,FOOD SERVICE,77.16782940836522,0.0,0.0,0.0
1420330000841,12826,Oolong Lotus Tea Co. F1D,MALDIVES,High,0.8135,0.1592,0.0273,81.4,High Risk,2695.3599999999997,799423.8999999999,74,59.0,2,3.0,0.0,0.0,0.0,No Sales History,0.0,0.0,Unknown,0.0,848.03,1847.33,0.0
1421880000094,12746,Herbal Jasmine Tea Works,SRI LANKA,High,0.9722,0.0,0.0278,97.2,High Risk,15.06504160519388,4400.0,165,165.0,1,0.0,0.0,0.0,1.0,High Frequency Buyers,3.0,1.0,GLOBAL,0.0,0.0,0.0,15.06504160519388
14220000009287,12609,Silver Tip Willow Exports,UNITED KINGDOM,High,0.8417,0.0728,0.0855,84.2,High Risk,3915.3999999999996,1155777.9,471,338.75,4,9.0,1.0,0.0,1.0,High Frequency Buyers,3.0,1.0,RETAIL,0.0,0.0,0.0,3915.3999999999996
14322000003939,12350,Assam Lotus Tea Works,GERMANY,Medium,0.193,0.409,0.398,19.3,Low Risk,212782.44999999998,63576693.9,165,55.0,3,0.0,1.0,0.0,3.0,Strategic High-Value,34.0,1.0,FOOD SERVICE,212746.44999999998,0.0,0.0,36.0
14377000013069,12618,Silver Tip Bamboo Trading 132,SRI LANKA,Low,0.0674,0.0171,0.9155,6.7,Low Risk,98.29095061731286,29376.0,0,0.0,1,0.0,0.0,0.0,4.0,High Value One-Off,7.0,3.0,FOOD SERVICE,98.29095061731286,0.0,0.0,0.0
1440110000786,12875,GreenLeaf Sage Trading,SRI LANKA,Low,0.2276,0.0235,0.7489,22.8,Low Risk,143.8709024184339,42912.0,0,0.0,1,0.0,0.0,0.0,1.0,High Frequency Buyers,6.0,1.0,RETAIL,143.8709024184339,0.0,0.0,0.0
14409000001093,12232,Black Gold Rosewood Distributors 274,SRI LANKA,High,0.8512,0.0954,0.0535,85.1,High Risk,4279.048321051954,1337303.6,826,525.0714285714286,42,1.0,0.0,0.0,4.0,High Value One-Off,169.0,2.0,RETAIL,133.80602510172898,16.98370360404299,21.72251771803336,4106.5360746281485
14409000001162,12233,Ceylon Lotus Holdings,PHILIPPINES,Low,0.3244,0.0354,0.6402,32.4,Medium Risk,37453.65,11177682.3,0,0.0,1,0.0,0.0,0.0,3.0,Strategic High-Value,5.0,1.0,RETAIL,37453.65,0.0,0.0,0.0
14422000008588,12655,Golden Bud Fern Trading 99F,SRI LANKA,High,0.9046,0.002,0.0934,90.5,High Risk,112.8557669954501,33642.2,431,431.0,1,0.0,0.0,0.0,1.0,High Frequency Buyers,1.0,1.0,GLOBAL,0.0,0.0,0.0,112.8557669954501
14456000000010,11797,Matcha Ivy Tea Co.,EGYPT,High,0.8863,0.086,0.0277,88.6,High Risk,118944.64000000001,35457482.0,530,255.55,20,2.0,0.0,0.0,4.0,High Value One-Off,91.0,2.0,FOOD SERVICE,117668.42000000001,37.5,60.0,1178.72
14520000002132,12333,Silver Tip Fern Holdings 49F,SRI LANKA,High,0.7615,0.1345,0.1041,76.1,High Risk,326.5283786341594,97440.0,14,8.333333333333334,3,2.0,0.0,0.0,4.0,High Value One-Off,50.0,2.0,RETAIL,326.5283786341594,0.0,0.0,0.0
14546000007966,12496,Oolong Clover Beverages,UNITED STATES,High,0.86,0.0534,0.0866,86.0,High Risk,1114.619999999999,334099.9,889,464.0,2,0.0,0.0,0.0,4.0,High Value One-Off,17.0,2.0,RETAIL,0.0,1029.880000000001,0.0,84.73999999999796
14573000005544,12538,Assam Willow Distributors,CANADA,Medium,0.1194,0.7878,0.0929,11.9,Low Risk,51278.0,15273836.0,14,7.0,2,0.0,0.0,0.0,3.0,Strategic High-Value,6.0,1.0,FOOD SERVICE,51278.0,0.0,0.0,0.0
1459330000382,12797,Sencha Palm Holdings,SRI LANKA,Medium,0.2096,0.714,0.0764,21.0,Low Risk,98.87203816884829,29500.0,4,2.0,2,0.0,0.0,0.0,4.0,High Value One-Off,3.0,2.0,GLOBAL,98.87203816884829,0.0,0.0,0.0
1466110000110,12737,TeaLeaf Sage Beverages,SRI LANKA,Medium,0.2148,0.7136,0.0716,21.5,Low Risk,335.0702311987722,100005.0,3,1.5,2,0.0,0.0,0.0,4.0,High Value One-Off,3.0,2.0,RETAIL,335.0702311987722,0.0,0.0,0.0
14689000003384,12116,Matcha Palm Tea Works B62,SRI LANKA,High,0.833,0.1668,0.0002,83.3,High Risk,1601.8392936315568,478194.4,68,30.4,5,0.0,0.0,0.0,0.0,No Sales History,0.0,0.0,Unknown,1393.3010325451346,69.46698343856254,139.0712776478598,0.0
14715000006747,12555,Sencha Hibiscus Holdings 793,SRI LANKA,High,0.97,0.0,0.03,97.0,High Risk,329.6378849434508,100595.0,576,576.0,1,0.0,0.0,0.0,1.0,High Frequency Buyers,3.0,1.0,GLOBAL,0.0,0.0,0.0,329.6378849434508
14737000000217,11764,TeaLeaf Lotus Trading,SRI LANKA,Medium,0.1366,0.6846,0.1788,13.7,Low Risk,5307.78563613406,1585000.0,44,13.5,4,0.0,0.0,0.0,3.0,Strategic High-Value,6.0,1.0,GLOBAL,4318.474223705894,989.311412428166,0.0,0.0
14737000000497,11766,Ceylon Jasmine Beverages 48E,SRI LANKA,High,0.843,0.0527,0.1043,84.3,High Risk,448.4400000000001,132167.5,1185,778.0,2,0.0,0.0,0.0,3.0,Strategic High-Value,21.0,1.0,GLOBAL,0.0,0.0,0.0,448.4400000000001
14775000002429,12590,GreenLeaf Rosewood Imports,SRI LANKA,High,0.5774,0.002,0.4206,57.7,Medium Risk,772.5158702723219,230400.0,1,1.0,1,0.0,0.0,0.0,4.0,High Value One-Off,23.0,2.0,FOOD SERVICE,772.5158702723219,0.0,0.0,0.0
14789000006004,12385,White Pearl Orchid Beverages B60,SRI LANKA,High,0.8979,0.0095,0.0926,89.8,High Risk,220.7314913956714,65700.0,72,72.0,1,0.0,0.0,0.0,3.0,Strategic High-Value,16.0,1.0,GLOBAL,0.0,0.0,220.7314913956714,0.0
14804000007818,12574,Matcha Lotus Distributors,SOUTH KOREA,High,0.6842,0.2268,0.089,68.4,Medium Risk,104.16,31111.2,67,36.0,2,1.0,0.0,0.0,4.0,High Value One-Off,12.0,2.0,FOOD SERVICE,89.66,0.0,14.5,0.0
14832000001124,11932,Herbal Rosewood Exports,SRI LANKA,High,0.9335,0.0158,0.0507,93.4,High Risk,26.49358632352178,7965.0,445,445.0,1,0.0,0.0,0.0,4.0,High Value One-Off,10.0,2.0,FOOD SERVICE,0.0,0.0,0.0,26.49358632352178
14832000001183,11934,Matcha Willow Exports,SRI LANKA,High,0.9518,0.039,0.0092,95.2,High Risk,82928.39543083005,24633051.8,158,85.71428571428571,7,0.0,0.0,0.0,0.0,No Sales History,0.0,0.0,Unknown,14455.8097229854,14446.26369215656,14454.53522089955,39571.78679478854
1483770000226,12774,White Pearl Sage Imports,SRI LANKA,High,0.8422,0.0245,0.1333,84.2,High Risk,410.739445002156,122500.0,9,9.0,1,0.0,0.0,0.0,4.0,High Value One-Off,2.0,2.0,GLOBAL,410.739445002156,0.0,0.0,0.0
14858000008544,12417,Ceylon Hibiscus Holdings,SRI LANKA,High,0.4704,0.3847,0.1449,47.0,Medium Risk,102.84392964375706,30680.0,11,11.0,2,0.0,0.0,0.0,3.0,Strategic High-Value,12.0,1.0,GLOBAL,102.84392964375706,0.0,0.0,0.0
14943000000073,11848,Oolong Willow Distributors 611,SRI LANKA,High,0.539,0.42,0.0411,53.9,Medium Risk,1380.4765945319152,411782.8,1173,248.0,5,0.0,0.0,0.0,4.0,High Value One-Off,14.0,2.0,RETAIL,1104.1834114158034,276.2291607419768,0.0,0.064022374134969
14955000004272,12392,Ceylon Lotus Tea Co. ECD,SRI LANKA,Low,0.0447,0.005,0.9503,4.5,Low Risk,115.5669695772422,34515.0,0,0.0,1,0.0,0.0,0.0,4.0,High Value One-Off,3.0,2.0,FOOD SERVICE,115.5669695772422,0.0,0.0,0.0
14974000013799,12509,Darjeeling Sage Exports,SRI LANKA,Medium,0.2109,0.7558,0.0334,21.1,Low Risk,141.00137481531024,42040.0,88,20.571428571428573,7,0.0,0.0,0.0,4.0,High Value One-Off,12.0,2.0,FOOD SERVICE,134.49271932047952,0.0,6.508655494830704,0.0
14986000010403,12703,Darjeeling Rosewood Beverages,SRI LANKA,High,0.5219,0.4563,0.0219,52.2,Medium Risk,1499.2171515063324,443556.0,193,85.42857142857143,7,0.0,0.0,0.0,4.0,High Value One-Off,2.0,2.0,FOOD SERVICE,716.4017315462478,0.0,233.3250972694914,549.4903226905931
15031000003326,12004,Herbal Rosewood Tea Works,SRI LANKA,High,0.9051,0.0067,0.0882,90.5,High Risk,16.26096781656211,4850.0,2,2.0,1,0.0,0.0,0.0,4.0,High Value One-Off,16.0,2.0,RETAIL,16.26096781656211,0.0,0.0,0.0
15164000008964,12566,Silver Tip Hibiscus Exports 899,SRI LANKA,High,0.6825,0.1303,0.1872,68.2,Medium Risk,11944.487615607706,3501110.0,362,101.1,10,0.0,0.0,0.0,1.0,High Frequency Buyers,12.0,1.0,GLOBAL,981.113365591302,50.38106128275817,0.0,10912.993188733646
1518220000641,12847,GreenLeaf Sage Tea Co. 5B8,SRI LANKA,High,0.9271,0.002,0.0709,92.7,High Risk,17.27733450664549,5151.9,44,44.0,1,1.0,0.0,0.0,1.0,High Frequency Buyers,3.0,1.0,GLOBAL,0.0,17.27733450664549,0.0,0.0
1521220000610,12823,Silver Tip Hibiscus Trading 174,SRI LANKA,High,0.6102,0.3528,0.037,61.0,Medium Risk,1515.2765600145178,452000.0,102,25.5,4,0.0,0.0,0.0,1.0,High Frequency Buyers,1.0,1.0,GLOBAL,1312.0068997729793,0.0,0.0,203.2696602415386
15244000001950,12062,TeaLeaf Fern Trading 4F3,SRI LANKA,High,0.9768,0.007,0.0162,97.7,High Risk,0.0642721004089471,11.6,2015,2015.0,1,0.0,0.0,0.0,1.0,High Frequency Buyers,39.0,1.0,GLOBAL,0.0,0.0,0.0,0.0642721004089471
15288000003146,12267,Sencha Fern Holdings,ISRAEL,High,0.9171,0.0442,0.0388,91.7,High Risk,898.4700000000012,277789.2,1141,903.0,3,0.0,0.0,0.0,1.0,High Frequency Buyers,8.0,1.0,FOOD SERVICE,0.0,0.0,0.0,898.4700000000012
15306000005303,12348,Golden Bud Maple Imports 044,SRI LANKA,High,0.7652,0.2152,0.0195,76.5,High Risk,3298.3648585335795,984737.5,35,16.8,5,1.0,0.0,0.0,0.0,No Sales History,0.0,0.0,Unknown,3286.6103633631733,11.75449517040613,0.0,0.0
15316000000813,11985,TeaLeaf Lotus Imports CEA,NETHERLANDS,High,0.884,0.0537,0.0624,88.4,High Risk,1376603.535204137,430807693.59999996,1295,757.0666666666667,30,1.0,1.0,5.0,4.0,High Value One-Off,330.0,3.0,FOOD SERVICE,0.0,0.0,0.0,1376603.535204137
15325000004691,12090,GreenLeaf Hibiscus Tea Works,SRI LANKA,High,0.9055,0.0053,0.0891,90.6,High Risk,0.0075632658851898,1.4,2009,2009.0,1,0.0,0.0,0.0,1.0,High Frequency Buyers,23.0,1.0,GLOBAL,0.0,0.0,0.0,0.0075632658851898
15340000005043,12587,Ceylon Clover Tea Co. B78,SRI LANKA,High,0.6107,0.2579,0.1314,61.1,Medium Risk,267.1843019605296,79750.0,60,31.666666666666668,3,0.0,0.0,0.0,3.0,Strategic High-Value,3.0,1.0,GLOBAL,169.92995972182854,97.25434223870106,0.0,0.0
15351000006191,12498,Oolong Bamboo Imports,SRI LANKA,Low,0.1115,0.0042,0.8843,11.2,Low Risk,84.34005911836526,25200.0,0,0.0,1,1.0,0.0,0.0,4.0,High Value One-Off,43.0,2.0,RETAIL,84.34005911836526,0.0,0.0,0.0
1538550000119,12760,Sencha Maple Tea Co.,SRI LANKA,High,0.6921,0.2357,0.0721,69.2,Medium Risk,3539.675027586427,1053504.0,238,51.42857142857143,7,1.0,0.0,0.0,4.0,High Value One-Off,16.0,2.0,FOOD SERVICE,1872.7707987996714,1389.909303869704,0.0,276.9949249170512
1539770001726,12843,Herbal Lotus Exports,OMAN,High,0.5888,0.0191,0.3921,58.9,Medium Risk,45786.11,13657891.3,22,22.0,1,0.0,0.0,0.0,1.0,High Frequency Buyers,30.0,1.0,FOOD SERVICE,45786.11,0.0,0.0,0.0
1542330000127,12736,Ceylon Magnolia Trading,SRI LANKA,Medium,0.2075,0.7709,0.0216,20.8,Low Risk,385.5548197757411,115050.0,18,7.0,3,0.0,0.0,0.0,4.0,High Value One-Off,2.0,2.0,FOOD SERVICE,385.5548197757411,0.0,0.0,0.0
15450000002168,11971,Matcha Ivy Exports 686,SRI LANKA,Medium,0.4066,0.4897,0.1037,40.7,Medium Risk,466.7260229004341,139240.0,20,14.0,3,0.0,0.0,0.0,4.0,High Value One-Off,3.0,3.0,RETAIL,466.7260229004341,0.0,0.0,0.0
15506000004557,12239,Assam Lotus Exports,RUSSIA,Medium,0.2519,0.6268,0.1213,25.2,Low Risk,162193.77999999997,48293772.8,45,21.75,4,0.0,0.0,0.0,4.0,High Value One-Off,222.0,2.0,FOOD SERVICE,141648.84999999998,20544.93,0.0,0.0
15568000007092,12684,Ceylon Bamboo Holdings,SRI LANKA,High,0.5781,0.0033,0.4186,57.8,Medium Risk,299.7559704750428,89400.0,25,25.0,1,0.0,0.0,0.0,1.0,High Frequency Buyers,19.0,1.0,GLOBAL,299.7559704750428,0.0,0.0,0.0
15580000003533,12300,Oolong Fern Imports,SRI LANKA,High,0.8638,0.0107,0.1255,86.4,High Risk,39.98694663403099,11800.0,555,555.0,1,0.0,0.0,0.0,4.0,High Value One-Off,12.0,3.0,RETAIL,0.0,0.0,0.0,39.98694663403099
15600000004920,12448,GreenLeaf Bamboo Beverages 1BE,SRI LANKA,High,0.527,0.4023,0.0708,52.7,Medium Risk,701.0933367281156,208500.0,76,44.666666666666664,3,0.0,0.0,0.0,3.0,Strategic High-Value,4.0,1.0,GLOBAL,233.1280688207477,233.8407621795708,234.1245057277971,0.0
15709000011171,12643,Matcha Magnolia Tea Works,SRI LANKA,Medium,0.2895,0.6955,0.015,29.0,Low Risk,199.13951600582718,59498.7,66,23.666666666666668,3,1.0,0.0,0.0,0.0,No Sales History,0.0,0.0,Unknown,198.78256351121598,0.0,0.3569524946111838,0.0
15740000007351,12540,Assam Clover Trading,SRI LANKA,High,0.5846,0.0083,0.4071,58.5,Medium Risk,156.9172861490654,46800.0,1,1.0,1,0.0,0.0,0.0,4.0,High Value One-Off,4.0,2.0,FOOD SERVICE,156.9172861490654,0.0,0.0,0.0
1574220001100,12907,Golden Bud Rosewood Distributors,SRI LANKA,Low,0.0291,0.0,0.9709,2.9,Low Risk,1874.355899351105,560000.0,0,0.0,1,0.0,0.0,0.0,1.0,High Frequency Buyers,1.0,1.0,GLOBAL,1874.355899351105,0.0,0.0,0.0
15763000002106,12244,Golden Bud Orchid Tea Co. 38A,SRI LANKA,High,0.8483,0.092,0.0597,84.8,High Risk,4604.912638784736,1419014.8,1240,1224.0,4,1.0,0.0,0.0,4.0,High Value One-Off,63.0,2.0,RETAIL,0.0,0.0,0.0,4604.912638784736
1576550000662,12807,Golden Bud Hibiscus Trading,SAUDI ARABIA,High,0.3846,0.2962,0.3193,38.5,Medium Risk,214794.69,64125472.3,57,14.25,4,0.0,0.0,0.0,1.0,High Frequency Buyers,68.0,1.0,FOOD SERVICE,201923.65,12871.04,0.0,0.0
15767000000039,11849,White Pearl Hibiscus Tea Works,SRI LANKA,High,0.8825,0.005,0.1125,88.2,High Risk,125.7394316845932,37500.0,47,47.0,1,1.0,0.0,0.0,1.0,High Frequency Buyers,2.0,1.0,GLOBAL,0.0,125.7394316845932,0.0,0.0
1576990000294,12785,GreenLeaf Palm Tea Co.,SRI LANKA,High,0.5946,0.3269,0.0785,59.5,Medium Risk,201.73968816014053,60180.0,66,41.833333333333336,6,1.0,0.0,0.0,1.0,High Frequency Buyers,2.0,1.0,FOOD SERVICE,71.10916264882306,83.11310917015851,47.51741634115894,0.0
15791000003948,12556,GreenLeaf Maple Holdings,BULGARIA,High,0.9419,0.0306,0.0275,94.2,High Risk,49325.71,14712066.8,372,199.0,4,3.0,0.0,0.0,4.0,High Value One-Off,34.0,2.0,RETAIL,0.0,46134.75,0.0,3190.960000000001
15853000003467,12526,Assam Maple Distributors 37F,SRI LANKA,High,0.9212,0.0029,0.076,92.1,High Risk,220.5616411126899,65800.0,58,58.0,1,0.0,0.0,0.0,3.0,Strategic High-Value,23.0,1.0,GLOBAL,0.0,220.5616411126899,0.0,0.0
15865000011894,12516,Ceylon Hibiscus Exports 0E9,SRI LANKA,High,0.9721,0.0,0.0279,97.2,High Risk,891.5444595079011,264626.8,46,46.0,1,0.0,0.0,0.0,3.0,Strategic High-Value,10.0,1.0,GLOBAL,0.0,891.5444595079011,0.0,0.0
15941000001381,11999,Matcha Clover Distributors B88,SRI LANKA,Medium,0.1145,0.7991,0.0864,11.5,Low Risk,5867.462411921788,1751614.5,17,11.333333333333334,3,0.0,0.0,0.0,3.0,Strategic High-Value,5.0,1.0,GLOBAL,5867.462411921788,0.0,0.0,0.0
16055000002611,12351,Sencha Jasmine Holdings 02D,SRI LANKA,High,0.9539,0.035,0.0112,95.4,High Risk,79.12985497931359,23600.0,50,32.5,2,0.0,0.0,0.0,4.0,High Value One-Off,10.0,3.0,FOOD SERVICE,39.5320080283478,39.59784695096579,0.0,0.0
16065000003504,11898,GreenLeaf Willow Imports,SRI LANKA,High,0.7685,0.2195,0.012,76.8,High Risk,33090.7617721056,9851370.6,218,82.31818181818181,44,4.0,0.0,1.0,4.0,High Value One-Off,59.0,2.0,RETAIL,26626.47932685574,438.6878749334458,1308.7360224952663,4716.858547821151
16096000002583,12372,Silver Tip Bamboo Tea Works CC6,SRI LANKA,High,0.7453,0.2487,0.006,74.5,High Risk,323.23552977230617,96473.0,55,23.166666666666668,6,4.0,0.0,0.0,0.0,No Sales History,0.0,0.0,Unknown,216.96244767816833,106.27308209413786,0.0,0.0
16190000000895,11854,Herbal Hibiscus Tea Works 461,SRI LANKA,High,0.7987,0.0392,0.1621,79.9,High Risk,25439.28571672173,7585937.2,158,67.2,10,0.0,0.0,6.0,1.0,High Frequency Buyers,1.0,1.0,GLOBAL,7828.985514239067,7849.449921693183,8083.941328112691,1676.9089526767898
16242000001264,11962,Assam Hibiscus Holdings,SRI LANKA,High,0.6554,0.2258,0.1187,65.5,Medium Risk,250.53916693678985,74700.0,34,26.5,2,0.0,0.0,0.0,3.0,Strategic High-Value,25.0,1.0,GLOBAL,54.48237386240804,196.0567930743818,0.0,0.0
1630220001242,12853,Herbal Cedar Tea Works 45E,SRI LANKA,High,0.7712,0.1739,0.0549,77.1,High Risk,987.7839585894177,295000.0,13,13.0,2,0.0,0.0,0.0,1.0,High Frequency Buyers,1.0,1.0,GLOBAL,987.7839585894177,0.0,0.0,0.0
16365000001757,12309,Sencha Sage Beverages 69A,SRI LANKA,High,0.7093,0.0138,0.2769,70.9,High Risk,9928.863281100688,2961210.0,9,9.0,1,0.0,0.0,0.0,3.0,Strategic High-Value,3.0,1.0,GLOBAL,9928.863281100688,0.0,0.0,0.0
16377000006455,12373,Matcha Jasmine Beverages 4E8,SRI LANKA,High,0.9373,0.011,0.0517,93.7,High Risk,1690.911143882652,494184.0,172,172.0,1,0.0,0.0,0.0,3.0,Strategic High-Value,8.0,1.0,GLOBAL,0.0,0.0,0.0,1690.911143882652
16567000004464,12127,TeaLeaf Magnolia Tea Works,UKRAINE,Low,0.0995,0.2638,0.6367,10.0,Low Risk,71220.99,21142580.1,0,0.0,2,0.0,0.0,0.0,3.0,Strategic High-Value,58.0,1.0,RETAIL,71220.99,0.0,0.0,0.0
16576000005399,12686,Matcha Sage Distributors F73,SRI LANKA,High,0.9654,0.0317,0.0029,96.5,High Risk,1012.9049807067277,300000.0,102,81.0,2,0.0,0.0,0.0,1.0,High Frequency Buyers,2.0,1.0,GLOBAL,0.0,606.3656263453738,0.0,406.5393543613538
16667000004732,12591,Darjeeling Sage Holdings,CHINA,High,0.7357,0.1938,0.0705,73.6,High Risk,26021.049999999996,7768702.1,554,285.5,12,5.0,0.0,0.0,4.0,High Value One-Off,119.0,2.0,FOOD SERVICE,24602.91,0.0,0.0,1418.139999999997
16679000008424,12660,Matcha Sage Tea Co.,TURKEY,High,0.9629,0.0025,0.0346,96.3,High Risk,95.5,28254.9,165,165.0,1,0.0,0.0,0.0,1.0,High Frequency Buyers,3.0,1.0,BULK,0.0,0.0,0.0,95.5
1677440000909,12863,Golden Bud Magnolia Trading EF2,SRI LANKA,High,0.9419,0.012,0.0461,94.2,High Risk,955.8158206634636,285000.0,39,39.0,1,0.0,0.0,0.0,1.0,High Frequency Buyers,1.0,1.0,GLOBAL,0.0,955.8158206634636,0.0,0.0
16817000014163,12701,Darjeeling Bamboo Tea Co.,SRI LANKA,High,0.7366,0.0997,0.1638,73.7,High Risk,71.84402392319379,21060.0,331,212.0,3,0.0,0.0,0.0,4.0,High Value One-Off,3.0,3.0,GLOBAL,0.0,0.0,0.0,71.84402392319379
16834000002189,12302,Silver Tip Bamboo Tea Works 608,SRI LANKA,High,0.718,0.1743,0.1076,71.8,High Risk,1108.5625598491974,329600.0,100,67.42857142857143,7,1.0,0.0,0.0,3.0,Strategic High-Value,32.0,1.0,GLOBAL,200.3173563339007,200.5598893647874,350.6686163770404,357.0166977734689
16946000008630,12661,Oolong Cedar Distributors,NETHERLANDS,High,0.9502,0.0137,0.0362,95.0,High Risk,24266.371715289053,7091887.2,355,248.66666666666666,3,2.0,1.0,0.0,1.0,High Frequency Buyers,4.0,1.0,BULK,0.0,0.0,10841.91846194478,13424.453253344273
16972000000843,11856,GreenLeaf Lotus Tea Co. 7A7,SRI LANKA,Low,0.301,0.2407,0.4583,30.1,Medium Risk,237.40453070768376,70800.0,0,0.0,2,1.0,0.0,0.0,4.0,High Value One-Off,42.0,3.0,FOOD SERVICE,237.40453070768376,0.0,0.0,0.0
16975000004375,12280,Golden Bud Magnolia Distributors,UNITED STATES,High,0.9285,0.0083,0.0632,92.8,High Risk,30.0,9448.4,736,736.0,1,0.0,0.0,0.0,1.0,High Frequency Buyers,12.0,1.0,RETAIL,0.0,0.0,0.0,30.0
1697660000602,12808,Oolong Jasmine Imports 918,SRI LANKA,High,0.8952,0.0,0.1048,89.5,High Risk,1534.442383962532,453440.0,140,140.0,1,0.0,0.0,0.0,1.0,High Frequency Buyers,1.0,1.0,GLOBAL,0.0,0.0,0.0,1534.442383962532
1703010000709,12809,Silver Tip Clover Exports 8F1,SRI LANKA,Low,0.2661,0.01,0.7239,26.6,Low Risk,234.6220476446758,70100.0,0,0.0,1,1.0,0.0,0.0,1.0,High Frequency Buyers,2.0,1.0,GLOBAL,234.6220476446758,0.0,0.0,0.0
17036000005422,12673,Matcha Bamboo Tea Works,SRI LANKA,High,0.8732,0.0095,0.1173,87.3,High Risk,63.4781206358792,18500.0,197,197.0,1,0.0,0.0,0.0,4.0,High Value One-Off,5.0,2.0,FOOD SERVICE,0.0,0.0,0.0,63.4781206358792
17036000005435,12674,Herbal Hibiscus Distributors D21,SRI LANKA,Low,0.3356,0.0462,0.6181,33.6,Medium Risk,62.44580770436347,18408.0,374,374.0,1,0.0,0.0,0.0,1.0,High Frequency Buyers,2.0,1.0,FOOD SERVICE,0.0,0.0,0.0,62.44580770436347
17036000005449,12675,Oolong Lotus Distributors E2C,SRI LANKA,High,0.6037,0.002,0.3943,60.4,Medium Risk,85.44636068501913,25488.0,4,4.0,1,0.0,0.0,0.0,1.0,High Frequency Buyers,6.0,1.0,FOOD SERVICE,85.44636068501913,0.0,0.0,0.0
17064000003642,12224,Assam Jasmine Exports,SRI LANKA,Medium,0.1587,0.8221,0.0192,15.9,Low Risk,198.78256351121598,59392.2,5,2.5,2,1.0,0.0,0.0,0.0,No Sales History,0.0,0.0,Unknown,198.78256351121598,0.0,0.0,0.0
17067000002650,12339,GreenLeaf Cedar Holdings,SRI LANKA,High,0.6928,0.2425,0.0647,69.3,Medium Risk,201.44063445058774,59354.0,313,155.8,5,1.0,0.0,0.0,4.0,High Value One-Off,11.0,3.0,FOOD SERVICE,79.97809681249045,19.77925015856924,0.0,101.68328747952805
1714770000008,12707,Black Gold Clover Trading,SRI LANKA,Low,0.1585,0.0142,0.8273,15.8,Low Risk,2212.418303940015,660000.0,0,0.0,1,0.0,0.0,0.0,1.0,High Frequency Buyers,1.0,1.0,GLOBAL,2212.418303940015,0.0,0.0,0.0
17159000004846,12628,TeaLeaf Cedar Trading 690,SRI LANKA,Low,0.2217,0.1354,0.6429,22.2,Low Risk,4452.597309799344,1327950.0,0,0.0,3,0.0,0.0,0.0,1.0,High Frequency Buyers,3.0,1.0,GLOBAL,4452.597309799344,0.0,0.0,0.0
1718770000332,12768,White Pearl Maple Imports,SRI LANKA,Medium,0.2249,0.703,0.0721,22.5,Low Risk,1087.5550108943285,324528.0,8,5.333333333333333,3,0.0,0.0,0.0,4.0,High Value One-Off,64.0,3.0,RETAIL,1087.5550108943285,0.0,0.0,0.0
17298000002199,12487,Black Gold Bamboo Exports,MALDIVES,High,0.9166,0.0033,0.0801,91.7,High Risk,202.5199999999968,59610.6,511,511.0,1,2.0,0.0,0.0,1.0,High Frequency Buyers,49.0,1.0,RETAIL,0.0,0.0,0.0,202.5199999999968
17415000005916,12573,TeaLeaf Willow Distributors 4FA,SRI LANKA,High,0.9636,0.0,0.0364,96.4,High Risk,96.21234427634388,27741.8,278,278.0,1,0.0,0.0,0.0,1.0,High Frequency Buyers,3.0,1.0,GLOBAL,0.0,0.0,0.0,96.21234427634388
17443000008351,12688,Sencha Willow Imports 02B,SRI LANKA,High,0.9319,0.0542,0.0139,93.2,High Risk,1277.1838039248246,380200.0,57,37.0,2,0.0,0.0,0.0,1.0,High Frequency Buyers,2.0,1.0,GLOBAL,523.0760358079077,754.107768116917,0.0,0.0
17446000009640,12662,Darjeeling Maple Beverages,SRI LANKA,High,0.9749,0.0071,0.018,97.5,High Risk,365.9353643308852,109018.0,44,44.0,1,0.0,0.0,0.0,1.0,High Frequency Buyers,1.0,1.0,GLOBAL,0.0,365.9353643308852,0.0,0.0
17477000004881,11864,Sencha Jasmine Distributors,SRI LANKA,High,0.9216,0.007,0.0714,92.2,High Risk,99.25615085319914,29500.0,29,29.0,1,0.0,0.0,0.0,4.0,High Value One-Off,2.0,2.0,FOOD SERVICE,99.25615085319914,0.0,0.0,0.0
17537000006842,12429,Herbal Rosewood Tea Co. 0F5,SRI LANKA,Low,0.1095,0.0083,0.8822,11.0,Low Risk,100.7149118652475,30090.0,0,0.0,1,0.0,0.0,0.0,4.0,High Value One-Off,2.0,2.0,RETAIL,100.7149118652475,0.0,0.0,0.0
1754990000472,12813,Matcha Rosewood Tea Works,SRI LANKA,High,0.8446,0.0804,0.0749,84.5,High Risk,1198.1652681274218,355500.0,80,70.0,2,1.0,0.0,0.0,1.0,High Frequency Buyers,1.0,1.0,GLOBAL,0.0,591.2064856867394,606.9587824406824,0.0
17623000000747,11877,Silver Tip Magnolia Holdings 7FD,SRI LANKA,High,0.965,0.0033,0.0317,96.5,High Risk,266.8048433079632,78937.0,90,90.0,1,0.0,0.0,0.0,3.0,Strategic High-Value,4.0,1.0,GLOBAL,0.0,0.0,266.8048433079632,0.0
17719000003416,11988,Darjeeling Rosewood Trading AE9,SRI LANKA,Medium,0.1165,0.8318,0.0517,11.6,Low Risk,320.6306280942046,95200.0,87,29.0,3,0.0,0.0,0.0,3.0,Strategic High-Value,12.0,1.0,GLOBAL,116.14312447764881,0.0,204.4875036165558,0.0
17753000004104,12547,Golden Bud Cedar Holdings,REPUBLIC OF UZBEKISTAN,Medium,0.3999,0.5264,0.0737,40.0,Medium Risk,110331.17,32771729.8,68,34.0,2,0.0,3.0,1.0,4.0,High Value One-Off,36.0,2.0,RETAIL,109158.08,0.0,1173.09,0.0
1776110001925,12905,Matcha Rosewood Beverages,SRI LANKA,Low,0.1021,0.0,0.8979,10.2,Low Risk,500.2120699817552,149448.0,0,0.0,1,0.0,0.0,0.0,1.0,High Frequency Buyers,17.0,1.0,RETAIL,500.2120699817552,0.0,0.0,0.0
17794000004380,12562,Assam Ivy Tea Co. 13B,SRI LANKA,High,0.6336,0.3564,0.01,63.4,Medium Risk,297.5762540998063,88467.40000000001,80,60.0,4,0.0,0.0,0.0,0.0,No Sales History,0.0,0.0,Unknown,0.0,237.2239603307564,60.35229376904992,0.0
17807000003478,12522,Black Gold Willow Exports,SRI LANKA,High,0.6919,0.1482,0.1599,69.2,Medium Risk,24893.744285039185,7410966.8,98,30.153846153846153,13,0.0,0.0,0.0,4.0,High Value One-Off,287.0,2.0,RETAIL,13097.273246880854,6149.488058458737,3307.167486645457,2339.815493054139
1782880000557,12846,Darjeeling Lotus Imports,SRI LANKA,Low,0.1053,0.0533,0.8414,10.5,Low Risk,11223.525249251992,3351919.4,0,0.0,8,0.0,0.0,0.0,1.0,High Frequency Buyers,66.0,1.0,RETAIL,11223.525249251992,0.0,0.0,0.0
17859000000105,11772,White Pearl Maple Exports,SRI LANKA,High,0.8704,0.0815,0.0481,87.0,High Risk,4734.550780656752,1489351.9,735,468.93939393939394,33,0.0,0.0,0.0,4.0,High Value One-Off,234.0,3.0,RETAIL,16.92938016958415,6.616905210103119,0.0,4711.004495277065
17862000007943,12542,Ceylon Jasmine Exports,UNITED STATES,Low,0.2351,0.0148,0.7501,23.5,Low Risk,3449.7,1029037.6,0,0.0,1,0.0,0.0,0.0,1.0,High Frequency Buyers,10.0,1.0,FOOD SERVICE,3449.7,0.0,0.0,0.0
17871000000043,10318,Sencha Maple Tea Co. 5D4,SRI LANKA,Medium,0.4099,0.5818,0.0083,41.0,Medium Risk,250.37124455003476,74800.5,2416,807.0,3,0.0,0.0,1.0,0.0,No Sales History,0.0,0.0,Unknown,250.32668720222176,0.0,0.0,0.0445573478129861
17912000004209,12461,Matcha Bamboo Tea Works 27F,SRI LANKA,High,0.7764,0.0953,0.1283,77.6,High Risk,38984.65758589563,11605885.3,467,142.52380952380952,21,0.0,0.0,0.0,3.0,Strategic High-Value,5.0,1.0,GLOBAL,8746.199302745752,1010.031727487499,16284.81239692926,12943.614158733117
17920000003360,12449,Oolong Orchid Tea Co. 910,SRI LANKA,High,0.6381,0.2392,0.1227,63.8,Medium Risk,5927.407613598735,1746778.1,474,79.26315789473684,19,0.0,0.0,0.0,3.0,Strategic High-Value,2.0,1.0,GLOBAL,153.9938122218173,2553.782944515696,0.0,3219.630856861222
17922000007740,12525,Darjeeling Lotus Exports 360,UNITED KINGDOM,High,0.7962,0.0589,0.145,79.6,High Risk,71936.64861873547,21378644.0,0,0.0,1,1.0,0.0,0.0,4.0,High Value One-Off,119.0,3.0,RETAIL,71936.64861873547,0.0,0.0,0.0
17928000012378,12160,Assam Palm Tea Co.,SRI LANKA,High,0.8863,0.0745,0.0392,88.6,High Risk,197.77676129341876,58752.0,101,87.0,2,0.0,0.0,0.0,4.0,High Value One-Off,13.0,3.0,FOOD SERVICE,0.0,0.0,98.8076554380182,98.96910585540056
17928000013715,12168,Assam Lotus Exports 1C3,INDIA,High,0.9077,0.0347,0.0576,90.8,High Risk,130.0,40195.9,1385,1109.3333333333333,3,0.0,0.0,0.0,1.0,High Frequency Buyers,15.0,1.0,RETAIL,0.0,0.0,0.0,130.0
17944000004353,12503,Matcha Magnolia Trading,BELARUS,High,0.7035,0.1698,0.1267,70.4,High Risk,142704.28,42590485.3,263,87.66666666666667,3,1.0,0.0,0.0,3.0,Strategic High-Value,20.0,1.0,RETAIL,142674.28,0.0,0.0,30.0
1795440000747,12848,Assam Magnolia Imports,SRI LANKA,High,0.7897,0.1275,0.0829,79.0,High Risk,17008.690235485283,5066723.3,57,25.71875,32,0.0,0.0,0.0,4.0,High Value One-Off,149.0,2.0,RETAIL,4950.512867109866,12058.177368375416,0.0,0.0
17958000009043,12706,GreenLeaf Lotus Holdings,SRI LANKA,High,0.8311,0.1178,0.0511,83.1,High Risk,237.37428047157823,70800.0,39,23.5,2,0.0,0.0,0.0,4.0,High Value One-Off,2.0,2.0,GLOBAL,79.07776561082213,158.2965148607561,0.0,0.0
18052000000806,12271,Herbal Bamboo Tea Works B76,SRI LANKA,Medium,0.1787,0.5579,0.2634,17.9,Low Risk,2342.985720171868,700000.0,0,0.0,2,0.0,0.0,0.0,3.0,Strategic High-Value,51.0,1.0,RETAIL,2342.985720171868,0.0,0.0,0.0
18091000003516,12462,Sencha Hibiscus Beverages,LEBANON,High,0.9675,0.005,0.0275,96.8,High Risk,276.1500000000015,83165.1,831,831.0,1,0.0,0.0,0.0,1.0,High Frequency Buyers,7.0,1.0,RETAIL,0.0,0.0,0.0,276.1500000000015
18234000013853,12658,Assam Fern Distributors 115,SRI LANKA,High,0.8933,0.0303,0.0764,89.3,High Risk,4636.941468178703,1367829.2,422,306.0,4,0.0,0.0,0.0,1.0,High Frequency Buyers,3.0,1.0,GLOBAL,0.0,0.0,0.0,4636.941468178703
1824330000598,12819,Herbal Maple Distributors 2D6,SRI LANKA,High,0.9602,0.0071,0.0327,96.0,High Risk,1708.683002304031,508000.0,57,57.0,1,0.0,0.0,0.0,1.0,High Frequency Buyers,1.0,1.0,GLOBAL,0.0,1708.683002304031,0.0,0.0
18266000002543,12159,Matcha Maple Holdings,SRI LANKA,High,0.6325,0.2903,0.0772,63.2,Medium Risk,79.24767822424583,23600.0,73,41.5,2,0.0,0.0,0.0,4.0,High Value One-Off,8.0,2.0,FOOD SERVICE,39.55779746206558,0.0,39.68988076218025,0.0
18266000002555,12161,Oolong Clover Distributors 427,SRI LANKA,High,0.8653,0.0463,0.0883,86.5,High Risk,184.58567184165963,54912.0,90,69.0,2,1.0,0.0,0.0,4.0,High Value One-Off,12.0,2.0,RETAIL,0.0,92.0947016364453,92.49097020521434,0.0
18273000001659,12144,GreenLeaf Jasmine Holdings,OMAN,Low,0.1403,0.0344,0.8253,14.0,Low Risk,1944.74,581200.1,0,0.0,1,0.0,0.0,0.0,3.0,Strategic High-Value,14.0,1.0,RETAIL,1944.74,0.0,0.0,0.0
18273000001671,12145,TeaLeaf Rosewood Imports B43,KUWAIT,Low,0.2392,0.0316,0.7291,23.9,Low Risk,833.73,249166.5,0,0.0,1,0.0,0.0,0.0,3.0,Strategic High-Value,29.0,1.0,RETAIL,833.73,0.0,0.0,0.0
18273000001682,12146,Matcha Clover Tea Co.,DUBAI,Low,0.1496,0.3524,0.498,15.0,Low Risk,9446.78,2823241.1,0,0.0,2,0.0,0.0,0.0,3.0,Strategic High-Value,28.0,1.0,RETAIL,9446.78,0.0,0.0,0.0
18338000005840,12183,TeaLeaf Cedar Imports,SRI LANKA,High,0.5715,0.0227,0.4059,57.2,Medium Risk,66.12106058649532,19765.0,2,2.0,1,1.0,0.0,0.0,4.0,High Value One-Off,8.0,3.0,FOOD SERVICE,66.12106058649532,0.0,0.0,0.0
18354000003819,12606,GreenLeaf Ivy Exports,SRI LANKA,Medium,0.1066,0.5121,0.3814,10.7,Low Risk,312.93607367483145,93375.0,0,0.0,3,0.0,0.0,0.0,4.0,High Value One-Off,19.0,2.0,RETAIL,312.93607367483145,0.0,0.0,0.0
18366000004677,12403,GreenLeaf Maple Exports 6D5,FRANCE,High,0.9498,0.004,0.0462,95.0,High Risk,3000.307626148492,887265.7,415,415.0,1,1.0,0.0,0.0,1.0,High Frequency Buyers,2.0,1.0,BULK,0.0,0.0,0.0,3000.307626148492
1842110000729,12871,Oolong Magnolia Imports 0B5,SRI LANKA,Medium,0.0731,0.89,0.0369,7.3,Low Risk,1227.4132714300301,365800.0,28,14.0,2,0.0,0.0,0.0,1.0,High Frequency Buyers,1.0,1.0,GLOBAL,1227.4132714300301,0.0,0.0,0.0
18498000000036,11737,Black Gold Palm Exports,SRI LANKA,Medium,0.1415,0.6601,0.1985,14.2,Low Risk,3546.220463334491,1057620.7,2,1.0,2,0.0,0.0,0.0,3.0,Strategic High-Value,67.0,1.0,GLOBAL,3546.220463334491,0.0,0.0,0.0
1850220000038,12734,Oolong Jasmine Distributors 622,SRI LANKA,Medium,0.1445,0.7506,0.1048,14.4,Low Risk,312.0291903196485,92984.0,29,14.5,2,0.0,0.0,0.0,4.0,High Value One-Off,6.0,3.0,FOOD SERVICE,312.0291903196485,0.0,0.0,0.0
18511000004925,12272,Darjeeling Ivy Trading,SRI LANKA,High,0.9818,0.0,0.0182,98.2,High Risk,558.9339758032734,165365.2,77,77.0,1,0.0,0.0,0.0,3.0,Strategic High-Value,20.0,1.0,GLOBAL,0.0,0.0,558.9339758032734,0.0
18511000005171,12273,Matcha Orchid Tea Works,SRI LANKA,High,0.8817,0.0726,0.0457,88.2,High Risk,503.883112656678,145966.0,263,159.5,2,0.0,0.0,0.0,3.0,Strategic High-Value,21.0,1.0,GLOBAL,0.0,61.44869067925161,0.0,442.4344219774264
1851440000540,12815,Assam Ivy Tea Works D2D,SRI LANKA,High,0.8824,0.0591,0.0585,88.2,High Risk,198.28372759271184,59165.0,42,29.0,2,0.0,0.0,0.0,1.0,High Frequency Buyers,4.0,1.0,RETAIL,77.19270502134526,121.0910225713666,0.0,0.0
18526000002570,12328,White Pearl Willow Distributors,SRI LANKA,High,0.798,0.138,0.064,79.8,High Risk,1580.8243230821224,467711.0,422,104.21875,32,7.0,0.0,0.0,4.0,High Value One-Off,17.0,2.0,FOOD SERVICE,436.35984443863333,226.2935157181921,68.07667838250396,850.0942845427929
18532000006580,12629,Herbal Rosewood Holdings,VIETNAM,High,0.721,0.175,0.104,72.1,High Risk,442540.76,132066208.89999999,16,4.7272727272727275,11,1.0,1.0,0.0,4.0,High Value One-Off,108.0,2.0,FOOD SERVICE,442540.76,0.0,0.0,0.0
18546000005192,12259,Herbal Cedar Tea Works 378,SRI LANKA,Low,0.1826,0.2844,0.533,18.3,Low Risk,197.43207607463552,58968.0,0,0.0,2,1.0,0.0,0.0,3.0,Strategic High-Value,17.0,1.0,RETAIL,197.43207607463552,0.0,0.0,0.0
1855220000428,12820,GreenLeaf Maple Trading 16E,SRI LANKA,High,0.9509,0.01,0.0391,95.1,High Risk,606.3656263453738,180000.0,60,60.0,1,0.0,0.0,0.0,1.0,High Frequency Buyers,1.0,1.0,GLOBAL,0.0,606.3656263453738,0.0,0.0
18614000002715,12616,Ceylon Ivy Holdings,SRI LANKA,Medium,0.22,0.7431,0.0369,22.0,Low Risk,1228.952999898537,366525.0,133,33.75,4,0.0,0.0,0.0,4.0,High Value One-Off,6.0,2.0,RETAIL,1156.5912337230163,0.0,0.0,72.3617661755207
18704000006883,12440,Golden Bud Willow Holdings AC8,SRI LANKA,High,0.7174,0.1679,0.1148,71.7,High Risk,88333.5899643987,26090174.3,103,32.25,4,1.0,0.0,0.0,3.0,Strategic High-Value,13.0,1.0,GLOBAL,1316.1679597412149,0.0,0.0,87017.42200465749
18735000005344,12425,Ceylon Orchid Trading,UNITED ARAB EMIRATES,High,0.9411,0.0158,0.0431,94.1,High Risk,35522.07,10389290.9,189,138.4,5,1.0,0.0,0.0,3.0,Strategic High-Value,77.0,1.0,RETAIL,0.0,4054.17,0.0,31467.9
1874220000886,12835,Sencha Jasmine Tea Works,SRI LANKA,High,0.9182,0.01,0.0718,91.8,High Risk,202.7982096974048,60000.0,74,74.0,1,0.0,0.0,0.0,1.0,High Frequency Buyers,1.0,1.0,GLOBAL,0.0,0.0,202.7982096974048,0.0
18744000002445,12465,Ceylon Jasmine Tea Co. 94C,SRI LANKA,Low,0.2329,0.1302,0.6369,23.3,Low Risk,521.7003548457863,155760.0,0,0.0,7,1.0,0.0,0.0,4.0,High Value One-Off,45.0,3.0,FOOD SERVICE,521.7003548457863,0.0,0.0,0.0
18781000005285,12397,GreenLeaf Willow Tea Co.,SRI LANKA,High,0.9586,0.0,0.0414,95.9,High Risk,89.93658378155934,26750.0,54,54.0,1,0.0,0.0,0.0,3.0,Strategic High-Value,29.0,1.0,GLOBAL,0.0,89.93658378155934,0.0,0.0
18796000001533,12246,Herbal Sage Tea Works,SRI LANKA,Low,0.1447,0.0,0.8553,14.5,Low Risk,92.51231774340611,27648.0,0,0.0,1,0.0,0.0,0.0,3.0,Strategic High-Value,4.0,1.0,RETAIL,92.51231774340611,0.0,0.0,0.0
18862000000175,11884,Silver Tip Sage Exports E9A,SRI LANKA,High,0.8882,0.087,0.0249,88.8,High Risk,766.8674945064635,225891.0,885,358.2,5,0.0,0.0,0.0,3.0,Strategic High-Value,33.0,1.0,RETAIL,251.3726346341164,138.5572670736405,0.0,376.9375927987066
1889550000338,12761,Ceylon Clover Exports,SAUDI ARABIA,Low,0.1357,0.0498,0.8145,13.6,Low Risk,140393.9,41872705.3,0,0.0,1,0.0,0.0,0.0,1.0,High Frequency Buyers,16.0,1.0,RETAIL,140393.9,0.0,0.0,0.0
1895440001269,12889,GreenLeaf Hibiscus Holdings 964,SRI LANKA,Medium,0.2096,0.787,0.0034,21.0,Low Risk,520.3643582535606,155474.4,5,2.5,2,0.0,0.0,0.0,0.0,No Sales History,0.0,0.0,Unknown,520.3643582535606,0.0,0.0,0.0
18958000003389,12598,Golden Bud Magnolia Imports,ISRAEL,High,0.7436,0.14,0.1163,74.4,High Risk,76668.73999999999,22780244.900000002,560,224.75,4,0.0,2.0,1.0,1.0,High Frequency Buyers,10.0,1.0,FOOD SERVICE,59571.36,0.0,0.0,17097.379999999997
1898110000604,12878,Golden Bud Palm Imports F98,SRI LANKA,Medium,0.1072,0.8161,0.0767,10.7,Low Risk,314.10783165162445,93810.0,11,3.6666666666666665,3,0.0,0.0,0.0,4.0,High Value One-Off,3.0,2.0,FOOD SERVICE,314.10783165162445,0.0,0.0,0.0
1900330000108,12716,Black Gold Rosewood Tea Co. 863,SRI LANKA,Low,0.2222,0.0188,0.759,22.2,Low Risk,393.4848807784309,117600.0,0,0.0,1,0.0,0.0,0.0,1.0,High Frequency Buyers,1.0,1.0,GLOBAL,393.4848807784309,0.0,0.0,0.0
19032000001974,11910,Matcha Fern Exports 949,SRI LANKA,Low,0.0352,0.0253,0.9394,3.5,Low Risk,1874.298811426797,560000.0,0,0.0,1,0.0,0.0,0.0,3.0,Strategic High-Value,18.0,1.0,GLOBAL,1874.298811426797,0.0,0.0,0.0
1903770000636,12837,Assam Willow Exports A35,SRI LANKA,High,0.8652,0.0012,0.1335,86.5,High Risk,2150.472155883172,637072.0,0,0.0,1,0.0,0.0,0.0,1.0,High Frequency Buyers,1.0,1.0,GLOBAL,2150.472155883172,0.0,0.0,0.0
19051000005007,12105,Silver Tip Rosewood Holdings FBB,SRI LANKA,High,0.5924,0.0075,0.4001,59.2,Medium Risk,98.88839388822797,29500.0,11,11.0,1,0.0,0.0,0.0,3.0,Strategic High-Value,14.0,1.0,GLOBAL,98.88839388822797,0.0,0.0,0.0
1906440001208,12890,Sencha Rosewood Beverages,SRI LANKA,Medium,0.3275,0.6691,0.0034,32.8,Medium Risk,680.5689469492758,202990.5,19,12.0,2,0.0,0.0,0.0,0.0,No Sales History,0.0,0.0,Unknown,680.5689469492758,0.0,0.0,0.0
1906990000298,12783,Sencha Ivy Exports 04F,SRI LANKA,High,0.5934,0.3559,0.0507,59.3,Medium Risk,488.8745431514021,145500.0,69,32.333333333333336,3,0.0,0.0,0.0,1.0,High Frequency Buyers,2.0,1.0,GLOBAL,325.4926938305653,0.0,163.3818493208368,0.0
1907440002613,12798,Silver Tip Maple Trading,IRAQ,High,0.8116,0.1358,0.0525,81.2,High Risk,258336.2,77060123.5,4,3.4,5,4.0,0.0,0.0,4.0,High Value One-Off,7.0,2.0,RETAIL,258336.2,0.0,0.0,0.0
19098000001642,11954,Matcha Sage Imports ED3,SRI LANKA,High,0.8135,0.1622,0.0243,81.4,High Risk,87043.6525243056,26066031.3,578,182.6504854368932,103,5.0,0.0,0.0,0.0,Loyal Medium Buyers,637.0,3.0,RETAIL,18710.149047526593,10938.838415738375,8312.594178774432,49082.07088226619
19098000001667,11955,TeaLeaf Orchid Tea Works E0F,SRI LANKA,High,0.921,0.0491,0.0298,92.1,High Risk,8993.51119088855,2738045.3,676,403.9183673469388,49,1.0,0.0,0.0,4.0,High Value One-Off,300.0,3.0,RETAIL,698.3759822434348,272.64030185265483,111.3908843719536,7911.104022420508
19098000001692,11956,Assam Bamboo Trading,SRI LANKA,High,0.8217,0.1136,0.0647,82.2,High Risk,10762.544618957816,3277625.5,583,277.2608695652174,23,0.0,0.0,0.0,4.0,High Value One-Off,238.0,3.0,RETAIL,463.9133267606739,222.96399721110566,3.718226031632871,10071.949068954404
19098000001717,11957,Oolong Fern Holdings,SRI LANKA,High,0.7378,0.2047,0.0575,73.8,High Risk,6050.64516078589,1804395.2,490,153.32258064516128,31,1.0,0.0,0.0,4.0,High Value One-Off,18.0,3.0,RETAIL,4370.591314768839,1679.8704993609986,0.0073310109497493,0.1760156451031637
19098000001743,11958,TeaLeaf Hibiscus Tea Co.,SRI LANKA,High,0.9259,0.0393,0.0348,92.6,High Risk,1310.876584232945,387925.0,554,284.0,7,0.0,0.0,0.0,4.0,High Value One-Off,19.0,2.0,RETAIL,0.0,0.0,244.0871001846809,1066.7894840482643
19104000003870,12601,Ceylon Maple Exports,SWEDEN,High,0.8272,0.005,0.1678,82.7,High Risk,31871.6,9501813.2,13,13.0,1,0.0,0.0,0.0,1.0,High Frequency Buyers,28.0,1.0,RETAIL,31871.6,0.0,0.0,0.0
19154000005844,12677,Silver Tip Rosewood Trading,SRI LANKA,High,0.987,0.0,0.013,98.7,High Risk,808.5752433137569,240000.0,30,30.0,1,0.0,0.0,0.0,1.0,High Frequency Buyers,2.0,1.0,GLOBAL,808.5752433137569,0.0,0.0,0.0
19161000010847,12518,TeaLeaf Palm Trading 70F,SRI LANKA,High,0.666,0.1912,0.1427,66.6,Medium Risk,224.4991205848557,66965.0,112,36.42857142857143,7,2.0,0.0,0.0,4.0,High Value One-Off,6.0,3.0,FOOD SERVICE,145.1511130888446,59.37639426694986,0.0,19.9716132290612
1917330000919,12883,Darjeeling Lotus Trading F81,SRI LANKA,Low,0.1492,0.0162,0.8346,14.9,Low Risk,133.2290026742816,39825.0,0,0.0,1,0.0,0.0,0.0,1.0,High Frequency Buyers,1.0,1.0,RETAIL,133.2290026742816,0.0,0.0,0.0
19268000002080,12281,Assam Lotus Imports 624,SRI LANKA,High,0.939,0.0268,0.0342,93.9,High Risk,77.55187047336688,23134.0,442,242.5,2,0.0,0.0,0.0,3.0,Strategic High-Value,2.0,1.0,FOOD SERVICE,0.0,77.5319054786576,0.0,0.0199649947092764
19278000009440,12676,GreenLeaf Orchid Exports EC4,SRI LANKA,High,0.9263,0.0736,0.0002,92.6,High Risk,2419.9385404155078,722667.7,55,20.8,5,0.0,0.0,0.0,0.0,No Sales History,0.0,0.0,Unknown,2269.2073916187956,150.7311487967119,0.0,0.0
1929110000870,12858,Silver Tip Rosewood Beverages 524,SRI LANKA,Low,0.1226,0.005,0.8724,12.3,Low Risk,71.09287896370414,21240.0,0,0.0,1,0.0,0.0,0.0,1.0,High Frequency Buyers,2.0,1.0,FOOD SERVICE,71.09287896370414,0.0,0.0,0.0
19316000000476,12037,Ceylon Jasmine Tea Works B40,SRI LANKA,High,0.956,0.0273,0.0167,95.6,High Risk,130017.34256992431,38487911.5,620,229.63934426229508,61,0.0,0.0,0.0,0.0,No Sales History,0.0,0.0,Unknown,12265.805904953551,6414.737184108897,7045.320819946108,104291.47866091576
19437000004527,12289,Darjeeling Clover Imports,SRI LANKA,High,0.9579,0.0296,0.0125,95.8,High Risk,1140.0815594921078,356193.0,1023,899.6,5,0.0,0.0,0.0,1.0,High Frequency Buyers,16.0,1.0,RETAIL,0.0,0.0,0.0,1140.0815594921078
19460000001994,12579,Golden Bud Lotus Exports,CZECH REPUBLIC,High,0.8263,0.0083,0.1654,82.6,High Risk,2354.37,701268.4,403,403.0,1,0.0,0.0,0.0,1.0,High Frequency Buyers,105.0,1.0,RETAIL,0.0,0.0,0.0,2354.37
19466000007485,12453,White Pearl Bamboo Holdings,NEW ZEALAND,High,0.8786,0.015,0.1064,87.9,High Risk,60.0,17343.8,254,254.0,1,0.0,1.0,0.0,3.0,Strategic High-Value,7.0,1.0,FOOD SERVICE,0.0,0.0,0.0,60.0
1954010000915,12854,Black Gold Cedar Tea Works,SRI LANKA,High,0.862,0.0865,0.0515,86.2,High Risk,8182.04415932503,2439205.0,45,38.25,4,0.0,0.0,0.0,4.0,High Value One-Off,125.0,2.0,RETAIL,928.516763114435,7253.527396210595,0.0,0.0
1954330001032,12906,Assam Orchid Distributors,SRI LANKA,Low,0.2135,0.0195,0.767,21.3,Low Risk,193.4701320863622,57820.0,0,0.0,1,0.0,0.0,0.0,1.0,High Frequency Buyers,1.0,1.0,FOOD SERVICE,193.4701320863622,0.0,0.0,0.0
19567000000899,11836,TeaLeaf Cedar Tea Works,THAILAND,Low,0.3905,0.0244,0.5851,39.1,Medium Risk,37830.2,11283197.6,0,0.0,1,0.0,0.0,0.0,4.0,High Value One-Off,42.0,2.0,FOOD SERVICE,37830.2,0.0,0.0,0.0
19574000004654,12584,Oolong Willow Distributors,SRI LANKA,Low,0.2333,0.021,0.7457,23.3,Low Risk,337.9515159886732,100799.9,0,0.0,1,0.0,0.0,0.0,1.0,High Frequency Buyers,5.0,1.0,RETAIL,337.9515159886732,0.0,0.0,0.0
19575000003339,12274,Assam Cedar Holdings,RUSSIA,High,0.7185,0.1629,0.1185,71.9,High Risk,312461.04,92701829.8,132,56.57142857142857,7,1.0,0.0,0.0,3.0,Strategic High-Value,22.0,1.0,RETAIL,127221.23999999999,57909.0,95029.8,32301.0
19612000004374,12068,Assam Cedar Trading,SRI LANKA,High,0.8348,0.0067,0.1585,83.5,High Risk,27.03387682689871,8064.0,4,4.0,1,0.0,0.0,0.0,4.0,High Value One-Off,30.0,2.0,RETAIL,27.03387682689871,0.0,0.0,0.0
19621000002596,12237,Black Gold Maple Beverages F39,SRI LANKA,Medium,0.1685,0.6916,0.1399,16.8,Low Risk,2375.8871498128133,710065.0,5,2.5,2,0.0,0.0,0.0,3.0,Strategic High-Value,4.0,1.0,GLOBAL,2375.8871498128133,0.0,0.0,0.0
1966990000896,12884,Matcha Magnolia Exports,SRI LANKA,Low,0.0789,0.0033,0.9177,7.9,Low Risk,790.2060106348799,236106.0,0,0.0,1,0.0,0.0,0.0,1.0,High Frequency Buyers,53.0,1.0,RETAIL,790.2060106348799,0.0,0.0,0.0
19684000005447,12292,TeaLeaf Willow Trading,SRI LANKA,Low,0.3085,0.3356,0.3558,30.8,Medium Risk,174.32722934312196,52000.0,13,8.0,2,0.0,0.0,0.0,3.0,Strategic High-Value,26.0,1.0,GLOBAL,174.32722934312196,0.0,0.0,0.0
19717000004562,12463,TeaLeaf Jasmine Tea Works 176,SRI LANKA,High,0.7099,0.01,0.2801,71.0,High Risk,153.3858544379976,45750.0,16,16.0,1,0.0,0.0,0.0,3.0,Strategic High-Value,18.0,1.0,GLOBAL,153.3858544379976,0.0,0.0,0.0
1980770000447,12787,GreenLeaf Hibiscus Exports,SRI LANKA,Medium,0.268,0.7101,0.0218,26.8,Low Risk,88.756380463091,26496.0,19,9.5,2,0.0,0.0,0.0,1.0,High Frequency Buyers,3.0,1.0,RETAIL,88.756380463091,0.0,0.0,0.0
19860000002055,12016,Herbal Cedar Exports 462,SRI LANKA,High,0.6273,0.2998,0.0729,62.7,Medium Risk,17357.1917774154,5128051.0,333,95.06896551724138,29,0.0,0.0,0.0,3.0,Strategic High-Value,9.0,1.0,GLOBAL,8390.291410638863,1557.2909162973615,723.8999081828684,6685.709542296306
19860000002099,12018,Matcha Lotus Tea Co.,SRI LANKA,High,0.7964,0.0053,0.1983,79.6,High Risk,138.8225961506141,41300.0,23,23.0,1,0.0,0.0,0.0,4.0,High Value One-Off,8.0,3.0,FOOD SERVICE,138.8225961506141,0.0,0.0,0.0
19860000002172,12019,Darjeeling Clover Imports E7B,SRI LANKA,High,0.8485,0.1135,0.0381,84.9,High Risk,4500.30851374286,1336993.8,739,72.33333333333333,57,2.0,0.0,0.0,4.0,High Value One-Off,52.0,3.0,RETAIL,1711.6770734617598,1176.7175136450455,839.5135085325217,772.4004181035325
19865000002962,12374,Black Gold Jasmine Tea Co. CE0,SRI LANKA,High,0.9877,0.0,0.0123,98.8,High Risk,0.0686249952820315,20.0,221,221.0,1,0.0,0.0,0.0,3.0,Strategic High-Value,2.0,1.0,GLOBAL,0.0,0.0,0.0,0.0686249952820315
19875000012898,12586,White Pearl Orchid Beverages 9E3,SRI LANKA,High,0.9769,0.0,0.0231,97.7,High Risk,1539.044748835553,454300.0,109,109.0,1,0.0,0.0,0.0,1.0,High Frequency Buyers,10.0,1.0,GLOBAL,0.0,0.0,0.0,1539.044748835553
19883000001195,12331,White Pearl Cedar Exports B66,SRI LANKA,High,0.8653,0.0564,0.0783,86.5,High Risk,78.60116262573965,23880.0,556,556.0,2,0.0,0.0,0.0,1.0,High Frequency Buyers,7.0,1.0,GLOBAL,0.0,0.0,0.0,78.60116262573965
19954000013231,12630,Herbal Orchid Exports,SRI LANKA,High,0.9162,0.0446,0.0392,91.6,High Risk,238.93073861668967,71280.0,42,42.0,2,0.0,0.0,0.0,1.0,High Frequency Buyers,22.0,1.0,RETAIL,0.0,238.93073861668967,0.0,0.0
19954000013243,12631,Assam Rosewood Trading,SRI LANKA,High,0.9035,0.005,0.0915,90.4,High Risk,667.9598685077195,199272.0,42,42.0,1,0.0,0.0,0.0,1.0,High Frequency Buyers,29.0,1.0,RETAIL,0.0,667.9598685077195,0.0,0.0
19963000003190,12342,TeaLeaf Hibiscus Distributors BC5,MALTA,High,0.712,0.0157,0.2723,71.2,High Risk,13476.83,4000192.7,50,50.0,1,1.0,0.0,0.0,4.0,High Value One-Off,170.0,3.0,FOOD SERVICE,0.0,13476.83,0.0,0.0
