customerid,cuscode,invoice_count,total_outstanding_usd,total_outstanding_lkr,avg_overdue_days,max_overdue_days,num_overdue_invoices,pct_overdue_invoices,avg_invoice_value_usd,outstanding_0_30,outstanding_31_60,outstanding_61_90,outstanding_91_plus,receipt_count,unapplied_credit_abs,has_unapplied_receipt,debit_note_count,total_debit_note_usd,credit_note_count,total_credit_note_usd,receipt_to_invoice_ratio,customer,country,behaviour_cluster,cluster_name,total_sales_value,avg_invoice_value,active_months,recency_days,purchase_frequency,relationship_years,unique_products,unique_categories,category_concentration,top_category,risk_band,risk_band_encoded
1002010000765,12856,2,938.9137293418707,280000.0,22.5,45,1,0.5,469.4568646709354,563.235411951386,375.6783173904847,0.0,0.0,0.0,0.0,0.0,0.0,0.0,0.0,0.0,0.0,Darjeeling Cedar Exports 3E9,SRI LANKA,1.0,High Frequency Buyers,237288.13,118644.065,2.0,120.0,1.0,0.15,1.0,1.0,1.0,GLOBAL,Medium,2
1002880000733,12874,2,1377.7820425247908,410640.0,11.5,23,1,0.5,688.8910212623954,1377.7820425247908,0.0,0.0,0.0,0.0,0.0,0.0,0.0,0.0,0.0,0.0,0.0,Oolong Ivy Imports,SRI LANKA,1.0,High Frequency Buyers,348000.0,174000.0,2.0,125.0,1.0,0.08,1.0,1.0,1.0,GLOBAL,Medium,2
10031000009075,12275,20,15087.481798820289,4498753.0,6.95,23,11,0.55,754.3740899410144,15087.481798820289,0.0,0.0,0.0,2.0,250000.0,1.0,0.0,0.0,0.0,0.0,0.1,Matcha Sage Distributors 829,SRI LANKA,4.0,High Value One-Off,56883440.03,38881.367074504444,43.0,112.0,5.116,4.23,111.0,2.0,0.5,RETAIL,Medium,2
10032000007593,12702,3,563.0198837406206,167078.3,90.0,114,3,1.0,187.67329458020686,0.0,0.0,433.0125853020942,130.0072984385263,1.0,100000.0,1.0,0.0,0.0,0.0,0.0,0.3333333333333333,Sencha Bamboo Tea Co. AEF,SRI LANKA,1.0,High Frequency Buyers,576583.33,52416.66636363636,8.0,186.0,1.375,0.68,2.0,1.0,1.0,GLOBAL,High,0
10048000003503,12343,2,185.5,58385.3,673.0,772,2,1.0,92.75,0.0,0.0,0.0,185.5,0.0,0.0,0.0,0.0,0.0,0.0,0.0,0.0,Herbal Sage Imports,KAZAKHSTAN,4.0,High Value One-Off,222793.38,5181.241395348838,3.0,825.0,1.0,1.18,21.0,2.0,0.5,RETAIL,High,0
1020110002456,12866,1,61.2027421480609,18166.1,31.0,31,1,1.0,61.2027421480609,0.0,61.2027421480609,0.0,0.0,1.0,15395.0,1.0,0.0,0.0,0.0,0.0,1.0,White Pearl Maple Beverages E36,SRI LANKA,0.0,No Sales History,0.0,0.0,0.0,0.0,0.0,0.0,0.0,0.0,0.0,Unknown,High,0
10245000004714,12261,2,51.0,14720.0,264.5,301,2,1.0,25.5,0.0,0.0,0.0,51.0,0.0,0.0,0.0,0.0,0.0,0.0,0.0,0.0,Assam Cedar Distributors,MOROCCO,4.0,High Value One-Off,130689.92,1866.998857142857,4.0,336.0,1.0,2.9,33.0,2.0,0.5,FOOD SERVICE,High,0
1026660000573,12857,1,16.26006992835847,4850.0,6.0,6,1,1.0,16.26006992835847,16.26006992835847,0.0,0.0,0.0,0.0,0.0,0.0,0.0,0.0,0.0,0.0,0.0,White Pearl Hibiscus Tea Works CBD,SRI LANKA,1.0,High Frequency Buyers,39600.0,19800.0,2.0,120.0,1.0,0.15,2.0,1.0,1.0,GLOBAL,High,0
10271000007691,12588,9,2457.401415141428,732682.1000000001,52.666666666666664,131,8,0.8889,273.0446016823809,1200.586719904853,1032.3306935557048,74.69580362970432,149.78819805116595,0.0,0.0,0.0,0.0,0.0,0.0,0.0,0.0,TeaLeaf Magnolia Imports D1A,SRI LANKA,0.0,No Sales History,0.0,0.0,0.0,0.0,0.0,0.0,0.0,0.0,0.0,Unknown,High,0
10271000007704,12589,3,75686.9,22612355.5,138.0,242,3,1.0,25228.966666666664,75536.9,0.0,0.0,150.0,2.0,46860.0,1.0,0.0,0.0,0.0,0.0,0.6666666666666666,Ceylon Bamboo Imports,SAUDI ARABIA,4.0,High Value One-Off,371131.74,37113.174,4.0,112.0,1.5,1.57,3.0,2.0,0.5,BULK,High,0
10283000001926,12416,58,48765.36,14365693.3,217.93103448275863,1126,55,0.9483,840.7820689655173,15530.0,1387.5,7527.66,24320.2,0.0,0.0,0.0,0.0,0.0,0.0,0.0,0.0,Assam Palm Tea Co. 650,SRI LANKA,4.0,High Value One-Off,160536.96,283.6342049469965,35.0,103.0,5.514,3.27,115.0,2.0,0.5,FOOD SERVICE,High,0
10299000004832,12569,7,1196.8271862760705,357090.8,29.285714285714285,66,6,0.8571,170.97531232515294,911.9171765259538,282.7877716231116,2.122238127005093,0.0,0.0,0.0,0.0,0.0,0.0,0.0,0.0,0.0,White Pearl Cedar Trading 0AB,SRI LANKA,0.0,No Sales History,0.0,0.0,0.0,0.0,0.0,0.0,0.0,0.0,0.0,Unknown,High,0
10299000004845,12570,6,182307.56,54462662.0,225.16666666666666,346,6,1.0,30384.593333333334,181798.0,0.0,0.0,509.5599999999977,0.0,0.0,0.0,0.0,0.0,0.0,0.0,0.0,TeaLeaf Rosewood Imports,IRAN,1.0,High Frequency Buyers,871120.8,87112.08,4.0,105.0,2.5,1.66,3.0,1.0,1.0,BULK,High,0
10305000000020,11773,25,27787.63114343163,8250030.100000001,114.56,463,15,0.6,1111.505245737265,20208.088889332765,1142.0707578756405,139.3233918041393,6298.148104419084,4.0,912346.37,1.0,0.0,0.0,0.0,0.0,0.16,Assam Lotus Holdings 87E,SRI LANKA,3.0,Strategic High-Value,160667764.94,26464.79409323011,90.0,103.0,7.2,7.42,61.0,1.0,1.0,RETAIL,High,0
10305000000053,11774,1,63525.48,18749812.2,0.0,0,0,0.0,63525.48,63525.48,0.0,0.0,0.0,0.0,0.0,0.0,0.0,0.0,0.0,0.0,0.0,Darjeeling Hibiscus Holdings,UKRAINE,4.0,High Value One-Off,1891063.72,3867.2059713701433,27.0,97.0,1.222,6.37,62.0,3.0,0.3333,RETAIL,Low,1
10378000012413,12602,35,11830.967954036083,3482703.9,130.6,218,32,0.9143,338.0276558296024,1419.76343863231,0.0,878.0745492920053,9533.129966111768,0.0,0.0,0.0,0.0,0.0,0.0,0.0,0.0,Assam Maple Beverages 6FD,SRI LANKA,4.0,High Value One-Off,10197671.77,36814.69953068592,21.0,103.0,6.571,1.66,47.0,2.0,0.5,FOOD SERVICE,High,0
10382000006095,12412,1,6621.857641391472,1975320.0,59.0,59,1,1.0,6621.857641391472,0.0,6621.857641391472,0.0,0.0,0.0,0.0,0.0,0.0,0.0,0.0,0.0,0.0,Oolong Clover Distributors 327,SRI LANKA,3.0,Strategic High-Value,16027366.8,1001710.425,12.0,173.0,1.333,3.17,2.0,1.0,1.0,GLOBAL,High,0
10417000006401,12406,3,651.8288586562142,194550.0,28.0,58,2,0.6667,217.27628621873805,434.4516181370966,217.3772405191176,0.0,0.0,0.0,0.0,0.0,0.0,0.0,0.0,0.0,0.0,Ceylon Clover Tea Co.,SRI LANKA,3.0,Strategic High-Value,1805600.04,34723.07769230769,30.0,112.0,1.333,3.36,9.0,1.0,1.0,GLOBAL,Medium,2
10421000009863,12413,2,238.6762609735948,71325.0,29.0,58,1,0.5,119.3381304867974,224.4302583181399,14.24600265545489,0.0,0.0,0.0,0.0,0.0,0.0,0.0,0.0,0.0,0.0,Oolong Clover Exports,SRI LANKA,3.0,Strategic High-Value,377070.0,12163.548387096775,8.0,113.0,1.125,3.33,21.0,1.0,1.0,GLOBAL,Medium,2
10474000005455,12651,3,818.5277200922361,241950.0,81.66666666666667,119,3,1.0,272.8425733640787,0.0,201.4232567320688,202.7982096974048,414.3062536627625,1.0,2399.989999999998,1.0,0.0,0.0,0.0,0.0,0.3333333333333333,Black Gold Bamboo Tea Works E78,SRI LANKA,1.0,High Frequency Buyers,2039449.22,61801.491515151516,10.0,182.0,3.0,1.04,4.0,1.0,1.0,GLOBAL,High,0
10494000009817,12349,3,1028.6599999999962,322805.4,820.0,1135,3,1.0,342.8866666666654,0.0,0.0,0.0,1028.6599999999962,0.0,0.0,0.0,0.0,0.0,0.0,0.0,0.0,Matcha Fern Tea Works,ALGERIA,4.0,High Value One-Off,391901.37,7257.432777777778,7.0,517.0,1.0,2.52,27.0,2.0,0.5,RETAIL,High,0
10498000001000,12052,1,0.0093657425969986,1.8,1653.0,1653,1,1.0,0.0093657425969986,0.0,0.0,0.0,0.0093657425969986,1.0,14.81999999994878,1.0,0.0,0.0,0.0,0.0,1.0,Ceylon Cedar Beverages BBD,SRI LANKA,1.0,High Frequency Buyers,19742496.21,29867.619077155825,21.0,1314.0,3.286,2.34,158.0,1.0,1.0,GLOBAL,High,0
1050010000965,12894,1,1648.735372471567,491520.0,0.0,0,0,0.0,1648.735372471567,1648.735372471567,0.0,0.0,0.0,0.0,0.0,0.0,0.0,0.0,0.0,0.0,0.0,Oolong Fern Imports 19B,SRI LANKA,1.0,High Frequency Buyers,491520.0,491520.0,1.0,127.0,1.0,0.0,1.0,1.0,1.0,GLOBAL,Low,1
10506000000393,11939,666,573942.0738823335,169639062.9,39.133633633633636,137,386,0.5796,861.7748857092095,300248.80665478285,88481.12054277421,35364.904168670284,149847.24251610608,4.0,25.74000000009255,1.0,0.0,0.0,0.0,0.0,0.006006006006006006,Assam Lotus Exports C29,SRI LANKA,0.0,Loyal Medium Buyers,1182429024.25,17887.67566146771,72.0,101.0,70.472,6.21,339.0,1.0,1.0,GLOBAL,High,0
10506000000418,11940,2,999.368270864427,298104.0,0.0,0,0,0.0,499.6841354322135,999.368270864427,0.0,0.0,0.0,1.0,1310.400000000001,1.0,0.0,0.0,0.0,0.0,0.5,Golden Bud Willow Beverages 06D,SRI LANKA,3.0,Strategic High-Value,1420816.09,8260.558662790698,16.0,134.0,1.438,6.45,34.0,1.0,1.0,RETAIL,Low,1
10506000000444,11941,14,4145.264128412495,1236763.4,10.0,50,6,0.4286,296.0902948866068,3303.2780645943076,841.9860638181873,0.0,0.0,1.0,4308.0,1.0,0.0,0.0,0.0,0.0,0.07142857142857142,Golden Bud Sage Tea Works,SRI LANKA,4.0,High Value One-Off,9071991.2,23083.947073791347,68.0,103.0,2.926,6.5,23.0,2.0,0.5,RETAIL,Medium,2
10551000004232,12548,7,2004.3813560922483,597375.0,12.285714285714286,25,4,0.5714,286.34019372746405,2004.3813560922483,0.0,0.0,0.0,0.0,0.0,0.0,0.0,0.0,0.0,0.0,0.0,TeaLeaf Sage Tea Works,SRI LANKA,4.0,High Value One-Off,5570000.0,60543.47826086957,25.0,125.0,3.6,2.02,2.0,2.0,0.5,RETAIL,Medium,2
10580000009258,12176,2,125095.74,37313198.1,0.0,0,0,0.0,62547.87,125095.74,0.0,0.0,0.0,0.0,0.0,0.0,0.0,0.0,0.0,0.0,0.0,Ceylon Orchid Exports,TRINIDAD AND TOBAGO,4.0,High Value One-Off,2913674.35,4482.575923076924,29.0,92.0,1.172,4.82,83.0,2.0,0.5,RETAIL,Low,1
10636000003707,12549,1,219.7440400229058,65657.1,0.0,0,0,0.0,219.7440400229058,219.7440400229058,0.0,0.0,0.0,1.0,899.989999999998,1.0,0.0,0.0,0.0,0.0,1.0,White Pearl Willow Distributors 562,SRI LANKA,4.0,High Value One-Off,340319.64,6421.125283018868,15.0,103.0,1.067,1.99,11.0,3.0,0.3333,RETAIL,Low,1
1074010000609,12828,5,767.1036622035451,228913.0,14.6,73,1,0.2,153.42073244070903,767.0996959916031,0.0,0.0039662119421565,0.0,0.0,0.0,0.0,0.0,0.0,0.0,0.0,0.0,Herbal Ivy Tea Works A65,SRI LANKA,4.0,High Value One-Off,617023.71,7617.576666666666,4.0,113.0,2.75,0.29,30.0,2.0,0.5,RETAIL,Medium,2
1074770000098,12754,17,6970.109499774532,2076064.6,47.23529411764706,108,16,0.9412,410.0064411632078,3089.159447839912,2199.8863633471724,1664.0068716786807,17.056816908767207,0.0,0.0,0.0,0.0,0.0,0.0,0.0,0.0,Black Gold Cedar Tea Co.,SRI LANKA,0.0,No Sales History,0.0,0.0,0.0,0.0,0.0,0.0,0.0,0.0,0.0,Unknown,High,0
10801000003559,12388,1,0.2468751184602383,77.5,883.0,883,1,1.0,0.2468751184602383,0.0,0.0,0.0,0.2468751184602383,0.0,0.0,0.0,0.0,0.0,0.0,0.0,0.0,Assam Clover Holdings ECC,SRI LANKA,1.0,High Frequency Buyers,253630.0,63407.5,2.0,997.0,1.0,1.1,2.0,1.0,1.0,GLOBAL,High,0
1083330000215,12744,3,257.5977328574029,76700.0,20.0,38,2,0.6667,85.86591095246763,158.41533205157108,99.1824008058318,0.0,0.0,1.0,23600.0,1.0,0.0,0.0,0.0,0.0,0.3333333333333333,Silver Tip Clover Imports,SRI LANKA,4.0,High Value One-Off,240000.0,10434.782608695652,8.0,124.0,1.625,0.74,2.0,2.0,0.5,GLOBAL,Medium,2
10902000007919,12240,13,562.5260747015046,167485.1,56.69230769230769,114,12,0.9231,43.271236515500355,254.78649940221575,137.857242201612,148.47764933046315,21.4046837672137,0.0,0.0,0.0,0.0,0.0,0.0,0.0,0.0,Assam Maple Tea Co.,SRI LANKA,0.0,No Sales History,0.0,0.0,0.0,0.0,0.0,0.0,0.0,0.0,0.0,Unknown,High,0
10913000004042,12648,3,30990.15,9241777.1,165.0,349,2,0.6667,10330.050000000001,30905.15,0.0,0.0,85.0,0.0,0.0,0.0,0.0,0.0,0.0,0.0,0.0,Darjeeling Bamboo Holdings,CAMBODIA,4.0,High Value One-Off,141742.35,1254.3570796460178,4.0,123.0,1.25,1.11,57.0,2.0,0.5,FOOD SERVICE,High,0
1096990001001,12804,1,4.570216811085518,1350.0,133.0,133,1,1.0,4.570216811085518,0.0,0.0,0.0,4.570216811085518,0.0,0.0,0.0,0.0,0.0,0.0,0.0,0.0,Assam Rosewood Tea Works,SRI LANKA,1.0,High Frequency Buyers,77415.25,77415.25,1.0,263.0,1.0,0.0,1.0,1.0,1.0,RETAIL,High,0
11031000007557,12636,1,404.6392220137207,120000.0,80.0,80,1,1.0,404.6392220137207,0.0,0.0,404.6392220137207,0.0,1.0,974.989999999998,1.0,0.0,0.0,0.0,0.0,1.0,Silver Tip Hibiscus Imports,SRI LANKA,1.0,High Frequency Buyers,664237.3,94891.04285714286,5.0,210.0,1.4,1.0,1.0,1.0,1.0,GLOBAL,High,0
11046000000708,11902,1,0.0114498063187259,3.4,512.0,512,1,1.0,0.0114498063187259,0.0,0.0,0.0,0.0114498063187259,2.0,3744.0,1.0,0.0,0.0,0.0,0.0,2.0,TeaLeaf Magnolia Tea Co.,SRI LANKA,4.0,High Value One-Off,395731.38,4397.015333333334,33.0,526.0,1.455,5.66,23.0,2.0,0.5,FOOD SERVICE,High,0
11055000004922,12681,1,19.74802193436226,5900.0,0.0,0,0,0.0,19.74802193436226,19.74802193436226,0.0,0.0,0.0,0.0,0.0,0.0,0.0,0.0,0.0,0.0,0.0,Sencha Lotus Holdings,SRI LANKA,4.0,High Value One-Off,28711.86,4785.31,4.0,117.0,1.0,0.93,3.0,2.0,0.5,RETAIL,Low,1
11062000009989,12531,39,61446.15817637359,18192318.7,94.33333333333333,438,38,0.9744,1575.5425173429126,13490.145775652774,9155.969971233655,9195.982824792352,29604.05960469481,0.0,0.0,0.0,0.0,0.0,0.0,0.0,0.0,Darjeeling Hibiscus Beverages D38,SRI LANKA,0.0,No Sales History,0.0,0.0,0.0,0.0,0.0,0.0,0.0,0.0,0.0,Unknown,High,0
11082000004726,12407,4,1750.945662339649,516840.0,61.0,161,2,0.5,437.73641558491227,442.85779194342933,0.0,887.536074363841,420.5517960323789,0.0,0.0,0.0,0.0,0.0,0.0,0.0,0.0,Darjeeling Clover Tea Co.,SRI LANKA,4.0,High Value One-Off,7100651.36,36982.559166666666,36.0,111.0,2.722,3.21,20.0,3.0,0.3333,FOOD SERVICE,High,0
1110220000221,12778,7,1016.8233946314074,302670.0,19.285714285714285,71,4,0.5714,145.2604849473439,772.0661710030126,99.1824008058318,145.574822822563,0.0,0.0,0.0,0.0,0.0,0.0,0.0,0.0,0.0,Oolong Palm Beverages,SRI LANKA,4.0,High Value One-Off,791000.0,19292.682926829268,7.0,105.0,2.286,0.64,7.0,2.0,0.5,FOOD SERVICE,Medium,2
11155000005789,12483,6,5480.570299732274,1619335.2,255.66666666666666,450,6,1.0,913.4283832887123,0.0,1254.836262570657,0.0,4225.734037161617,0.0,0.0,0.0,0.0,0.0,0.0,0.0,0.0,Herbal Bamboo Distributors,SRI LANKA,3.0,Strategic High-Value,2465613.72,88057.63285714286,15.0,151.0,1.267,2.5,3.0,1.0,1.0,GLOBAL,High,0
11171000004745,12543,5,3321.282794613921,991404.0,156.0,688,5,1.0,664.2565589227842,3290.202013361165,0.0,0.0,31.08078125275601,0.0,0.0,0.0,0.0,0.0,0.0,0.0,0.0,Oolong Rosewood Tea Co.,SRI LANKA,1.0,High Frequency Buyers,991404.0,198280.8,2.0,130.0,2.5,1.84,2.0,1.0,1.0,GLOBAL,High,0
11190000000069,11813,21,19889.972421935334,5904709.3,76.0952380952381,213,18,0.8571,947.1415439016826,6926.378414970706,2860.354235404357,3837.5239892476866,6265.715782312586,0.0,0.0,0.0,0.0,0.0,0.0,0.0,0.0,White Pearl Sage Exports 361,SRI LANKA,0.0,No Sales History,0.0,0.0,0.0,0.0,0.0,0.0,0.0,0.0,0.0,Unknown,High,0
11221000007188,12563,1,219.5657559213197,65500.0,11.0,11,1,1.0,219.5657559213197,219.5657559213197,0.0,0.0,0.0,0.0,0.0,0.0,0.0,0.0,0.0,0.0,0.0,White Pearl Lotus Tea Co.,SRI LANKA,1.0,High Frequency Buyers,530350.01,25254.762380952383,3.0,125.0,1.0,1.93,18.0,1.0,1.0,GLOBAL,High,0
11241000012993,12603,2,97.20112173536447,28910.0,252.5,505,1,0.5,48.60056086768223,58.05918448702505,0.0,0.0,39.14193724833942,0.0,0.0,0.0,0.0,0.0,0.0,0.0,0.0,Matcha Cedar Imports B08,SRI LANKA,3.0,Strategic High-Value,279600.0,12709.09090909091,16.0,117.0,1.25,1.58,2.0,1.0,1.0,FOOD SERVICE,High,0
11245000000077,11779,2,396.0893358657635,118000.0,16.0,32,1,0.5,198.04466793288174,197.4698423387391,198.6194935270244,0.0,0.0,1.0,2450.0,1.0,0.0,0.0,0.0,0.0,0.5,Darjeeling Magnolia Trading,SRI LANKA,4.0,High Value One-Off,1611740.0,11270.90909090909,65.0,109.0,1.585,7.43,8.0,3.0,0.3333,FOOD SERVICE,Medium,2
11245000000085,11780,3,376.3381067173004,112255.9,3.0,9,1,0.3333,125.44603557243346,376.3381067173004,0.0,0.0,0.0,0.0,0.0,0.0,0.0,0.0,0.0,0.0,0.0,Silver Tip Magnolia Imports,SRI LANKA,4.0,High Value One-Off,3931978.07,17791.75597285068,72.0,125.0,1.653,7.38,10.0,2.0,0.5,RETAIL,Medium,2
1125330000162,12751,2,259.0863012525208,77290.0,23.5,39,2,1.0,129.5431506262604,139.374561889074,119.7117393634468,0.0,0.0,0.0,0.0,0.0,0.0,0.0,0.0,0.0,0.0,Assam Rosewood Imports,SRI LANKA,4.0,High Value One-Off,75500.0,8388.888888888889,3.0,138.0,1.0,0.4,4.0,2.0,0.5,FOOD SERVICE,High,0
11268000005598,12421,3,262.2803526603622,78275.0,38.666666666666664,58,2,0.6667,87.42678422012074,66.10451609318629,196.17583656717593,0.0,0.0,0.0,0.0,0.0,0.0,0.0,0.0,0.0,0.0,Matcha Maple Tea Co. FC9,SRI LANKA,3.0,Strategic High-Value,285845.0,12428.04347826087,7.0,112.0,1.143,3.27,14.0,1.0,1.0,GLOBAL,Medium,2
11270000007257,12678,1,530.2598340313741,157600.0,37.0,37,1,1.0,530.2598340313741,0.0,530.2598340313741,0.0,0.0,0.0,0.0,0.0,0.0,0.0,0.0,0.0,0.0,Golden Bud Palm Imports 1CE,SRI LANKA,1.0,High Frequency Buyers,504237.29000000004,126059.32250000001,3.0,167.0,1.333,0.85,1.0,1.0,1.0,GLOBAL,High,0
11287000004415,12505,6,2132.0620546482214,630269.6,249.5,475,6,1.0,355.34367577470357,1170.685877029534,0.0,0.0,961.3761776186875,0.0,0.0,0.0,0.0,0.0,2.0,-24.267750191499342,0.0,GreenLeaf Rosewood Holdings,SRI LANKA,3.0,Strategic High-Value,3567742.5,127419.375,17.0,112.0,1.529,2.5,4.0,1.0,1.0,GLOBAL,High,0
1147440000662,12901,1,107.2827536812118,31995.0,23.0,23,1,1.0,107.2827536812118,107.2827536812118,0.0,0.0,0.0,0.0,0.0,0.0,0.0,0.0,0.0,0.0,0.0,Matcha Palm Holdings CF6,SRI LANKA,1.0,High Frequency Buyers,31995.0,15997.5,1.0,123.0,1.0,0.0,2.0,1.0,1.0,GLOBAL,High,0
11514000002292,12293,5,1468.5548116879195,433650.0,119.2,325,4,0.8,293.7109623375839,548.3651197162744,0.0,0.0,920.1896919716452,0.0,0.0,0.0,0.0,0.0,0.0,0.0,0.0,Sencha Fern Imports,SRI LANKA,4.0,High Value One-Off,6577020.45,29361.6984375,40.0,124.0,2.35,3.95,45.0,3.0,0.3333,FOOD SERVICE,High,0
11516000008649,12055,4,10351.282243941267,3050325.0,464.75,618,4,1.0,2587.8205609853167,0.0,0.0,0.0,10351.282243941267,1.0,291308.82,1.0,0.0,0.0,0.0,0.0,0.25,White Pearl Fern Exports 033,SRI LANKA,4.0,High Value One-Off,3912259.75,100314.35256410256,8.0,140.0,1.25,3.12,17.0,3.0,0.3333,RETAIL,High,0
1157550000792,12830,1,175.4276216744355,52320.0,0.0,0,0,0.0,175.4276216744355,175.4276216744355,0.0,0.0,0.0,0.0,0.0,0.0,0.0,0.0,0.0,0.0,0.0,GreenLeaf Cedar Exports,SRI LANKA,1.0,High Frequency Buyers,279783.07,6823.9773170731705,4.0,139.0,1.0,0.21,18.0,1.0,1.0,RETAIL,Low,1
11585000014254,12664,1,724.9343065103712,215350.0,63.0,63,1,1.0,724.9343065103712,0.0,0.0,724.9343065103712,0.0,0.0,0.0,0.0,0.0,0.0,0.0,0.0,0.0,Darjeeling Rosewood Tea Works 5AA,SRI LANKA,1.0,High Frequency Buyers,2608500.0,434750.0,5.0,153.0,1.0,0.98,6.0,1.0,1.0,GLOBAL,High,0
11675000000069,11787,7,11079.301270907052,3308661.9,8.0,28,2,0.2857,1582.7573244152932,11079.301270907052,0.0,0.0,0.0,0.0,0.0,0.0,0.0,0.0,0.0,0.0,0.0,Assam Magnolia Imports B30,SRI LANKA,4.0,High Value One-Off,53445739.32,41656.850600155885,84.0,112.0,2.488,7.42,74.0,2.0,0.5,RETAIL,Low,1
11675000000085,11789,1,86.03820947999263,25665.0,0.0,0,0,0.0,86.03820947999263,86.03820947999263,0.0,0.0,0.0,0.0,0.0,0.0,0.0,0.0,0.0,0.0,0.0,Herbal Magnolia Imports,SRI LANKA,4.0,High Value One-Off,273600.0,5583.673469387755,19.0,124.0,1.053,4.68,8.0,2.0,0.5,FOOD SERVICE,Low,1
1185990000414,12790,1,59.22348970899852,17700.0,0.0,0,0,0.0,59.22348970899852,59.22348970899852,0.0,0.0,0.0,0.0,0.0,0.0,0.0,0.0,0.0,0.0,0.0,Black Gold Ivy Tea Co.,SRI LANKA,4.0,High Value One-Off,40000.0,5000.0,3.0,113.0,1.0,0.57,3.0,2.0,0.5,FOOD SERVICE,Low,1
1187880000500,12763,1,117.0090143443751,34220.0,254.0,254,1,1.0,117.0090143443751,0.0,0.0,0.0,117.0090143443751,0.0,0.0,0.0,0.0,0.0,0.0,0.0,0.0,Herbal Clover Trading,SRI LANKA,1.0,High Frequency Buyers,136440.8,45480.26666666666,2.0,236.0,1.0,0.32,3.0,1.0,1.0,GLOBAL,High,0
11888000010991,12637,1,41.48567017066054,12381.0,0.0,0,0,0.0,41.48567017066054,41.48567017066054,0.0,0.0,0.0,0.0,0.0,0.0,0.0,0.0,0.0,0.0,0.0,GreenLeaf Lotus Tea Works,SRI LANKA,4.0,High Value One-Off,134056.95,5362.278,7.0,138.0,1.143,1.25,15.0,3.0,0.3333,FOOD SERVICE,Low,1
1194330000154,12721,1,482.3701169867026,143808.0,18.0,18,1,1.0,482.3701169867026,482.3701169867026,0.0,0.0,0.0,0.0,0.0,0.0,0.0,0.0,0.0,0.0,0.0,Ceylon Maple Tea Co.,SRI LANKA,1.0,High Frequency Buyers,485450.88,12447.458461538461,5.0,148.0,1.0,0.7,15.0,1.0,1.0,RETAIL,High,0
11945000001824,12031,3,90342.15,26945358.7,202.66666666666666,451,3,1.0,30114.05,90264.15,0.0,0.0,78.0,0.0,0.0,0.0,0.0,0.0,1.0,-243.6,0.0,Sencha Jasmine Holdings,GEORGIA,4.0,High Value One-Off,550234.26,1815.9546534653466,10.0,133.0,1.0,5.54,55.0,2.0,0.5,RETAIL,High,0
1195110000796,12844,1,47455.89,14165217.8,45.0,45,1,1.0,47455.89,0.0,47455.89,0.0,0.0,1.0,47413.0,1.0,0.0,0.0,0.0,0.0,1.0,Sencha Sage Trading,SYRIA,4.0,High Value One-Off,47455.89,804.3371186440678,1.0,145.0,1.0,0.0,59.0,2.0,0.5,FOOD SERVICE,High,0
11980000004238,12188,4,2263.782852088156,670402.7,27.75,111,1,0.25,565.945713022039,711.6196305483238,0.0,0.0,1552.163221539832,1.0,7232.0,1.0,0.0,0.0,0.0,0.0,0.25,TeaLeaf Jasmine Tea Co.,SRI LANKA,4.0,High Value One-Off,8076235.62,34366.96008510638,53.0,110.0,2.396,4.64,58.0,3.0,0.3333,FOOD SERVICE,High,0
11980000004900,12197,3,118.79296540414647,36639.0,560.6666666666666,609,3,1.0,39.59765513471549,0.0,0.0,0.0,118.79296540414647,0.0,0.0,0.0,0.0,0.0,0.0,0.0,0.0,Silver Tip Orchid Beverages,SRI LANKA,4.0,High Value One-Off,529750.0,11036.458333333334,27.0,650.0,1.667,3.3,10.0,2.0,0.5,RETAIL,High,0
11980000004992,12199,1,3.163030631859718,945.0,17.0,17,1,1.0,3.163030631859718,3.163030631859718,0.0,0.0,0.0,0.0,0.0,0.0,0.0,0.0,0.0,0.0,0.0,Darjeeling Hibiscus Tea Co.,SRI LANKA,4.0,High Value One-Off,1075810.0,21516.2,20.0,117.0,1.05,4.77,9.0,3.0,0.3333,FOOD SERVICE,High,0
11980000005091,12202,1,119704.77,35687331.7,0.0,0,0,0.0,119704.77,119704.77,0.0,0.0,0.0,0.0,0.0,0.0,13.0,51185.65,0.0,0.0,0.0,GreenLeaf Palm Distributors,RUSSIA,3.0,Strategic High-Value,12223308.61,54813.0430941704,40.0,148.0,4.925,4.63,26.0,1.0,1.0,RETAIL,Low,1
12076000007949,12476,178,209648.36469857694,62408147.3,190.63483146067415,588,154,0.8652,1177.7998016773986,37720.21383090983,23810.98397743987,14587.67421693692,133529.49267329034,2.0,414000.0,1.0,0.0,0.0,0.0,0.0,0.011235955056179775,Darjeeling Lotus Trading,SRI LANKA,0.0,Loyal Medium Buyers,171810811.1,31964.802065116277,34.0,103.0,15.529,2.74,513.0,2.0,0.5,RETAIL,High,0
12102000001530,11983,4,141732.83000000002,42258122.2,308.75,621,3,0.75,35433.207500000004,139748.63,0.0,0.0,1984.200000000004,0.0,0.0,0.0,1.0,600.0,1.0,-887.92,0.0,Darjeeling Orchid Distributors 594,SOUTH AFRICA,4.0,High Value One-Off,1217407.31,3043.5182750000004,29.0,89.0,1.207,6.08,82.0,2.0,0.5,RETAIL,High,0
1211550000335,12824,2,100.55077669059226,29970.0,49.5,99,1,0.5,50.27538834529613,79.97528614718932,0.0,0.0,20.57549054340294,0.0,0.0,0.0,0.0,0.0,0.0,0.0,0.0,Oolong Maple Beverages 63F,SRI LANKA,1.0,High Frequency Buyers,54000.0,27000.0,2.0,109.0,1.0,0.33,1.0,1.0,1.0,RETAIL,High,0
12118000005868,12209,2,180.11418894851317,53690.0,44.5,51,2,1.0,90.05709447425659,0.0,180.11418894851317,0.0,0.0,0.0,0.0,0.0,0.0,0.0,0.0,0.0,0.0,Herbal Sage Exports,SRI LANKA,4.0,High Value One-Off,324100.0,8102.5,15.0,138.0,1.133,4.65,8.0,2.0,0.5,FOOD SERVICE,High,0
1212660000541,12791,2,398.6523304499592,119000.0,12.5,25,1,0.5,199.3261652249796,398.6523304499592,0.0,0.0,0.0,0.0,0.0,0.0,0.0,0.0,0.0,0.0,0.0,TeaLeaf Fern Tea Co.,SRI LANKA,1.0,High Frequency Buyers,585500.0,24395.833333333332,6.0,112.0,2.167,0.52,17.0,1.0,1.0,GLOBAL,Medium,2
12141000008288,12474,2,91.0599999999904,27611.0,522.0,916,2,1.0,45.5299999999952,0.0,0.0,0.0,91.0599999999904,0.0,0.0,0.0,0.0,0.0,0.0,0.0,0.0,Silver Tip Lotus Tea Co.,NORTH CYPRUS,1.0,High Frequency Buyers,93380.1,2523.786486486487,2.0,235.0,1.0,2.14,36.0,1.0,1.0,RETAIL,High,0
12190000002292,12446,1,231.9518000102113,68600.0,103.0,103,1,1.0,231.9518000102113,0.0,0.0,0.0,231.9518000102113,1.0,7900.0,1.0,0.0,0.0,0.0,0.0,1.0,Darjeeling Clover Beverages ACC,SRI LANKA,3.0,Strategic High-Value,423124.94,8815.102916666667,7.0,217.0,1.286,2.68,17.0,1.0,1.0,GLOBAL,High,0
12192000000556,11904,3,476.2175169305818,142100.0,18.666666666666668,30,2,0.6667,158.73917231019394,476.2175169305818,0.0,0.0,0.0,1.0,2062.5,1.0,0.0,0.0,0.0,0.0,0.3333333333333333,Ceylon Rosewood Holdings F7A,SRI LANKA,3.0,Strategic High-Value,367600.0,33418.181818181816,6.0,113.0,1.5,6.82,7.0,1.0,1.0,GLOBAL,Medium,2
1221660000514,12825,1,1008.854717858645,300000.0,65.0,65,1,1.0,1008.854717858645,0.0,0.0,1008.854717858645,0.0,0.0,0.0,0.0,0.0,0.0,0.0,0.0,0.0,Sencha Rosewood Tea Works C6E,SRI LANKA,1.0,High Frequency Buyers,701694.92,233898.30666666667,2.0,195.0,1.0,0.07,2.0,1.0,1.0,GLOBAL,High,0
12254000001902,12435,2,48336.869999999995,14424531.2,0.0,0,0,0.0,24168.434999999998,48336.869999999995,0.0,0.0,0.0,0.0,0.0,0.0,0.0,0.0,0.0,0.0,0.0,Matcha Rosewood Trading,KUWAIT,4.0,High Value One-Off,447967.5,1599.8839285714287,17.0,110.0,1.059,2.98,44.0,2.0,0.5,FOOD SERVICE,Low,1
12301000000759,12006,5,4705.913527558898,1401049.0,62.4,114,5,1.0,941.1827055117795,0.0,1983.8196961773788,2309.767483706537,412.3263476749818,1.0,121583.0,1.0,0.0,0.0,0.0,0.0,0.2,White Pearl Maple Imports 0BC,SRI LANKA,3.0,Strategic High-Value,21948899.9,318099.9985507246,29.0,148.0,2.034,5.53,7.0,1.0,1.0,GLOBAL,High,0
12301000000784,12007,18,9689.329602873388,2842307.0,172.55555555555554,230,18,1.0,538.2960890485215,0.0,0.0,0.0,9689.329602873388,0.0,0.0,0.0,0.0,0.0,0.0,0.0,0.0,GreenLeaf Palm Trading,SRI LANKA,3.0,Strategic High-Value,22875009.5,363095.3888888889,33.0,244.0,1.848,5.23,5.0,1.0,1.0,GLOBAL,High,0
1234770000547,12864,6,3249.25513087266,968837.6,11.0,38,3,0.5,541.5425218121101,2657.651946546035,591.6031843266254,0.0,0.0,0.0,0.0,0.0,0.0,0.0,0.0,0.0,0.0,GreenLeaf Clover Distributors,SRI LANKA,1.0,High Frequency Buyers,821048.8300000001,32841.9532,3.0,105.0,2.0,0.17,18.0,1.0,1.0,RETAIL,Medium,2
12450000008544,12580,3,379.3066433331125,113326.4,44.666666666666664,129,2,0.6667,126.43554777770417,378.4230651986178,0.0,0.0,0.8835781344947009,0.0,0.0,0.0,0.0,0.0,0.0,0.0,0.0,Silver Tip Bamboo Tea Works 040,SRI LANKA,0.0,No Sales History,0.0,0.0,0.0,0.0,0.0,0.0,0.0,0.0,0.0,Unknown,High,0
12470000005321,12203,1,19.85860672015252,5900.0,66.0,66,1,1.0,19.85860672015252,0.0,0.0,19.85860672015252,0.0,0.0,0.0,0.0,0.0,0.0,0.0,0.0,0.0,Assam Fern Trading,SRI LANKA,4.0,High Value One-Off,100000.0,7692.307692307692,13.0,166.0,1.0,4.64,3.0,2.0,0.5,FOOD SERVICE,High,0
1247440001042,12877,2,687.2451326282534,205000.0,4.0,4,2,1.0,343.6225663141267,687.2451326282534,0.0,0.0,0.0,0.0,0.0,0.0,0.0,0.0,0.0,0.0,0.0,Assam Palm Holdings,SRI LANKA,1.0,High Frequency Buyers,173728.82,57909.60666666667,1.0,134.0,2.0,0.0,2.0,1.0,1.0,GLOBAL,High,0
1258220000230,12725,2,316.96588445130493,94400.0,16.0,32,1,0.5,158.48294222565247,207.7251630114415,109.2407214398634,0.0,0.0,0.0,0.0,0.0,0.0,0.0,0.0,0.0,0.0,Silver Tip Cedar Exports CF2,SRI LANKA,4.0,High Value One-Off,387000.0,20368.42105263158,6.0,123.0,1.333,0.63,6.0,2.0,0.5,FOOD SERVICE,Medium,2
12634000002450,12218,8,517.5456527194046,152904.0,188.0,452,6,0.75,64.69320658992558,138.0366325318633,98.56722573752592,0.0,280.94179445001544,0.0,0.0,0.0,0.0,0.0,0.0,0.0,0.0,Black Gold Ivy Tea Co. C1A,SRI LANKA,4.0,High Value One-Off,305675.68,14555.984761904761,16.0,124.0,1.062,4.6,3.0,2.0,0.5,RETAIL,High,0
1263990000633,12832,3,930.6355633650769,277000.0,55.666666666666664,86,2,0.6667,310.2118544550256,553.1386933254933,0.0,377.4968700395836,0.0,0.0,0.0,0.0,0.0,0.0,0.0,0.0,0.0,White Pearl Sage Tea Co. B7F,SRI LANKA,1.0,High Frequency Buyers,234745.77000000002,78248.59000000001,2.0,124.0,1.5,0.25,1.0,1.0,1.0,GLOBAL,Medium,2
12641000000163,11952,1,6577.31,1923574.4,247.0,247,1,1.0,6577.31,0.0,0.0,0.0,6577.31,2.0,7083.41,1.0,0.0,0.0,0.0,0.0,2.0,Golden Bud Magnolia Tea Co.,UNITED STATES,4.0,High Value One-Off,302980.65,1870.2509259259261,15.0,82.0,1.2,6.31,60.0,2.0,0.5,RETAIL,High,0
1266990000654,12838,1,102081.5807975798,30450159.7,0.0,0,0,0.0,102081.5807975798,102081.5807975798,0.0,0.0,0.0,0.0,0.0,0.0,0.0,0.0,0.0,0.0,0.0,Ceylon Magnolia Imports E1E,GERMANY,1.0,High Frequency Buyers,84882.11,5305.131875,1.0,134.0,1.0,0.0,16.0,1.0,1.0,RETAIL,Low,1
12674000006383,12665,3,206.016446926893,61124.0,98.33333333333333,239,2,0.6667,68.672148975631,19.74698423387391,154.6128346123105,0.0,31.65662808070858,0.0,0.0,0.0,0.0,0.0,0.0,0.0,0.0,Silver Tip Ivy Imports,SRI LANKA,4.0,High Value One-Off,353820.0,14742.5,9.0,109.0,1.889,1.08,7.0,3.0,0.3333,FOOD SERVICE,High,0
12674000006410,12667,1,39.91999999999825,11705.9,245.0,245,1,1.0,39.91999999999825,0.0,0.0,0.0,39.91999999999825,0.0,0.0,0.0,0.0,0.0,0.0,0.0,0.0,Ceylon Palm Tea Co.,GHANA,4.0,High Value One-Off,37392.0,1289.3793103448277,1.0,351.0,1.0,0.0,29.0,2.0,0.5,RETAIL,High,0
12675000006409,12625,3,3916.637102465749,1169427.2,0.0,0,0,0.0,1305.5457008219164,3916.637102465749,0.0,0.0,0.0,0.0,0.0,0.0,0.0,0.0,0.0,0.0,0.0,Black Gold Clover Tea Co. 236,SRI LANKA,1.0,High Frequency Buyers,4139440.0,376312.7272727273,8.0,103.0,1.375,1.46,4.0,1.0,1.0,GLOBAL,Low,1
1268660000381,12776,9,6766.248357361774,1996986.6,112.55555555555556,224,8,0.8889,751.8053730401971,672.2096949050656,696.4337985516743,1382.8649658848806,4014.7398980201533,0.0,0.0,0.0,0.0,0.0,0.0,0.0,0.0,Darjeeling Lotus Imports ACF,SRI LANKA,0.0,No Sales History,0.0,0.0,0.0,0.0,0.0,0.0,0.0,0.0,0.0,Unknown,High,0
12769000002573,12228,15,7683.708037605982,2291643.5,29.666666666666668,86,12,0.8,512.2472025070655,6015.846368359045,1512.8030979888174,155.0585712581201,0.0,0.0,0.0,0.0,0.0,0.0,0.0,0.0,0.0,Black Gold Palm Distributors F28,SRI LANKA,0.0,No Sales History,0.0,0.0,0.0,0.0,0.0,0.0,0.0,0.0,0.0,Unknown,High,0
12780000004572,12171,1,782.1329931482974,232458.4,29.0,29,1,1.0,782.1329931482974,782.1329931482974,0.0,0.0,0.0,0.0,0.0,0.0,0.0,0.0,0.0,0.0,0.0,Silver Tip Orchid Tea Co.,SRI LANKA,3.0,Strategic High-Value,41198.0,3169.076923076923,5.0,159.0,1.4,4.87,4.0,1.0,1.0,GLOBAL,High,0
12799000003587,12536,4,102.78903727800248,29602.7,207.0,327,3,0.75,25.69725931950062,-10.43733158620446,0.0,0.0,113.22636886420693,0.0,0.0,0.0,4.0,-100.70276814012085,0.0,0.0,0.0,Golden Bud Willow Trading,SRI LANKA,1.0,High Frequency Buyers,55659.4,9276.566666666668,5.0,251.0,1.0,1.7,3.0,1.0,1.0,GLOBAL,High,0
12811000003040,12477,22,17962.96481751983,5352483.5,42.40909090909091,97,22,1.0,816.4984007963559,9033.259630729757,5269.348773172497,2833.872589816773,826.4838238008035,0.0,0.0,0.0,0.0,0.0,0.0,0.0,0.0,TeaLeaf Hibiscus Distributors EB0,SRI LANKA,3.0,Strategic High-Value,42654297.75,448992.60789473687,27.0,112.0,3.481,2.53,5.0,1.0,1.0,GLOBAL,High,0
12856000002033,11969,3,1240.9534807446662,369012.69999999995,34.0,99,2,0.6667,413.6511602482221,794.4063698144914,0.0,0.0,446.5471109301747,0.0,0.0,0.0,0.0,0.0,0.0,0.0,0.0,Silver Tip Ivy Trading,SRI LANKA,4.0,High Value One-Off,6083228.46,28967.75457142857,54.0,117.0,1.5,6.19,14.0,3.0,0.3333,RETAIL,High,0
1292110000847,12880,3,296.5804524373951,88464.0,3.3333333333333335,10,1,0.3333,98.86015081246502,296.5804524373951,0.0,0.0,0.0,0.0,0.0,0.0,0.0,0.0,0.0,0.0,0.0,Assam Jasmine Tea Co. 749,SRI LANKA,4.0,High Value One-Off,74969.5,9371.1875,1.0,123.0,3.0,0.05,6.0,2.0,0.5,FOOD SERVICE,Medium,2
12934000024644,12315,11,3773.535659749156,1128328.2,183.8181818181818,702,8,0.7273,343.04869634083235,3633.5961740172456,0.0,22.3243561919655,117.61512953994463,1.0,6405.619999999995,1.0,0.0,0.0,0.0,0.0,0.09090909090909091,Oolong Palm Beverages C6C,SRI LANKA,4.0,High Value One-Off,15789771.38,27847.92130511464,35.0,112.0,1.629,3.9,22.0,2.0,0.5,RETAIL,High,0
1294440000949,12839,1,50223.45759442698,14979226.6,26.0,26,1,1.0,50223.45759442698,50223.45759442698,0.0,0.0,0.0,0.0,0.0,0.0,0.0,0.0,0.0,0.0,0.0,Silver Tip Cedar Tea Co.,SPAIN,1.0,High Frequency Buyers,42984.7,2865.6466666666665,1.0,126.0,1.0,0.0,15.0,1.0,1.0,FOOD SERVICE,High,0
1299330000284,12792,1,195.7018169527833,58250.0,55.0,55,1,1.0,195.7018169527833,0.0,195.7018169527833,0.0,0.0,0.0,0.0,0.0,0.0,0.0,0.0,0.0,0.0,Matcha Clover Tea Works E25,SRI LANKA,1.0,High Frequency Buyers,1232.0,1232.0,1.0,295.0,1.0,0.0,1.0,1.0,1.0,GLOBAL,High,0
1300770000689,12888,1,14.8,4414.7,34.0,34,1,1.0,14.8,0.0,14.8,0.0,0.0,0.0,0.0,0.0,0.0,0.0,0.0,0.0,0.0,Black Gold Jasmine Imports,LONDON,0.0,No Sales History,0.0,0.0,0.0,0.0,0.0,0.0,0.0,0.0,0.0,Unknown,High,0
1302110000568,12859,1,43.57985001827002,13000.0,43.0,43,1,1.0,43.57985001827002,0.0,43.57985001827002,0.0,0.0,0.0,0.0,0.0,0.0,0.0,0.0,0.0,0.0,White Pearl Cedar Beverages DAA,SRI LANKA,1.0,High Frequency Buyers,11016.95,11016.95,1.0,173.0,1.0,0.0,1.0,1.0,1.0,GLOBAL,High,0
1303770000402,12805,1,178.1165533004561,53100.0,0.0,0,0,0.0,178.1165533004561,178.1165533004561,0.0,0.0,0.0,0.0,0.0,0.0,0.0,0.0,0.0,0.0,0.0,White Pearl Rosewood Imports EF5,SRI LANKA,4.0,High Value One-Off,205750.0,12859.375,4.0,127.0,1.25,0.43,7.0,2.0,0.5,FOOD SERVICE,Low,1
13115000007510,12305,5,894.5361680459705,267000.0,9.6,30,3,0.6,178.9072336091941,894.5361680459705,0.0,0.0,0.0,0.0,0.0,0.0,0.0,0.0,0.0,0.0,0.0,GreenLeaf Lotus Imports 8D5,SRI LANKA,3.0,Strategic High-Value,4789014.9,33964.64468085107,42.0,112.0,2.357,3.97,42.0,1.0,1.0,GLOBAL,Medium,2
13124000002407,12323,25,12147.509974524795,3608719.0,43.52,135,25,1.0,485.90039898099184,6384.271144108063,0.0,0.0,5763.2388304167325,0.0,0.0,0.0,0.0,0.0,0.0,0.0,0.0,Matcha Bamboo Tea Works 6BA,SRI LANKA,3.0,Strategic High-Value,3686234.0,127111.5172413793,6.0,113.0,4.667,3.67,6.0,1.0,1.0,GLOBAL,High,0
1314330000816,12851,1,562.1212582549012,168000.0,0.0,0,0,0.0,562.1212582549012,562.1212582549012,0.0,0.0,0.0,0.0,0.0,0.0,0.0,0.0,0.0,0.0,0.0,Darjeeling Bamboo Tea Co. C33,SRI LANKA,1.0,High Frequency Buyers,590745.76,147686.44,2.0,113.0,2.0,0.19,1.0,1.0,1.0,GLOBAL,Low,1
13146000004027,12276,8,2082.777884534268,621636.1,0.25,1,2,0.25,260.3472355667835,2082.777884534268,0.0,0.0,0.0,0.0,0.0,0.0,0.0,0.0,0.0,0.0,0.0,Oolong Orchid Holdings ED8,SRI LANKA,3.0,Strategic High-Value,9285383.17,9543.045395683454,45.0,102.0,2.489,4.24,44.0,1.0,1.0,RETAIL,Low,1
1315110000818,12881,2,416.99249009825985,124385.0,3.5,4,2,1.0,208.49624504912993,416.99249009825985,0.0,0.0,0.0,0.0,0.0,0.0,0.0,0.0,0.0,0.0,0.0,White Pearl Clover Exports,SRI LANKA,4.0,High Value One-Off,105411.0,15058.714285714286,1.0,133.0,2.0,0.0,7.0,2.0,0.5,RETAIL,High,0
13195000004694,12113,16,2055.5153773819648,610917.0,87.4375,219,15,0.9375,128.4697110863728,777.8489372420705,411.08714738737905,411.31605774905165,455.2632350034638,0.0,0.0,0.0,0.0,0.0,0.0,0.0,0.0,Black Gold Hibiscus Beverages,SRI LANKA,0.0,No Sales History,0.0,0.0,0.0,0.0,0.0,0.0,0.0,0.0,0.0,Unknown,High,0
13254000001405,12009,1,91.781403307995,27075.0,93.0,93,1,1.0,91.781403307995,0.0,0.0,0.0,91.781403307995,1.0,45804.68999999994,1.0,0.0,0.0,0.0,0.0,1.0,Sencha Cedar Trading,SRI LANKA,3.0,Strategic High-Value,3669454.6,79770.75217391305,24.0,202.0,1.417,5.65,14.0,1.0,1.0,GLOBAL,High,0
13259000002536,12131,1,89.63973351439654,26668.0,23.0,23,1,1.0,89.63973351439654,89.63973351439654,0.0,0.0,0.0,0.0,0.0,0.0,0.0,0.0,0.0,0.0,0.0,Ceylon Palm Beverages,SRI LANKA,3.0,Strategic High-Value,2359700.0,50206.382978723406,19.0,153.0,1.474,5.13,18.0,1.0,1.0,GLOBAL,High,0
1327220000070,12759,1,1804.050381551898,539013.8,9.0,9,1,1.0,1804.050381551898,1804.050381551898,0.0,0.0,0.0,2.0,11747.630000000001,1.0,0.0,0.0,0.0,0.0,2.0,Ceylon Hibiscus Distributors 5F0,ITALY,1.0,High Frequency Buyers,13110.0,6555.0,2.0,109.0,1.0,0.04,1.0,1.0,1.0,RETAIL,High,0
13335000001460,11861,9,114067.0193857456,30282756.700000003,863.1111111111111,1647,9,1.0,12674.113265082844,0.0,0.0,0.0,114067.0193857456,0.0,0.0,0.0,3.0,1084.3731430772164,0.0,0.0,0.0,TeaLeaf Ivy Distributors,UNITED KINGDOM,4.0,High Value One-Off,388569.44,891.2143119266055,12.0,687.0,1.917,4.91,190.0,3.0,0.3333,FOOD SERVICE,High,0
13335000001482,11863,2,217.4793744427524,64900.0,1.5,3,1,0.5,108.7396872213762,217.4793744427524,0.0,0.0,0.0,1.0,1050.0,1.0,0.0,0.0,0.0,0.0,0.5,Darjeeling Sage Holdings 536,SRI LANKA,4.0,High Value One-Off,1819675.25,19996.43131868132,36.0,105.0,1.389,7.01,21.0,3.0,0.3333,FOOD SERVICE,Medium,2
13441000000631,12108,15,1800.2581342737146,533030.5,147.2,756,10,0.6667,120.01720895158097,756.314602444703,172.2552586010175,199.8955122441083,671.7927609838857,0.0,0.0,0.0,0.0,0.0,0.0,0.0,0.0,Sencha Ivy Holdings,SRI LANKA,4.0,High Value One-Off,6094004.02,22570.38525925926,60.0,112.0,2.533,5.55,48.0,3.0,0.3333,FOOD SERVICE,High,0
13441000000642,12109,1,584.7023991504014,174420.0,10.0,10,1,1.0,584.7023991504014,584.7023991504014,0.0,0.0,0.0,0.0,0.0,0.0,0.0,0.0,0.0,0.0,0.0,Assam Orchid Holdings,SRI LANKA,3.0,Strategic High-Value,977168.69,39086.747599999995,10.0,140.0,1.1,3.56,19.0,1.0,1.0,RETAIL,High,0
13504000005526,12041,1,0.4591825613079527,84.3,1871.0,1871,1,1.0,0.4591825613079527,0.0,0.0,0.0,0.4591825613079527,1.0,1.449999999953434,1.0,0.0,0.0,0.0,0.0,1.0,GreenLeaf Willow Exports FF6,SRI LANKA,3.0,Strategic High-Value,25381643.24,16156.361069382558,33.0,542.0,4.485,4.45,196.0,1.0,1.0,GLOBAL,High,0
1351440001657,12822,1,312.4380192943782,92437.4,93.0,93,1,1.0,312.4380192943782,0.0,0.0,0.0,312.4380192943782,0.0,0.0,0.0,0.0,0.0,0.0,0.0,0.0,Golden Bud Ivy Exports 1CD,SRI LANKA,1.0,High Frequency Buyers,1876500.0,1876500.0,1.0,234.0,1.0,0.0,1.0,1.0,1.0,GLOBAL,High,0
1352660001454,12868,1,73.89832754831254,22080.0,0.0,0,0,0.0,73.89832754831254,73.89832754831254,0.0,0.0,0.0,0.0,0.0,0.0,0.0,0.0,0.0,0.0,0.0,White Pearl Lotus Exports,SRI LANKA,1.0,High Frequency Buyers,97057.63,4621.791904761905,2.0,103.0,1.5,0.15,11.0,1.0,1.0,RETAIL,Low,1
13530000005657,12571,20,18937.806611232885,5624564.0,65.5,144,19,0.95,946.8903305616443,8663.9323214421,4245.48123722599,1625.3947504278608,4402.998302136934,0.0,0.0,0.0,0.0,0.0,0.0,0.0,0.0,Golden Bud Hibiscus Holdings,SRI LANKA,4.0,High Value One-Off,21255231.54,34449.321782820094,20.0,123.0,3.45,1.79,174.0,2.0,0.5,RETAIL,High,0
13534000004142,12138,2,5268.84,1566151.6,78.5,157,1,0.5,2634.42,5257.1,0.0,0.0,11.73999999999978,0.0,0.0,0.0,0.0,0.0,0.0,0.0,0.0,TeaLeaf Fern Beverages,CAMBODIA,3.0,Strategic High-Value,95128.87,889.054859813084,21.0,74.0,1.0,5.12,6.0,1.0,1.0,RETAIL,High,0
13564000003657,12153,1,53.37749178730493,15930.0,38.0,38,1,1.0,53.37749178730493,0.0,53.37749178730493,0.0,0.0,0.0,0.0,0.0,0.0,0.0,0.0,0.0,0.0,GreenLeaf Jasmine Exports 2C4,SRI LANKA,4.0,High Value One-Off,445450.0,44545.0,10.0,138.0,1.0,4.99,2.0,2.0,0.5,RETAIL,High,0
13578000000054,11845,1,66.12915106911584,19750.0,5.0,5,1,1.0,66.12915106911584,66.12915106911584,0.0,0.0,0.0,0.0,0.0,0.0,0.0,0.0,0.0,0.0,0.0,White Pearl Hibiscus Holdings,SRI LANKA,3.0,Strategic High-Value,10055651.53,62457.462919254656,52.0,119.0,2.673,7.2,35.0,1.0,1.0,GLOBAL,High,0
13591000000252,10001,6,96712.8,28820820.3,597.1666666666666,1014,6,1.0,16118.800000000001,96580.42,0.0,0.0,132.38000000000466,0.0,0.0,0.0,0.0,0.0,0.0,0.0,0.0,Sencha Fern Distributors,CYPRUS,4.0,High Value One-Off,1281063.98,1340.0250836820082,18.0,74.0,1.5,6.24,201.0,3.0,0.3333,RETAIL,High,0
13591000000260,10005,28,148363.16,44133040.9,156.67857142857142,552,26,0.9286,5298.684285714286,113812.36,9711.5,9694.92,15144.38,8.0,34145.8,1.0,0.0,0.0,0.0,0.0,0.2857142857142857,Sencha Palm Trading,EMIRATES,3.0,Strategic High-Value,2258955.31,2085.8313111726684,66.0,78.0,3.606,6.57,29.0,1.0,1.0,FOOD SERVICE,High,0
13591000000264,10007,27,2715609.11,808369535.6,0.14814814814814814,2,2,0.0741,100578.11518518518,2715609.11,0.0,0.0,0.0,0.0,0.0,0.0,1.0,2978.34,0.0,0.0,0.0,TeaLeaf Orchid Exports,NEW ZEALAND,0.0,Loyal Medium Buyers,49638169.4,6706.954384542629,79.0,82.0,7.354,6.58,507.0,3.0,0.3333,RETAIL,Low,1
13591000000268,10009,46,3417863.35,1018153379.5,0.0,0,0,0.0,74301.37717391305,3417863.35,0.0,0.0,0.0,0.0,0.0,0.0,0.0,0.0,0.0,0.0,0.0,Assam Orchid Imports,POLAND,0.0,Loyal Medium Buyers,44916086.08,6344.07995480226,79.0,90.0,8.405,6.54,492.0,2.0,0.5,RETAIL,Low,1
13591000000272,10011,4,79454.11,23666631.0,93.25,263,4,1.0,19863.5275,55336.29,0.0,0.0,24117.82,1.0,30650.76,1.0,0.0,0.0,0.0,0.0,0.25,Sencha Maple Distributors,BELIZE,4.0,High Value One-Off,586781.34,1139.3812427184466,13.0,104.0,1.231,5.8,98.0,2.0,0.5,RETAIL,High,0
13591000000274,10012,1,1860.7,1860.7,1656.0,1656,1,1.0,1860.7,0.0,0.0,0.0,1860.7,5.0,3760.41,1.0,2.0,3795.26,1.0,-1897.63,5.0,Assam Maple Distributors,NEPAL,4.0,High Value One-Off,431942.07,1088.015289672544,13.0,197.0,1.0,6.18,67.0,2.0,0.5,RETAIL,High,0
13591000000276,10013,2,33500.020000000004,9984545.8,641.0,1282,1,0.5,16750.010000000002,33422.55,0.0,0.0,77.47000000000116,0.0,0.0,0.0,0.0,0.0,0.0,0.0,0.0,Matcha Willow Imports,GREECE,4.0,High Value One-Off,699324.02,1235.5548056537102,24.0,120.0,1.167,6.31,152.0,3.0,0.3333,FOOD SERVICE,High,0
13591000000282,10016,3,240896.84000000003,71630902.6,15.333333333333334,46,1,0.3333,80298.94666666667,165656.29,75240.55,0.0,0.0,0.0,0.0,0.0,0.0,0.0,0.0,0.0,0.0,Matcha Cedar Imports,ARMENIA,4.0,High Value One-Off,1731499.52,2895.484147157191,27.0,48.0,1.0,6.5,95.0,2.0,0.5,RETAIL,Medium,2
13591000000284,10017,20,1921226.79,571393305.7,15.65,313,1,0.05,96061.3395,1921070.65,0.0,0.0,156.14,1.0,371.0500000000029,1.0,0.0,0.0,3.0,-16034.41,0.05,Black Gold Willow Tea Works,CHILE,4.0,High Value One-Off,23982845.36,8577.55556509299,71.0,77.0,3.606,6.47,279.0,3.0,0.3333,RETAIL,High,0
13591000000286,10018,9,187584.33000000002,55849998.099999994,420.3333333333333,855,8,0.8889,20842.703333333335,187405.33000000002,0.0,0.0,179.0,1.0,30000.0,1.0,0.0,0.0,0.0,0.0,0.1111111111111111,White Pearl Maple Tea Co.,SWEDEN,4.0,High Value One-Off,3482778.88,2445.7716853932584,38.0,71.0,1.711,6.6,130.0,2.0,0.5,FOOD SERVICE,High,0
13591000000288,10019,1,11363.8,3395095.5,11.0,11,1,1.0,11363.8,11363.8,0.0,0.0,0.0,0.0,0.0,0.0,0.0,0.0,1.0,-28.81999999999999,0.0,Matcha Ivy Exports,SOUTH KOREA,4.0,High Value One-Off,687195.16,1507.0069298245614,56.0,88.0,1.554,6.57,73.0,2.0,0.5,FOOD SERVICE,High,0
13591000000290,10020,1,424.58,126622.7,19.0,19,1,1.0,424.58,424.58,0.0,0.0,0.0,0.0,0.0,0.0,0.0,0.0,2.0,-3114.84,0.0,Assam Cedar Tea Co.,CZECH REPUBLIC,4.0,High Value One-Off,4384360.38,2317.3152114164905,43.0,123.0,1.767,6.17,230.0,3.0,0.3333,RETAIL,High,0
13591000000294,10022,3,53584.95,15926111.4,267.6666666666667,432,2,0.6667,17861.649999999998,52717.6,0.0,0.0,867.3499999999995,2.0,842.3499999999985,1.0,0.0,0.0,0.0,0.0,0.6666666666666666,Golden Bud Rosewood Tea Co.,ITALY,4.0,High Value One-Off,737683.24,1983.0194623655914,19.0,159.0,1.421,6.27,86.0,2.0,0.5,RETAIL,High,0
13591000000296,10023,2,38750.16,11564566.2,48.5,88,2,1.0,19375.08,38725.16,0.0,25.0,0.0,0.0,0.0,0.0,0.0,0.0,0.0,0.0,0.0,Oolong Jasmine Beverages,FIJI,4.0,High Value One-Off,912713.81,1618.2868971631206,24.0,90.0,1.208,6.4,106.0,3.0,0.3333,FOOD SERVICE,High,0
13591000000300,10025,15,278235.81,82386955.0,226.73333333333332,584,15,1.0,18549.054,73787.13,0.0,201.66,204247.02000000002,1.0,16240.92,1.0,0.0,0.0,0.0,0.0,0.06666666666666667,Darjeeling Bamboo Distributors,MALDIVES,4.0,High Value One-Off,3173336.63,1401.0316247240617,44.0,148.0,2.068,6.16,278.0,2.0,0.5,FOOD SERVICE,High,0
13591000000302,10026,9,374715.05,111469567.3,50.77777777777778,210,6,0.6667,41635.00555555555,359723.82999999996,5920.9900000000025,0.0,9070.230000000003,1.0,15000.0,1.0,0.0,0.0,0.0,0.0,0.1111111111111111,Golden Bud Jasmine Tea Co.,QATAR,4.0,High Value One-Off,3990472.88,1711.1804802744425,52.0,63.0,1.346,6.63,236.0,3.0,0.3333,FOOD SERVICE,High,0
13591000000304,10027,2,159802.15,47646595.4,0.0,0,0,0.0,79901.075,159802.15,0.0,0.0,0.0,1.0,533.1000000000058,1.0,0.0,0.0,0.0,0.0,0.5,Assam Jasmine Tea Co.,INDONESIA,4.0,High Value One-Off,6148325.86,1704.0814467849225,57.0,85.0,1.474,6.57,249.0,2.0,0.5,FOOD SERVICE,Low,1
13591000000308,10029,8,331064.91,98498169.6,190.125,1257,2,0.25,41383.11375,329737.07,0.0,0.0,1327.8400000000004,0.0,0.0,0.0,0.0,0.0,1.0,-1375.44,0.0,Matcha Maple Imports,HUNGARY,4.0,High Value One-Off,3481828.61,1429.3220894909687,52.0,78.0,1.538,6.41,253.0,2.0,0.5,FOOD SERVICE,High,0
13591000000312,10031,1,6650.0,1932764.0,266.0,266,1,1.0,6650.0,0.0,0.0,0.0,6650.0,4.0,48886.85,1.0,1.0,900.0,0.0,0.0,4.0,Oolong Jasmine Exports,ZAMBIA,4.0,High Value One-Off,336308.25,2227.206953642384,7.0,118.0,1.286,5.94,32.0,2.0,0.5,RETAIL,High,0
13591000000316,10033,1,56820.8,16984953.1,0.0,0,0,0.0,56820.8,56820.8,0.0,0.0,0.0,0.0,0.0,0.0,0.0,0.0,0.0,0.0,0.0,TeaLeaf Rosewood Imports 371,SAUDI ARABIA,4.0,High Value One-Off,2471477.07,41889.44186440678,37.0,102.0,1.135,6.37,4.0,2.0,0.5,FOOD SERVICE,Low,1
13591000000318,10034,15,122203.91,36806700.199999996,366.73333333333335,1300,13,0.8667,8146.927333333334,110720.03,2548.66,0.0,8935.22,0.0,0.0,0.0,0.0,0.0,0.0,0.0,0.0,Oolong Ivy Distributors,JAPAN,4.0,High Value One-Off,5368694.15,2331.1741858445507,74.0,64.0,2.635,6.57,219.0,2.0,0.5,FOOD SERVICE,High,0
13591000000320,10035,6,141611.05,42254400.6,189.33333333333334,471,3,0.5,23601.841666666664,139436.85,0.0,0.0,2174.2,1.0,6599.900000000001,1.0,1.0,883.31,0.0,0.0,0.16666666666666666,GreenLeaf Hibiscus Imports,THAILAND,4.0,High Value One-Off,5747789.93,2651.1946171586715,56.0,78.0,2.054,6.44,246.0,2.0,0.5,FOOD SERVICE,High,0
13591000000322,10037,4,78347.89,23370428.3,112.5,232,3,0.75,19586.9725,66736.0,11242.5,0.0,369.39,1.0,39.0,1.0,0.0,0.0,0.0,0.0,0.25,Assam Ivy Tea Works,JORDAN,4.0,High Value One-Off,928239.82,1983.4184188034187,21.0,138.0,1.143,6.02,87.0,2.0,0.5,FOOD SERVICE,High,0
13591000000324,10038,2,30135.39,8944283.3,32.0,64,1,0.5,15067.695,15122.73,0.0,15012.66,0.0,0.0,0.0,0.0,0.0,0.0,0.0,0.0,0.0,Darjeeling Jasmine Tea Works,EMIRATES,3.0,Strategic High-Value,219603.88999999998,1269.386647398844,31.0,138.0,1.355,6.15,8.0,1.0,1.0,FOOD SERVICE,Medium,2
13591000000332,10042,1,3480.0,532231.2,2737.0,2737,1,1.0,3480.0,0.0,0.0,0.0,3480.0,2.0,1409.0,1.0,0.0,0.0,1.0,-190.02,2.0,Sencha Orchid Imports,KOSOVO,0.0,No Sales History,0.0,0.0,0.0,0.0,0.0,0.0,0.0,0.0,0.0,Unknown,High,0
13591000000334,10043,1,56724.08,16956041.4,2.0,2,1,1.0,56724.08,56724.08,0.0,0.0,0.0,0.0,0.0,0.0,0.0,0.0,0.0,0.0,0.0,Golden Bud Hibiscus Distributors 1FF,PHILIPPINES,4.0,High Value One-Off,2761355.33,3188.6320207852195,32.0,32.0,1.156,6.56,134.0,2.0,0.5,FOOD SERVICE,High,0
13591000000338,10045,42,3226039.3868026463,959379120.6,3.0714285714285716,76,7,0.1667,76810.4615905392,3223977.8401301806,0.0,2061.546672465923,0.0,1.0,3302.859999999986,1.0,0.0,0.0,0.0,0.0,0.023809523809523808,GreenLeaf Orchid Holdings,AUSTRALIA,0.0,Loyal Medium Buyers,128265460.89,12866.432028287692,81.0,39.0,13.63,6.7,575.0,4.0,0.25,FOOD SERVICE,Medium,2
13591000000342,10047,2,5811.08,989747.0,2895.5,3770,2,1.0,2905.54,0.0,0.0,0.0,5811.08,3.0,1746.03,1.0,0.0,0.0,0.0,0.0,1.5,Sencha Clover Tea Works,THAILAND,1.0,High Frequency Buyers,13968.24,4656.08,3.0,2153.0,1.0,0.23,1.0,1.0,1.0,FOOD SERVICE,High,0
13591000000344,10048,1,62.44,62.4,1656.0,1656,1,1.0,62.44,0.0,0.0,0.0,62.44,3.0,143.12,1.0,2.0,127.36,1.0,-63.68,3.0,GreenLeaf Orchid Distributors,CANADA,0.0,No Sales History,0.0,0.0,0.0,0.0,0.0,0.0,0.0,0.0,0.0,Unknown,High,0
13591000000352,10054,6,191190.86,12453895.7,3632.3333333333335,4412,6,1.0,31865.14333333333,0.0,0.0,0.0,191190.86,1.0,94656.04,1.0,1.0,96534.82,2.0,-193069.64,0.16666666666666666,Oolong Bamboo Trading,UNITED STATES,0.0,No Sales History,0.0,0.0,0.0,0.0,0.0,0.0,0.0,0.0,0.0,Unknown,High,0
13591000000354,10056,1,12313.36,3673112.2,2.0,2,1,1.0,12313.36,12313.36,0.0,0.0,0.0,1.0,12.20000000000073,1.0,0.0,0.0,0.0,0.0,1.0,Assam Fern Beverages,FRANCE,3.0,Strategic High-Value,90468.25,2513.0069444444443,5.0,173.0,1.0,6.11,36.0,1.0,1.0,BULK,High,0
13591000000356,10057,2,360.27,123034.2,1596.5,2003,2,1.0,180.135,0.0,0.0,0.0,360.27,0.0,0.0,0.0,0.0,0.0,0.0,0.0,0.0,Darjeeling Clover Trading,KUWAIT,4.0,High Value One-Off,757006.18,1878.4272456575684,12.0,1272.0,1.583,3.12,107.0,2.0,0.5,FOOD SERVICE,High,0
13591000000358,10058,3,15088.2,4454260.899999999,547.0,773,3,1.0,5029.400000000001,0.0,0.0,0.0,15088.2,2.0,13533.2,1.0,3.0,584.0,0.0,0.0,0.6666666666666666,Black Gold Magnolia Tea Works,OMAN,3.0,Strategic High-Value,105773.08,1706.0174193548387,15.0,503.0,1.467,5.31,7.0,1.0,1.0,FOOD SERVICE,High,0
13591000000364,10061,1,55357.76,16509378.0,0.0,0,0,0.0,55357.76,55357.76,0.0,0.0,0.0,1.0,524.75,1.0,0.0,0.0,0.0,0.0,1.0,Black Gold Maple Holdings,SEYCHELLES,4.0,High Value One-Off,482423.1,1813.6206766917292,16.0,123.0,1.125,6.38,40.0,2.0,0.5,FOOD SERVICE,Low,1
13591000000368,10063,5,235897.03000000003,70147754.4,28.0,132,3,0.6,47179.406,222150.36,0.0,0.0,13746.67000000001,1.0,301.1999999999971,1.0,1.0,59.55999999999995,0.0,0.0,0.2,Matcha Willow Beverages,SOUTH AFRICA,4.0,High Value One-Off,1994586.65,2142.4131578947367,39.0,36.0,1.256,6.43,232.0,3.0,0.3333,FOOD SERVICE,High,0
13591000000374,10067,1,237.2799999999988,76542.5,663.0,663,1,1.0,237.2799999999988,0.0,0.0,0.0,237.2799999999988,0.0,0.0,0.0,0.0,0.0,0.0,0.0,0.0,Sencha Rosewood Distributors,EMIRATES,3.0,Strategic High-Value,229260.56,2315.7632323232324,20.0,91.0,1.0,6.35,10.0,1.0,1.0,FOOD SERVICE,High,0
13591000000378,10070,3,52157.53139533568,15505447.2,332.6666666666667,763,2,0.6667,17385.84379844523,46289.34844180613,0.0,0.0,5868.182953529556,4.0,67252.05,1.0,0.0,0.0,0.0,0.0,1.3333333333333333,Assam Lotus Imports,SINGAPORE,4.0,High Value One-Off,868417.35,3603.3914937759337,18.0,138.0,1.0,6.34,37.0,2.0,0.5,FOOD SERVICE,High,0
13591000000382,10072,3,6736.799999999999,516714.50000000006,2987.6666666666665,3654,3,1.0,2245.6,0.0,0.0,0.0,6736.799999999999,2.0,3676.54,1.0,1.0,3060.26,2.0,-6120.52,0.6666666666666666,White Pearl Orchid Imports 973,BANGLADESH,0.0,No Sales History,0.0,0.0,0.0,0.0,0.0,0.0,0.0,0.0,0.0,Unknown,High,0
13591000000384,10073,5,108593.49373519242,32412824.2,496.6,803,4,0.8,21718.698747038485,105019.5405335582,0.0,0.0,3573.9532016342187,3.0,15331.740000000002,1.0,2.0,2811.7585663563427,2.0,-1369.8451602161417,0.6,GreenLeaf Maple Exports,FRANCE,4.0,High Value One-Off,1076064.74,1044.7230485436894,21.0,120.0,1.286,6.45,228.0,3.0,0.3333,FOOD SERVICE,High,0
13591000000386,10074,3,18558.57,5499134.899999999,120.0,159,3,1.0,6186.19,0.0,5547.88,0.0,13010.69,6.0,18560.030000000002,1.0,0.0,0.0,0.0,0.0,2.0,Darjeeling Jasmine Imports,MALAYSIA,4.0,High Value One-Off,106436.95,831.538671875,18.0,146.0,1.278,6.02,30.0,2.0,0.5,FOOD SERVICE,High,0
13591000000388,10075,3,1069.7599999999948,318260.6,288.0,620,3,1.0,356.58666666666494,0.0,900.0099999999948,0.0,169.75,1.0,297.3399999999965,1.0,0.0,0.0,0.0,0.0,0.3333333333333333,Darjeeling Maple Trading 24A,EGYPT,4.0,High Value One-Off,2370103.65,6493.434657534246,21.0,139.0,1.81,6.17,74.0,2.0,0.5,RETAIL,High,0
13591000000392,10078,2,20724.2,6199006.100000001,593.5,1176,2,1.0,10362.1,20429.2,0.0,0.0,295.0,1.0,7067.0,1.0,1.0,152.48,0.0,0.0,0.5,Ceylon Ivy Tea Works CF4,LEBANON,4.0,High Value One-Off,176549.5,2758.5859375,7.0,111.0,1.0,6.02,32.0,2.0,0.5,RETAIL,High,0
13591000000394,10080,4,192205.91279937577,57213057.6,79.75,318,2,0.5,48051.47819984394,192203.241576526,0.0,0.0,2.671222849786963,0.0,0.0,0.0,0.0,0.0,0.0,0.0,0.0,Black Gold Bamboo Imports,SINGAPORE,4.0,High Value One-Off,8185042.76,3784.115931576514,65.0,0.0,1.523,6.8,68.0,2.0,0.5,RETAIL,High,0
13591000000396,10081,3,91809.65,27384695.5,0.0,0,0,0.0,30603.216666666664,91809.65,0.0,0.0,0.0,0.0,0.0,0.0,0.0,0.0,0.0,0.0,0.0,Oolong Clover Beverages 89E,HONG KONG,4.0,High Value One-Off,1991489.04,1478.462538975501,46.0,96.0,1.152,6.46,150.0,2.0,0.5,FOOD SERVICE,Low,1
13591000000404,10085,3,142246.6882497992,42397011.3,6.333333333333333,19,1,0.3333,47415.562749933066,142246.6882497992,0.0,0.0,0.0,0.0,0.0,0.0,0.0,0.0,0.0,0.0,0.0,Ceylon Bamboo Beverages C07,MALAYSIA,3.0,Strategic High-Value,3591795.55,2934.4734885620915,51.0,89.0,1.216,6.41,60.0,1.0,1.0,RETAIL,Medium,2
13591000000410,10088,22,463896.66000000003,137844565.4,123.04545454545455,426,17,0.7727,21086.21181818182,450894.71,1351.75,603.0,11047.200000000004,1.0,5.0,1.0,1.0,527.57,0.0,0.0,0.045454545454545456,Sencha Willow Holdings,DUBAI,4.0,High Value One-Off,6440297.12,2817.2778302712163,62.0,49.0,1.71,6.6,294.0,2.0,0.5,FOOD SERVICE,High,0
13591000000420,10093,6,87611.30350035582,26121050.6,111.16666666666667,509,5,0.8333,14601.88391672597,80478.8890720809,84.23383759254692,7037.020650342782,11.15994033959915,0.0,0.0,0.0,0.0,0.0,0.0,0.0,0.0,Herbal Cedar Tea Co. 2E7,SINGAPORE,4.0,High Value One-Off,4245838.99,2930.1856383712907,52.0,75.0,1.5,6.59,258.0,3.0,0.3333,FOOD SERVICE,High,0
13591000000426,10096,1,22854.62,6799295.2,15.0,15,1,1.0,22854.62,22854.62,0.0,0.0,0.0,0.0,0.0,0.0,0.0,0.0,0.0,0.0,0.0,White Pearl Orchid Distributors,KALININGRAD,4.0,High Value One-Off,201313.81,3531.8212280701755,4.0,153.0,1.0,6.33,23.0,2.0,0.5,RETAIL,High,0
13591000000440,10106,1,18.88,18.9,1656.0,1656,1,1.0,18.88,0.0,0.0,0.0,18.88,2.0,38.129999999999995,1.0,1.0,19.25,1.0,-19.25,2.0,GreenLeaf Clover Holdings,KYRGYZSTAN,0.0,No Sales History,0.0,0.0,0.0,0.0,0.0,0.0,0.0,0.0,0.0,Unknown,High,0
13591000000454,10116,6,599756.87,178697184.7,0.0,0,0,0.0,99959.47833333333,599756.87,0.0,0.0,0.0,0.0,0.0,0.0,0.0,0.0,0.0,0.0,0.0,Black Gold Lotus Tea Works,LITHUANIA,4.0,High Value One-Off,6879600.27,3992.80340684852,54.0,39.0,1.667,6.53,174.0,3.0,0.3333,RETAIL,Low,1
13591000000460,10119,2,394.56193297435027,117816.0,0.0,0,0,0.0,197.28096648717514,394.56193297435027,0.0,0.0,0.0,0.0,0.0,0.0,0.0,0.0,0.0,0.0,0.0,GreenLeaf Clover Tea Works,SRI LANKA,4.0,High Value One-Off,2442411.22,15859.813116883119,67.0,110.0,1.582,7.43,40.0,3.0,0.3333,FOOD SERVICE,Low,1
13591000000462,10120,130,360050.28276707,107444235.2,60.44615384615385,713,61,0.4692,2769.617559746692,343008.7621644633,1862.8488438014874,2124.5926024054284,13054.079156399774,6.0,163181.41999999998,1.0,0.0,0.0,0.0,0.0,0.046153846153846156,Darjeeling Maple Distributors,SRI LANKA,0.0,Loyal Medium Buyers,1523306479.82,129632.07214875329,91.0,102.0,13.978,7.45,79.0,1.0,1.0,RETAIL,High,0
13591000000464,10121,41,4396.54167353052,1304558.1,50.73170731707317,173,24,0.5854,107.23272374464682,2527.5286409620444,552.418386487162,457.23060938165014,859.3640366996628,0.0,0.0,0.0,0.0,0.0,0.0,0.0,0.0,Golden Bud Cedar Tea Works F65,SRI LANKA,4.0,High Value One-Off,14277670.12,16261.58328018223,86.0,103.0,6.291,7.44,55.0,3.0,0.3333,FOOD SERVICE,High,0
13591000000466,10122,26,9036.449711988296,2673877.0,57.73076923076923,181,17,0.6538,347.555758153396,3973.5929464379547,1015.3876442850956,610.8412651796796,3436.6278560855662,5.0,1197283.5,1.0,0.0,0.0,0.0,0.0,0.19230769230769232,Golden Bud Bamboo Exports,SRI LANKA,4.0,High Value One-Off,20606137.46,35836.760800000004,85.0,110.0,4.8,7.43,65.0,3.0,0.3333,FOOD SERVICE,High,0
13591000000468,10123,20,12288.649776347811,3594893.0,206.75,334,20,1.0,614.4324888173905,1301.9745406619,0.0,2165.641598577101,8821.03363710881,2.0,424859.0,1.0,0.0,0.0,0.0,0.0,0.1,Oolong Cedar Tea Works,SRI LANKA,4.0,High Value One-Off,7838986.84,34532.981674008806,52.0,161.0,2.423,7.29,32.0,3.0,0.3333,FOOD SERVICE,High,0
13591000000470,10124,6,27652.291829499503,8214714.8,90.16666666666667,163,6,1.0,4608.715304916584,1916.76086429151,13597.027183680893,0.0,12138.5037815271,0.0,0.0,0.0,0.0,0.0,0.0,0.0,0.0,TeaLeaf Lotus Holdings 851,SRI LANKA,4.0,High Value One-Off,172531506.65,27204.58950646484,70.0,116.0,6.671,7.41,199.0,2.0,0.5,RETAIL,High,0
13591000000473,10125,24,2793.648796566583,834196.9,362.4166666666667,1283,24,1.0,116.40203319027428,2688.502563450573,0.0,0.0,105.14623311601021,80.0,482674.82,1.0,0.0,0.0,0.0,0.0,3.3333333333333335,Black Gold Fern Tea Works 920,SRI LANKA,0.0,Loyal Medium Buyers,90571056.26,26184.17353570396,91.0,102.0,19.604,7.45,354.0,3.0,0.3333,RETAIL,High,0
13591000000475,10126,25,9930.55226459735,2950260.6,180.52,643,18,0.72,397.22209058389404,7304.789563245429,1318.7719657592725,0.0,1306.9907355926491,1.0,18171.03999999998,1.0,0.0,0.0,2.0,-143.62379635767704,0.04,Herbal Lotus Trading,SRI LANKA,3.0,Strategic High-Value,43364975.92,17366.830564677613,87.0,109.0,2.437,7.41,61.0,1.0,1.0,RETAIL,High,0
13591000000480,10128,8,2344.8456583954385,701404.8,72.75,548,4,0.5,293.1057072994298,2140.328307907913,0.0,0.0,204.5173504875256,2.0,3370.909999999916,1.0,0.0,0.0,0.0,0.0,0.25,GreenLeaf Jasmine Holdings 71F,SRI LANKA,4.0,High Value One-Off,16567654.96,10856.916749672346,81.0,112.0,3.963,7.42,160.0,3.0,0.3333,FOOD SERVICE,High,0
13591000000486,10131,422,112959.1858181194,33641569.7,30.808056872037916,534,135,0.3199,267.6757957775341,99255.82211169823,1181.3288052428088,251.74693099399914,12270.287970184352,13.0,7186620.03,1.0,0.0,0.0,1.0,-833.7218978875554,0.030805687203791468,Matcha Lotus Beverages,SRI LANKA,2.0,Churned / Inactive,669599982.06,8547.466549994255,91.0,102.0,153.165,7.45,94.0,3.0,0.3333,RETAIL,High,0
13591000000489,10132,2,539.8154511988429,160896.0,10.5,21,1,0.5,269.90772559942144,539.8154511988429,0.0,0.0,0.0,1.0,672.0,1.0,0.0,0.0,0.0,0.0,0.5,Black Gold Lotus Trading 438,SRI LANKA,4.0,High Value One-Off,2866885.11,9954.4621875,21.0,111.0,1.381,7.28,38.0,2.0,0.5,RETAIL,Medium,2
13591000000493,10135,98,448908.31499195675,133719038.9,92.79591836734694,492,56,0.5714,4580.6970917546605,417012.4656951551,0.0,20423.828294866966,11472.02100193468,10.0,196013.74999999898,1.0,0.0,0.0,3.0,-0.8801501856766747,0.10204081632653061,Golden Bud Clover Exports,SRI LANKA,0.0,Loyal Medium Buyers,1759652902.85,87232.44610598849,91.0,102.0,28.121,7.52,130.0,3.0,0.3333,RETAIL,High,0
13591000000496,10136,2,667.5189578019476,198641.0,5.0,10,1,0.5,333.7594789009738,667.5189578019476,0.0,0.0,0.0,0.0,0.0,0.0,0.0,0.0,0.0,0.0,0.0,Silver Tip Maple Trading AF8,SRI LANKA,4.0,High Value One-Off,2907568.82,29669.069591836735,40.0,131.0,1.225,7.25,13.0,3.0,0.3333,FOOD SERVICE,Medium,2
13591000000504,10140,3,407.7876105894906,121540.0,17.666666666666668,53,1,0.3333,135.9292035298302,287.5419381872788,120.2456724022118,0.0,0.0,2.0,43767.4,1.0,0.0,0.0,0.0,0.0,0.6666666666666666,Oolong Bamboo Imports 245,SRI LANKA,4.0,High Value One-Off,3798544.0,12293.022653721682,78.0,110.0,2.564,7.43,15.0,3.0,0.3333,FOOD SERVICE,Medium,2
13591000000506,10141,5,4762.06199919023,1422534.0,17.8,31,5,1.0,952.4123998380461,4248.600507798719,513.461491391511,0.0,0.0,0.0,0.0,0.0,1.0,6246.843935551774,0.0,0.0,0.0,Golden Bud Sage Distributors,SRI LANKA,3.0,Strategic High-Value,28640773.28,23437.621342062193,60.0,109.0,1.717,7.43,54.0,1.0,1.0,RETAIL,High,0
13591000000513,10144,65,9645.540118196719,2869479.6,17.384615384615383,69,29,0.4462,148.39292489533415,6202.421491541254,2644.1599849375175,798.9586417179466,0.0,0.0,0.0,0.0,0.0,0.0,0.0,0.0,0.0,Darjeeling Rosewood Tea Co.,SRI LANKA,4.0,High Value One-Off,17888563.73,15289.37070940171,89.0,103.0,8.764,7.44,94.0,3.0,0.3333,FOOD SERVICE,Medium,2
13591000000517,10146,25,16844.283609953527,4998541.1,71.0,289,19,0.76,673.7713443981411,6502.6287321493255,2770.7130286292413,2879.8414176024817,4691.100431572478,2.0,2820570.07,1.0,0.0,0.0,0.0,0.0,0.08,TeaLeaf Jasmine Tea Co. 1EA,SRI LANKA,3.0,Strategic High-Value,53591395.8,22470.186918238993,84.0,104.0,4.012,7.44,24.0,1.0,1.0,RETAIL,High,0
13591000000523,10150,3,710.9661375340535,211588.0,58.0,131,2,0.6667,236.98871251135117,636.8429046730839,1.730661842352574,0.0,72.39257101861698,1.0,1932.0,1.0,0.0,0.0,0.0,0.0,0.3333333333333333,Darjeeling Orchid Distributors DC2,SRI LANKA,4.0,High Value One-Off,5791813.03,5458.8247219604145,72.0,131.0,1.667,7.37,46.0,2.0,0.5,RETAIL,High,0
13591000000525,10151,1,224.4516557426209,67064.0,0.0,0,0,0.0,224.4516557426209,224.4516557426209,0.0,0.0,0.0,0.0,0.0,0.0,0.0,0.0,0.0,0.0,0.0,Oolong Orchid Beverages C67,SRI LANKA,4.0,High Value One-Off,1301502.32,15133.747906976745,33.0,110.0,1.182,7.43,11.0,3.0,0.3333,FOOD SERVICE,Low,1
13591000000529,10153,17,2275.1570518095436,672042.2,111.76470588235294,541,10,0.5882,133.83276775350257,994.5226757611456,0.0,0.0,1280.634376048398,0.0,0.0,0.0,0.0,0.0,0.0,0.0,0.0,TeaLeaf Cedar Distributors 749,SRI LANKA,4.0,High Value One-Off,8200099.68,22969.466890756303,73.0,102.0,2.26,7.45,33.0,3.0,0.3333,FOOD SERVICE,High,0
13591000000531,10154,7,7210.35383337889,2137660.0,128.57142857142858,239,5,0.7143,1030.0505476255557,4497.061191233412,0.0,0.0,2713.2926421454777,3.0,805375.0,1.0,0.0,0.0,0.0,0.0,0.42857142857142855,Silver Tip Jasmine Trading AE0,SRI LANKA,4.0,High Value One-Off,31181296.0,123735.30158730158,82.0,103.0,2.476,7.44,12.0,3.0,0.3333,RETAIL,High,0
13591000000533,10155,1,611.8700755081667,180000.0,196.0,196,1,1.0,611.8700755081667,0.0,0.0,0.0,611.8700755081667,0.0,0.0,0.0,0.0,0.0,0.0,0.0,0.0,GreenLeaf Magnolia Imports 89C,SRI LANKA,4.0,High Value One-Off,1000983.03,43521.001304347825,10.0,356.0,1.6,6.73,11.0,3.0,0.3333,FOOD SERVICE,High,0
13591000000535,10156,1,379.7815920586489,113280.0,0.0,0,0,0.0,379.7815920586489,379.7815920586489,0.0,0.0,0.0,0.0,0.0,0.0,0.0,0.0,0.0,0.0,0.0,Oolong Sage Beverages 9D6,SRI LANKA,4.0,High Value One-Off,3511026.0,13149.91011235955,59.0,120.0,2.119,7.4,16.0,2.0,0.5,FOOD SERVICE,Low,1
13591000000537,10158,16,5104.497323933816,1505352.0,154.5625,360,12,0.75,319.0310827458635,2383.7237279484793,0.0,994.6428368357163,1726.1307591496202,5.0,1084840.02,1.0,0.0,0.0,0.0,0.0,0.3125,GreenLeaf Maple Exports 276,SRI LANKA,4.0,High Value One-Off,10384366.42,40249.48224806201,86.0,111.0,2.221,7.42,43.0,3.0,0.3333,RETAIL,High,0
13591000000547,10163,7,7019.106090973768,2094250.4,36.857142857142854,258,1,0.1429,1002.7294415676812,6836.674617833933,0.0,0.0,182.4314731398348,7.0,63604.96000000006,1.0,2.0,0.0,0.0,0.0,1.0,TeaLeaf Hibiscus Distributors C15,SRI LANKA,4.0,High Value One-Off,23814851.04,26343.861769911502,86.0,105.0,3.372,7.44,144.0,3.0,0.3333,RETAIL,High,0
13591000000552,10165,1,121.4396446472176,36285.0,0.0,0,0,0.0,121.4396446472176,121.4396446472176,0.0,0.0,0.0,1.0,3200.0,1.0,0.0,0.0,0.0,0.0,1.0,Darjeeling Bamboo Trading,SRI LANKA,4.0,High Value One-Off,1996840.0,8285.643153526971,72.0,110.0,2.167,7.43,15.0,3.0,0.3333,FOOD SERVICE,Low,1
13591000000554,10166,5,1129.9330496112161,329294.0,189.6,280,5,1.0,225.98660992224322,0.0,0.0,0.0,1129.9330496112161,1.0,82600.0,1.0,0.0,0.0,0.0,0.0,0.2,Matcha Cedar Distributors DA5,SRI LANKA,4.0,High Value One-Off,2430484.06,8101.613533333333,66.0,271.0,1.864,6.98,17.0,3.0,0.3333,FOOD SERVICE,High,0
13591000000556,10167,3,291.4304663484947,86730.0,45.333333333333336,81,3,1.0,97.14348878283157,96.9345090205088,96.99848244850875,97.49747487947712,0.0,2.0,35276.01,1.0,0.0,0.0,0.0,0.0,0.6666666666666666,Darjeeling Rosewood Holdings,SRI LANKA,4.0,High Value One-Off,1149973.52,12499.712173913043,63.0,139.0,1.238,7.35,8.0,2.0,0.5,RETAIL,High,0
13591000000558,10168,2,767.8326772587418,227740.0,56.0,112,1,0.5,383.9163386293709,332.2854986813509,0.0,0.0,435.5471785773909,1.0,719.0400000000009,1.0,0.0,0.0,0.0,0.0,0.5,White Pearl Rosewood Tea Co.,SRI LANKA,4.0,High Value One-Off,1664468.0,13755.933884297521,45.0,124.0,1.356,7.39,11.0,3.0,0.3333,FOOD SERVICE,High,0
13591000000560,10169,3,772.8179669466724,230100.0,5.333333333333333,16,1,0.3333,257.6059889822241,772.8179669466724,0.0,0.0,0.0,2.0,24900.0,1.0,0.0,0.0,0.0,0.0,0.6666666666666666,TeaLeaf Fern Trading 2E0,SRI LANKA,4.0,High Value One-Off,1976504.0,11424.878612716762,50.0,116.0,1.96,7.41,21.0,3.0,0.3333,FOOD SERVICE,Medium,2
13591000000562,10170,7,1733.4456767682434,515660.0,63.42857142857143,171,5,0.7143,247.63509668117763,1016.5214666500849,237.5870817057947,398.3155975999798,81.0215308123839,0.0,0.0,0.0,0.0,0.0,0.0,0.0,0.0,White Pearl Magnolia Tea Works,SRI LANKA,4.0,High Value One-Off,3112250.0,18415.68047337278,52.0,112.0,1.596,7.42,10.0,2.0,0.5,FOOD SERVICE,High,0
13591000000564,10171,2,300.13092130337236,87780.0,172.5,309,2,1.0,150.06546065168618,0.0,137.7985691032392,0.0,162.3323522001332,1.0,12.00999999999476,1.0,0.0,0.0,0.0,0.0,0.5,Darjeeling Lotus Tea Works,SRI LANKA,4.0,High Value One-Off,758334.6,12853.128813559322,32.0,166.0,1.219,7.23,5.0,3.0,0.3333,FOOD SERVICE,High,0
13591000000580,10179,13,3425.4527289110997,1019275.4,173.07692307692307,553,9,0.6923,263.49636376239226,2272.5691283720867,330.5145667929091,38.47564576371276,783.8933879823913,4.0,391643.83,1.0,0.0,0.0,0.0,0.0,0.3076923076923077,Assam Rosewood Tea Co.,SRI LANKA,4.0,High Value One-Off,8545295.65,26293.217384615386,64.0,102.0,2.969,7.45,30.0,2.0,0.5,RETAIL,High,0
13591000000584,10181,5,5915.054409391336,1714796.4000000001,315.0,521,5,1.0,1183.0108818782671,0.0,0.0,0.0,5915.054409391336,1.0,1.290000000000873,1.0,0.0,0.0,1.0,-0.0086648982602091,0.2,Silver Tip Hibiscus Distributors,SRI LANKA,3.0,Strategic High-Value,21511234.21,46763.55263043479,32.0,354.0,2.844,6.67,16.0,1.0,1.0,RETAIL,High,0
13591000000589,10183,34,2690.357673267653,802410.0,230.38235294117646,527,32,0.9412,79.12816686081332,2295.9762539413837,389.765516099927,0.2025333547118541,4.413369871630716,1.0,12100.0,1.0,0.0,0.0,0.0,0.0,0.029411764705882353,Matcha Maple Tea Works,SRI LANKA,4.0,High Value One-Off,13000931.74,32913.75124050633,90.0,109.0,3.422,7.43,27.0,3.0,0.3333,RETAIL,High,0
13591000000591,10184,1,48.19852853806733,14400.0,0.0,0,0,0.0,48.19852853806733,48.19852853806733,0.0,0.0,0.0,1.0,13728.0,1.0,0.0,0.0,0.0,0.0,1.0,Oolong Orchid Exports 970,SRI LANKA,4.0,High Value One-Off,4416827.84,31104.421408450704,56.0,117.0,1.286,7.41,27.0,2.0,0.5,RETAIL,Low,1
13591000000594,10185,1,0.0040041086226443,1.2,105.0,105,1,1.0,0.0040041086226443,0.0,0.0,0.0,0.0040041086226443,0.0,0.0,0.0,0.0,0.0,0.0,0.0,0.0,Assam Palm Distributors 976,SRI LANKA,4.0,High Value One-Off,94250910.72,21873.03567417034,88.0,203.0,5.42,7.17,144.0,3.0,0.3333,RETAIL,High,0
13591000000604,10190,3,895.6190604160792,267210.0,9.333333333333334,17,2,0.6667,298.53968680535974,895.6190604160792,0.0,0.0,0.0,1.0,380.4000000000015,1.0,0.0,0.0,0.0,0.0,0.3333333333333333,Black Gold Willow Tea Works 258,SRI LANKA,4.0,High Value One-Off,2384472.0,20037.579831932773,30.0,111.0,1.6,7.2,29.0,3.0,0.3333,RETAIL,Medium,2
13591000000606,10191,2,38.7048044828762,11564.0,0.0,0,0,0.0,19.3524022414381,38.7048044828762,0.0,0.0,0.0,0.0,0.0,0.0,0.0,0.0,0.0,0.0,0.0,Oolong Lotus Tea Co. 8AC,SRI LANKA,4.0,High Value One-Off,855004.0,8814.474226804125,42.0,102.0,1.643,7.45,6.0,2.0,0.5,FOOD SERVICE,Low,1
13591000000614,10197,11,3637.0107035265155,1076472.3,83.27272727272727,199,9,0.8182,330.63733668422867,1561.6235900689956,584.1147651223779,0.0,1491.2723483351422,6.0,421200.81,1.0,0.0,0.0,0.0,0.0,0.5454545454545454,Golden Bud Bamboo Beverages,SRI LANKA,4.0,High Value One-Off,10313297.87,8975.890226283724,75.0,109.0,1.867,7.43,58.0,3.0,0.3333,RETAIL,High,0
13591000000616,10198,2,77.06611320361147,22500.0,574.0,807,2,1.0,38.53305660180573,0.0,0.0,0.0,77.06611320361147,0.0,0.0,0.0,0.0,0.0,0.0,0.0,0.0,GreenLeaf Fern Beverages,SRI LANKA,1.0,High Frequency Buyers,558224.99,50747.726363636364,7.0,181.0,1.143,2.17,5.0,1.0,1.0,RETAIL,High,0
13591000000618,10199,1,166.8668916991314,49776.0,0.0,0,0,0.0,166.8668916991314,166.8668916991314,0.0,0.0,0.0,1.0,2842.989999999998,1.0,0.0,0.0,0.0,0.0,1.0,Golden Bud Bamboo Distributors,SRI LANKA,3.0,Strategic High-Value,3565860.27,18967.341861702127,35.0,124.0,1.229,7.39,36.0,1.0,1.0,RETAIL,Low,1
13591000000622,10201,5,266.9178597749303,79934.0,139.2,626,5,1.0,53.38357195498607,253.2583598766668,0.0,0.0,13.65949989826354,0.0,0.0,0.0,0.0,0.0,0.0,0.0,0.0,Darjeeling Rosewood Trading,SRI LANKA,4.0,High Value One-Off,2870608.66,14951.086770833334,72.0,124.0,2.25,7.39,33.0,2.0,0.5,FOOD SERVICE,High,0
13591000000626,10203,4,0.092100413872437,27.0,174.5,270,4,1.0,0.02302510346810925,0.0,0.0,0.0292889497267361,0.06281146414570091,0.0,0.0,0.0,0.0,0.0,1.0,-134.7668060179182,0.0,Black Gold Hibiscus Exports,SRI LANKA,4.0,High Value One-Off,2969731.28,18795.767594936708,34.0,218.0,1.882,6.93,29.0,2.0,0.5,RETAIL,High,0
13591000000630,10206,1,90.99730126221137,27187.2,0.0,0,0,0.0,90.99730126221137,90.99730126221137,0.0,0.0,0.0,0.0,0.0,0.0,0.0,0.0,0.0,0.0,0.0,Silver Tip Maple Tea Co. 43D,SRI LANKA,4.0,High Value One-Off,5731148.97,18914.68306930693,55.0,105.0,2.745,5.85,66.0,3.0,0.3333,FOOD SERVICE,Low,1
13591000000632,10207,1,118.4777020948464,35400.0,0.0,0,0,0.0,118.4777020948464,118.4777020948464,0.0,0.0,0.0,2.0,34168.5,1.0,0.0,0.0,0.0,0.0,2.0,Black Gold Hibiscus Imports,SRI LANKA,4.0,High Value One-Off,2729350.0,10830.753968253968,71.0,110.0,2.62,7.43,22.0,3.0,0.3333,FOOD SERVICE,Low,1
13591000000636,10209,28,14054.007129508074,4151290.9,74.03571428571429,209,21,0.75,501.9288260538598,4817.7796665618835,1317.338293721266,640.6827328411556,7278.206436383769,1.0,1.479999999981374,1.0,0.0,0.0,0.0,0.0,0.03571428571428571,Golden Bud Bamboo Exports 104,SRI LANKA,4.0,High Value One-Off,13949992.04,23805.447167235492,76.0,109.0,3.237,7.43,53.0,3.0,0.3333,FOOD SERVICE,High,0
13591000000640,10211,2,701.7741126185508,209450.0,3.5,7,1,0.5,350.8870563092754,701.7741126185508,0.0,0.0,0.0,2.0,151275.0,1.0,0.0,0.0,0.0,0.0,1.0,Matcha Maple Beverages CAE,SRI LANKA,4.0,High Value One-Off,2541698.0,39103.04615384615,36.0,109.0,1.25,7.43,13.0,2.0,0.5,FOOD SERVICE,Medium,2
13591000000644,10213,5,1174.8305548717544,351224.0,142.2,695,3,0.6,234.9661109743509,1133.9355782364973,0.0,0.0,40.89497663525709,0.0,0.0,0.0,0.0,0.0,0.0,0.0,0.0,Oolong Cedar Imports,SRI LANKA,3.0,Strategic High-Value,6841929.67,13521.600138339922,51.0,117.0,1.569,7.37,59.0,1.0,1.0,RETAIL,High,0
13591000000646,10214,1,0.0851122647794894,25.0,487.0,487,1,1.0,0.0851122647794894,0.0,0.0,0.0,0.0851122647794894,0.0,0.0,0.0,0.0,0.0,0.0,0.0,0.0,Herbal Willow Trading,SRI LANKA,3.0,Strategic High-Value,1617471.71,21282.5225,52.0,288.0,1.288,6.94,10.0,1.0,1.0,RETAIL,High,0
13591000000648,10215,6,818.4508438424498,241091.0,306.6666666666667,909,3,0.5,136.40847397374162,459.6803285128438,0.0,0.0,358.77051532960604,0.0,0.0,0.0,0.0,0.0,0.0,0.0,0.0,Darjeeling Lotus Imports 9AD,SRI LANKA,4.0,High Value One-Off,3497670.0,13716.35294117647,81.0,103.0,2.16,7.44,10.0,3.0,0.3333,FOOD SERVICE,High,0
13591000000652,10217,1,160.3048979704105,47790.0,0.0,0,0,0.0,160.3048979704105,160.3048979704105,0.0,0.0,0.0,0.0,0.0,0.0,0.0,0.0,0.0,0.0,0.0,Silver Tip Willow Beverages,SRI LANKA,4.0,High Value One-Off,746241.0,14350.788461538461,47.0,127.0,1.085,7.38,5.0,2.0,0.5,RETAIL,Low,1
13591000000660,10221,1,192.430350744795,57397.5,0.0,0,0,0.0,192.430350744795,192.430350744795,0.0,0.0,0.0,1.0,41.97999999999956,1.0,0.0,0.0,0.0,0.0,1.0,Black Gold Willow Distributors FE1,SRI LANKA,4.0,High Value One-Off,5602260.06,6823.70287454324,45.0,120.0,1.667,7.4,94.0,2.0,0.5,RETAIL,Low,1
13591000000662,10222,3,419.1265394577614,125195.6,131.0,393,1,0.3333,139.70884648592047,412.89329173539215,0.0,0.0,6.233247722369245,0.0,0.0,0.0,0.0,0.0,0.0,0.0,0.0,Silver Tip Bamboo Tea Works,SRI LANKA,4.0,High Value One-Off,7386623.5,49574.654362416106,72.0,105.0,1.722,7.44,18.0,3.0,0.3333,RETAIL,High,0
13591000000666,10224,1,319.6063014020797,95400.0,15.0,15,1,1.0,319.6063014020797,319.6063014020797,0.0,0.0,0.0,3.0,91.94000000000233,1.0,0.0,0.0,0.0,0.0,3.0,Assam Willow Holdings,SRI LANKA,3.0,Strategic High-Value,3258575.68,17425.538395721927,43.0,145.0,1.186,7.29,28.0,1.0,1.0,RETAIL,High,0
13591000000668,10225,3,296.30988917938305,88500.0,0.0,0,0,0.0,98.76996305979435,296.30988917938305,0.0,0.0,0.0,0.0,0.0,0.0,0.0,0.0,0.0,0.0,0.0,GreenLeaf Fern Tea Co.,SRI LANKA,4.0,High Value One-Off,6340250.0,26091.56378600823,69.0,105.0,2.391,7.44,17.0,3.0,0.3333,FOOD SERVICE,Low,1
13591000000672,10227,17,32525.04,9496113.2,333.1764705882353,358,17,1.0,1913.2376470588235,0.0,0.0,0.0,32525.04,1.0,546.0,1.0,0.0,0.0,0.0,0.0,0.058823529411764705,Matcha Bamboo Holdings 10C,SRI LANKA,0.0,Loyal Medium Buyers,2433534.43,156.7998988402062,69.0,440.0,9.116,6.52,493.0,3.0,0.3333,RETAIL,High,0
13591000000674,10228,21,4353.146494261,1293692.0,16.857142857142858,133,9,0.4286,207.29269020290477,3104.0929284663107,818.4726727860449,0.0,430.580893008644,6.0,103899.97999999998,1.0,0.0,0.0,0.0,0.0,0.2857142857142857,Matcha Maple Exports,SRI LANKA,4.0,High Value One-Off,11453087.46,17512.36614678899,90.0,103.0,5.611,7.44,51.0,3.0,0.3333,FOOD SERVICE,High,0
13591000000683,10232,2,1111.8036510288043,331500.0,8.5,17,1,0.5,555.9018255144022,1111.8036510288043,0.0,0.0,0.0,0.0,0.0,0.0,0.0,0.0,0.0,0.0,0.0,GreenLeaf Orchid Holdings 894,SRI LANKA,4.0,High Value One-Off,9463100.0,111330.58823529411,72.0,127.0,1.181,7.36,8.0,2.0,0.5,FOOD SERVICE,Medium,2
13591000000687,10234,3,104.7085897789446,30975.0,75.0,130,2,0.6667,34.9028632596482,19.74628368247441,0.0,0.0,84.9623060964702,1.0,203.0099999999948,1.0,0.0,0.0,0.0,0.0,0.3333333333333333,Black Gold Palm Tea Works,SRI LANKA,4.0,High Value One-Off,951393.4,9808.179381443299,52.0,110.0,1.365,7.43,27.0,3.0,0.3333,FOOD SERVICE,High,0
13591000000693,10237,6,2122.831026274439,629878.1,43.333333333333336,105,4,0.6667,353.8051710457398,699.0733895418867,976.8528690789111,372.1580448457111,74.74672280792979,0.0,0.0,0.0,0.0,0.0,0.0,0.0,0.0,Oolong Jasmine Exports A4C,SRI LANKA,4.0,High Value One-Off,5847786.8,24884.199148936168,70.0,102.0,1.943,7.45,30.0,3.0,0.3333,FOOD SERVICE,High,0
13591000000701,10241,17,37644.02069271236,11227485.9,8.352941176470589,36,8,0.4706,2214.3541583948445,36392.92113175586,1251.099560956498,0.0,0.0,2.0,24500.0,1.0,0.0,0.0,1.0,-82.72519967747691,0.11764705882352941,Golden Bud Orchid Holdings E61,SRI LANKA,0.0,Loyal Medium Buyers,325770093.23,31708.20451917462,80.0,103.0,8.175,7.44,657.0,3.0,0.3333,RETAIL,Medium,2
13591000000705,10245,2,233.1577436835216,69384.0,16.0,32,1,0.5,116.5788718417608,116.3694814896313,116.7882621938903,0.0,0.0,0.0,0.0,0.0,0.0,0.0,0.0,0.0,0.0,Herbal Fern Trading,SRI LANKA,4.0,High Value One-Off,1339382.0,27334.326530612245,42.0,127.0,1.095,7.38,4.0,2.0,0.5,FOOD SERVICE,Medium,2
13591000000715,10250,5,4525.420968463537,1348150.0,14.6,43,3,0.6,905.0841936927075,3556.2721499803165,969.14881848322,0.0,0.0,1.0,15118.0,1.0,0.0,0.0,0.0,0.0,0.2,Sencha Magnolia Distributors BCB,SRI LANKA,4.0,High Value One-Off,31292035.0,260766.95833333334,65.0,109.0,1.769,6.88,10.0,3.0,0.3333,FOOD SERVICE,Medium,2
13591000000727,10256,2,405.80309639148925,120728.0,253.5,507,1,0.5,202.90154819574462,272.5227026941992,0.0,0.0,133.28039369729,2.0,88792.0,1.0,0.0,0.0,0.0,0.0,1.0,Black Gold Willow Tea Co.,SRI LANKA,4.0,High Value One-Off,1382158.0,24248.385964912282,38.0,117.0,1.105,7.41,6.0,3.0,0.3333,FOOD SERVICE,High,0
13591000000749,10267,2,105.2056798982679,31329.0,7.0,14,1,0.5,52.60283994913395,105.2056798982679,0.0,0.0,0.0,0.0,0.0,0.0,0.0,0.0,0.0,0.0,0.0,Silver Tip Rosewood Beverages 5B5,SRI LANKA,4.0,High Value One-Off,260150.0,4409.322033898305,28.0,117.0,1.107,7.41,7.0,2.0,0.5,FOOD SERVICE,Medium,2
13591000000751,10268,3,1282.0646424706597,382850.0,5.666666666666667,17,1,0.3333,427.35488082355323,1282.0646424706597,0.0,0.0,0.0,2.0,1236.0200000000077,1.0,0.0,0.0,0.0,0.0,0.6666666666666666,Herbal Maple Holdings 5B6,SRI LANKA,4.0,High Value One-Off,2131127.63,37388.204035087714,47.0,113.0,1.17,7.42,11.0,2.0,0.5,RETAIL,Medium,2
13591000000759,10272,2,581.844094485078,173460.0,17.5,35,1,0.5,290.922047242539,290.7999193954795,291.0441750895985,0.0,0.0,0.0,0.0,0.0,0.0,0.0,0.0,0.0,0.0,GreenLeaf Sage Exports,SRI LANKA,4.0,High Value One-Off,2413118.0,34972.72463768116,44.0,131.0,1.068,7.37,12.0,2.0,0.5,FOOD SERVICE,Medium,2
13591000000774,10279,4,210.63224552944845,62835.0,0.0,0,0,0.0,52.65806138236211,210.63224552944845,0.0,0.0,0.0,1.0,9000.0,1.0,0.0,0.0,0.0,0.0,0.25,Golden Bud Magnolia Tea Co. 47B,SRI LANKA,4.0,High Value One-Off,7867698.0,19096.35436893204,81.0,117.0,3.086,7.41,29.0,3.0,0.3333,FOOD SERVICE,Low,1
13591000000790,10287,105,97868.19455330457,29725263.3,333.3333333333333,660,92,0.8762,932.0780433648054,14169.216629589617,10225.378236054215,3748.002292846719,69725.597394814,1.0,150000.0,1.0,0.0,0.0,0.0,0.0,0.009523809523809525,Black Gold Hibiscus Imports FE3,SRI LANKA,0.0,Loyal Medium Buyers,157991702.71,24381.435603395064,83.0,103.0,7.301,7.44,681.0,3.0,0.3333,RETAIL,High,0
13591000000800,10292,5,477.40750473643436,142584.0,56.0,164,4,0.8,95.48150094728688,477.3266129043138,0.0201540455461295,0.0303182813172686,0.0304195052571665,1.0,2778.0,1.0,0.0,0.0,0.0,0.0,0.2,GreenLeaf Jasmine Distributors,SRI LANKA,4.0,High Value One-Off,1512928.24,47279.0075,21.0,110.0,1.381,7.11,4.0,2.0,0.5,RETAIL,High,0
13591000000808,10296,3,1077.5328487752754,320016.0,114.0,185,3,1.0,359.17761625842513,1050.649957044326,0.0,0.0,26.88289173094953,0.0,0.0,0.0,0.0,0.0,0.0,0.0,0.0,GreenLeaf Palm Tea Works,SRI LANKA,3.0,Strategic High-Value,7808571.11,11107.498022759602,62.0,162.0,1.177,7.26,47.0,1.0,1.0,RETAIL,High,0
13591000000816,10300,1,375.0149704905704,112100.0,0.0,0,0,0.0,375.0149704905704,375.0149704905704,0.0,0.0,0.0,0.0,0.0,0.0,0.0,0.0,0.0,0.0,0.0,Darjeeling Bamboo Tea Co. 7AC,SRI LANKA,4.0,High Value One-Off,6267587.6,50955.996747967474,52.0,102.0,1.558,7.45,34.0,3.0,0.3333,RETAIL,Low,1
13591000000822,10303,3,340.6068338971264,100890.0,84.66666666666667,169,2,0.6667,113.53561129904215,78.99208773744905,0.0,180.8840374637828,80.7307086958946,1.0,1000.0,1.0,0.0,0.0,0.0,0.0,0.3333333333333333,Black Gold Maple Beverages,SRI LANKA,4.0,High Value One-Off,883544.92,12993.307647058824,45.0,117.0,1.267,7.37,7.0,3.0,0.3333,FOOD SERVICE,High,0
13591000000824,10304,1,316.5169190699096,94400.0,0.0,0,0,0.0,316.5169190699096,316.5169190699096,0.0,0.0,0.0,0.0,0.0,0.0,0.0,0.0,0.0,0.0,0.0,Black Gold Sage Exports,SRI LANKA,4.0,High Value One-Off,1841600.0,20237.362637362636,38.0,131.0,1.289,7.37,6.0,2.0,0.5,FOOD SERVICE,Low,1
13591000000826,10305,3,111.56820125302272,32730.0,151.66666666666666,252,3,1.0,37.18940041767424,46.48603776014077,0.0,0.0,65.08216349288195,1.0,133.3000000000002,1.0,0.0,0.0,0.0,0.0,0.3333333333333333,Oolong Willow Beverages,SRI LANKA,4.0,High Value One-Off,766440.48,19652.32,21.0,133.0,1.095,7.0,19.0,3.0,0.3333,FOOD SERVICE,High,0
13591000000828,10306,1,197.9072814449513,59000.0,6.0,6,1,1.0,197.9072814449513,197.9072814449513,0.0,0.0,0.0,0.0,0.0,0.0,0.0,0.0,0.0,0.0,0.0,Darjeeling Orchid Trading,SRI LANKA,4.0,High Value One-Off,632494.0,11712.851851851852,26.0,127.0,1.154,7.38,17.0,3.0,0.3333,FOOD SERVICE,High,0
13591000000834,10311,13,27264.062184993203,8139106.7,368.7692307692308,2750,9,0.6923,2097.235552691785,24588.068743840966,1254.4090040637075,0.0,1421.5844370885316,3.0,7015569.01,1.0,0.0,0.0,0.0,0.0,0.23076923076923078,Silver Tip Hibiscus Exports 786,SRI LANKA,4.0,High Value One-Off,4083707.09,5104.6338625,69.0,112.0,7.667,7.33,106.0,4.0,0.25,GLOBAL,High,0
13591000000837,10312,137,126198.68519434409,37646440.5,97.02919708029196,2097,86,0.6277,921.1582860901028,115780.76815903417,487.2100232494199,705.22,9225.4870120605,4.0,37772.74,1.0,4.0,724.7079099309351,6.0,-1145.8158198618703,0.029197080291970802,Assam Orchid Beverages 861,SRI LANKA,0.0,Loyal Medium Buyers,17375727.71,3823.883738996479,91.0,101.0,43.725,7.52,565.0,3.0,0.3333,GLOBAL,High,0
13591000000845,10316,2,375.47815320729427,112185.3,2.5,5,1,0.5,187.73907660364713,375.47815320729427,0.0,0.0,0.0,1.0,63748.97,1.0,0.0,0.0,0.0,0.0,0.5,GreenLeaf Jasmine Distributors 262,SRI LANKA,0.0,No Sales History,0.0,0.0,0.0,0.0,0.0,0.0,0.0,0.0,0.0,Unknown,Medium,2
13591000000849,10319,8,2242.3954847849336,668699.1,54.375,131,7,0.875,280.2994355981167,1941.4191040119608,74.70455229922334,75.29069305632217,150.98113541742708,1.0,90.0,1.0,0.0,0.0,0.0,0.0,0.125,Black Gold Maple Exports 898,SRI LANKA,0.0,No Sales History,0.0,0.0,0.0,0.0,0.0,0.0,0.0,0.0,0.0,Unknown,High,0
13591000000857,10325,8,451.510832229878,134652.1,31.5,66,7,0.875,56.43885402873475,278.6617571253356,172.10627332246173,0.7428017820806362,0.0,1.0,27.22000000000116,1.0,0.0,0.0,0.0,0.0,0.125,Herbal Lotus Trading B40,SRI LANKA,0.0,No Sales History,0.0,0.0,0.0,0.0,0.0,0.0,0.0,0.0,0.0,Unknown,High,0
13591000000859,10326,4,3689.682827974072,1102156.4000000001,21.0,55,3,0.75,922.420706993518,3429.1576189187067,260.5252090553656,0.0,0.0,1.0,713765.87,1.0,0.0,0.0,0.0,0.0,0.25,Assam Cedar Trading 276,SRI LANKA,1.0,High Frequency Buyers,226716.0,113358.0,1.0,661.0,2.0,0.0,1.0,1.0,1.0,GLOBAL,High,0
13591000000861,10327,16,6054.488588423142,1799541.9000000001,70.5,131,15,0.9375,378.40553677644635,2193.811132480747,1239.365824712555,1237.2882148354436,1384.0234163943958,0.0,0.0,0.0,0.0,0.0,0.0,0.0,0.0,Sencha Willow Holdings B9F,SRI LANKA,0.0,No Sales History,0.0,0.0,0.0,0.0,0.0,0.0,0.0,0.0,0.0,Unknown,High,0
13591000000865,10329,8,11706.519101611219,3492733.7,34.0,86,7,0.875,1463.3148877014023,9972.397020159395,1347.5331875642125,386.5888938876129,0.0,0.0,0.0,0.0,0.0,0.0,0.0,0.0,0.0,Black Gold Hibiscus Tea Works A1F,SRI LANKA,0.0,No Sales History,0.0,0.0,0.0,0.0,0.0,0.0,0.0,0.0,0.0,Unknown,High,0
13591000000871,10333,10,1108.919038493387,330607.9,93.5,468,8,0.8,110.8919038493387,869.8605360848562,95.3036395866946,44.90063149540668,98.85423132642953,2.0,7006.699999999997,1.0,0.0,0.0,0.0,0.0,0.2,Black Gold Orchid Beverages ED3,SRI LANKA,4.0,High Value One-Off,12232185.24,130129.63021276596,60.0,112.0,1.417,7.41,8.0,2.0,0.5,RETAIL,High,0
13591000000877,10336,3,446.1639369800024,133291.1,9.666666666666666,24,2,0.6667,148.72131232666746,446.1639369800024,0.0,0.0,0.0,0.0,0.0,0.0,0.0,0.0,0.0,0.0,0.0,TeaLeaf Magnolia Holdings 1FF,SRI LANKA,0.0,No Sales History,0.0,0.0,0.0,0.0,0.0,0.0,0.0,0.0,0.0,Unknown,Medium,2
13591000000881,10338,7,3028.4602345330804,904157.6,18.714285714285715,55,5,0.7143,432.6371763618686,2914.5772948058197,113.8829397272605,0.0,0.0,0.0,0.0,0.0,0.0,0.0,0.0,0.0,0.0,Sencha Palm Imports,SRI LANKA,0.0,No Sales History,0.0,0.0,0.0,0.0,0.0,0.0,0.0,0.0,0.0,Unknown,High,0
13591000000889,10344,1,295.1692758663452,85450.0,356.0,356,1,1.0,295.1692758663452,0.0,0.0,0.0,295.1692758663452,0.0,0.0,0.0,0.0,0.0,0.0,0.0,0.0,Ceylon Palm Exports 53F,SRI LANKA,3.0,Strategic High-Value,2819965.0,43384.07692307692,23.0,260.0,1.261,6.43,32.0,1.0,1.0,GLOBAL,High,0
13591000000893,10347,1,1760.994310325775,522695.5,31.0,31,1,1.0,1760.994310325775,0.0,1760.994310325775,0.0,0.0,0.0,0.0,0.0,0.0,0.0,0.0,0.0,0.0,Matcha Willow Trading F16,SRI LANKA,3.0,Strategic High-Value,572343.68,8416.818823529413,30.0,161.0,1.267,6.39,4.0,1.0,1.0,GLOBAL,High,0
13591000000899,10352,1,81.46927321795405,24271.0,44.0,44,1,1.0,81.46927321795405,0.0,81.46927321795405,0.0,0.0,0.0,0.0,0.0,0.0,0.0,0.0,0.0,0.0,Golden Bud Clover Tea Works 70B,SRI LANKA,3.0,Strategic High-Value,2000826.0,15273.480916030534,23.0,145.0,1.565,6.7,53.0,1.0,1.0,GLOBAL,High,0
13591000000901,10353,3,2874.4392476158937,857860.0,8.0,15,2,0.6667,958.1464158719646,2874.4392476158937,0.0,0.0,0.0,1.0,6.799999999999955,1.0,0.0,0.0,0.0,0.0,0.3333333333333333,Darjeeling Maple Exports 6CA,SRI LANKA,3.0,Strategic High-Value,2244508.0,47755.48936170213,14.0,124.0,1.286,6.56,28.0,1.0,1.0,GLOBAL,Medium,2
13591000000921,10368,3,5939.349195449466,1772522.1,0.0,0,0,0.0,1979.7830651498218,5939.349195449466,0.0,0.0,0.0,0.0,0.0,0.0,0.0,0.0,0.0,0.0,0.0,Assam Palm Tea Co. 36D,SRI LANKA,3.0,Strategic High-Value,4533242.52,32150.656170212762,52.0,104.0,1.577,7.38,33.0,1.0,1.0,GLOBAL,Low,1
13591000000935,10380,1,1646.592331901351,489346.0,28.0,28,1,1.0,1646.592331901351,1646.592331901351,0.0,0.0,0.0,0.0,0.0,0.0,0.0,0.0,0.0,0.0,0.0,Darjeeling Bamboo Beverages 74C,SRI LANKA,3.0,Strategic High-Value,21439247.0,223325.48958333334,23.0,158.0,1.13,6.87,36.0,1.0,1.0,GLOBAL,High,0
13591000000951,10392,3,8083.119096262228,2408616.0,26.666666666666668,52,2,0.6667,2694.3730320874092,6771.128571212224,1311.990525050003,0.0,0.0,0.0,0.0,0.0,0.0,0.0,0.0,0.0,0.0,Herbal Ivy Beverages,SRI LANKA,3.0,Strategic High-Value,23422642.5,251856.37096774194,50.0,138.0,1.46,7.29,27.0,1.0,1.0,GLOBAL,Medium,2
13591000000953,10393,2,2936.1287375332527,875088.0,14.5,29,1,0.5,1468.0643687666263,2936.1287375332527,0.0,0.0,0.0,0.0,0.0,0.0,0.0,0.0,0.0,0.0,0.0,Ceylon Hibiscus Distributors C7F,SRI LANKA,3.0,Strategic High-Value,9405340.0,171006.18181818182,25.0,134.0,1.4,7.23,23.0,1.0,1.0,GLOBAL,Medium,2
13591000000959,10398,5,2341.4578566579526,698295.2,17.4,49,5,1.0,468.2915713315905,1890.4968466663477,450.9610099916049,0.0,0.0,1.0,34.0,1.0,0.0,0.0,0.0,0.0,0.2,TeaLeaf Jasmine Trading,SRI LANKA,3.0,Strategic High-Value,4340298.25,36169.152083333334,41.0,125.0,1.561,7.41,83.0,1.0,1.0,GLOBAL,High,0
13591000000961,10399,3,3447.3587754034584,1025302.0,18.666666666666668,28,2,0.6667,1149.1195918011529,3447.3587754034584,0.0,0.0,0.0,0.0,0.0,0.0,0.0,0.0,0.0,0.0,0.0,Silver Tip Bamboo Holdings,SRI LANKA,3.0,Strategic High-Value,9824320.0,204673.33333333334,17.0,116.0,1.176,7.04,22.0,1.0,1.0,GLOBAL,Medium,2
13591000000977,10415,3,221.75555808611492,66250.0,2.3333333333333335,4,2,0.6667,73.91851936203831,221.75555808611492,0.0,0.0,0.0,1.0,14943.0,1.0,0.0,0.0,0.0,0.0,0.3333333333333333,Matcha Ivy Trading 43E,SRI LANKA,3.0,Strategic High-Value,9739358.0,19096.780392156863,74.0,112.0,3.027,7.44,119.0,1.0,1.0,GLOBAL,Medium,2
13591000000981,10438,3,392.04075821906906,117153.5,10.333333333333334,18,3,1.0,130.68025273968968,392.04075821906906,0.0,0.0,0.0,17.0,2497.180000000002,1.0,0.0,0.0,0.0,0.0,5.666666666666667,Silver Tip Bamboo Exports,SRI LANKA,3.0,Strategic High-Value,27933762.7,24353.759982563206,85.0,102.0,7.729,7.52,332.0,1.0,1.0,GLOBAL,High,0
13591000000987,10446,1,771.5371528166639,230100.0,33.0,33,1,1.0,771.5371528166639,0.0,771.5371528166639,0.0,0.0,0.0,0.0,0.0,0.0,0.0,0.0,0.0,0.0,White Pearl Jasmine Beverages 416,SRI LANKA,3.0,Strategic High-Value,2898530.0,93500.96774193548,22.0,147.0,1.136,7.15,11.0,1.0,1.0,GLOBAL,High,0
13591000000989,10447,6,3669.6078517828846,1092385.0,13.333333333333334,52,3,0.5,611.6013086304807,2837.7298014794405,831.8780503034442,0.0,0.0,0.0,0.0,0.0,0.0,0.0,0.0,0.0,0.0,Silver Tip Clover Tea Co.,SRI LANKA,3.0,Strategic High-Value,37073349.26,243903.61355263158,53.0,111.0,1.774,7.13,71.0,1.0,1.0,GLOBAL,Medium,2
13591000001003,10454,2,171.145847379394,51150.0,0.0,0,0,0.0,85.572923689697,171.145847379394,0.0,0.0,0.0,0.0,0.0,0.0,0.0,0.0,0.0,0.0,0.0,TeaLeaf Hibiscus Tea Works,SRI LANKA,3.0,Strategic High-Value,9769878.0,85700.68421052632,28.0,113.0,1.821,7.02,54.0,1.0,1.0,GLOBAL,Low,1
13591000001021,10464,1,1012.646532283363,300857.7,36.0,36,1,1.0,1012.646532283363,0.0,1012.646532283363,0.0,0.0,0.0,0.0,0.0,0.0,0.0,0.0,0.0,0.0,Herbal Maple Tea Works,SRI LANKA,3.0,Strategic High-Value,1293482.0,44602.8275862069,21.0,166.0,1.095,6.23,5.0,1.0,1.0,GLOBAL,High,0
13591000001037,10479,1,145.1918647495502,43306.0,0.0,0,0,0.0,145.1918647495502,145.1918647495502,0.0,0.0,0.0,0.0,0.0,0.0,0.0,0.0,0.0,0.0,0.0,Black Gold Lotus Distributors,SRI LANKA,3.0,Strategic High-Value,5882500.0,1176500.0,5.0,130.0,1.0,4.5,4.0,1.0,1.0,GLOBAL,Low,1
13591000001043,10486,1,550.4802806511874,164400.0,30.0,30,1,1.0,550.4802806511874,550.4802806511874,0.0,0.0,0.0,0.0,0.0,0.0,0.0,0.0,0.0,0.0,0.0,Silver Tip Willow Tea Co. DD7,SRI LANKA,3.0,Strategic High-Value,2904909.99,38732.133200000004,38.0,144.0,1.421,7.32,24.0,1.0,1.0,GLOBAL,High,0
13591000001075,10507,1,56.78890408471364,16950.0,46.0,46,1,1.0,56.78890408471364,0.0,56.78890408471364,0.0,0.0,0.0,0.0,0.0,0.0,0.0,0.0,0.0,0.0,GreenLeaf Bamboo Trading,SRI LANKA,3.0,Strategic High-Value,1722847.0,45338.07894736842,24.0,146.0,1.167,7.18,16.0,1.0,1.0,GLOBAL,High,0
13591000001109,10531,2,92.57052435395227,27657.0,93.0,186,1,0.5,46.28526217697613,92.53962840224882,0.0,0.0,0.0308959517034483,1.0,3249.799999999999,1.0,0.0,0.0,0.0,0.0,0.5,Golden Bud Maple Tea Works,SRI LANKA,3.0,Strategic High-Value,727415.58,26941.317777777775,23.0,105.0,1.174,1.94,3.0,1.0,1.0,RETAIL,High,0
13591000001115,10534,1,608.2071144033164,181720.0,0.0,0,0,0.0,608.2071144033164,608.2071144033164,0.0,0.0,0.0,0.0,0.0,0.0,0.0,0.0,0.0,0.0,0.0,Sencha Ivy Distributors 6E5,SRI LANKA,3.0,Strategic High-Value,3483300.0,248807.14285714287,9.0,109.0,1.222,5.13,8.0,1.0,1.0,GLOBAL,Low,1
13591000001143,10550,1,200.5702184811417,59944.0,13.0,13,1,1.0,200.5702184811417,200.5702184811417,0.0,0.0,0.0,0.0,0.0,0.0,0.0,0.0,0.0,0.0,0.0,Oolong Willow Imports,SRI LANKA,4.0,High Value One-Off,233037.28,77679.09333333334,3.0,113.0,1.0,0.99,2.0,2.0,0.5,RETAIL,High,0
13591000001151,10555,9,251.81235110047527,75107.0,9.0,30,5,0.5556,27.97915012227503,251.81235110047527,0.0,0.0,0.0,1.0,8201.0,1.0,0.0,0.0,0.0,0.0,0.1111111111111111,Golden Bud Rosewood Tea Co. 0FE,SRI LANKA,4.0,High Value One-Off,341401.69,6694.150784313725,17.0,104.0,2.059,1.49,4.0,3.0,0.3333,GLOBAL,Medium,2
13591000001155,10561,1,145.8577407541281,43500.0,33.0,33,1,1.0,145.8577407541281,0.0,145.8577407541281,0.0,0.0,0.0,0.0,0.0,0.0,0.0,0.0,0.0,0.0,Ceylon Ivy Distributors 5F2,SRI LANKA,1.0,High Frequency Buyers,366870.0,61145.0,2.0,147.0,2.0,0.4,4.0,1.0,1.0,GLOBAL,High,0
13591000001161,10570,2,14.746533031808312,4400.0,8.0,16,1,0.5,7.373266515904156,14.746533031808312,0.0,0.0,0.0,0.0,0.0,0.0,0.0,0.0,0.0,0.0,0.0,Golden Bud Maple Imports FEE,SRI LANKA,0.0,No Sales History,0.0,0.0,0.0,0.0,0.0,0.0,0.0,0.0,0.0,Unknown,Medium,2
13591000001164,10573,5,239514.60625115986,71415219.4,48.0,240,1,0.2,47902.92125023197,234303.01625115986,0.0,0.0,5211.59,0.0,0.0,0.0,0.0,0.0,0.0,0.0,0.0,TeaLeaf Magnolia Tea Works 59F,SRI LANKA,3.0,Strategic High-Value,3802159.45,13482.834929078015,66.0,111.0,2.47,7.34,118.0,1.0,1.0,GLOBAL,High,0
13591000001171,10580,5,15933.433832017872,4758024.7,3.2,16,1,0.2,3186.6867664035744,15933.433832017872,0.0,0.0,0.0,0.0,0.0,0.0,0.0,0.0,0.0,0.0,0.0,Sencha Clover Beverages 107,SRI LANKA,3.0,Strategic High-Value,8220865.76,29048.995618374556,67.0,109.0,1.866,7.44,94.0,1.0,1.0,GLOBAL,Low,1
13591000001173,10581,11,17998.59,5345548.1,117.27272727272727,606,11,1.0,1636.2354545454546,9315.0,3608.0699999999997,1695.0,3380.52,0.0,0.0,0.0,0.0,0.0,0.0,0.0,0.0,Matcha Magnolia Tea Co.,SRI LANKA,3.0,Strategic High-Value,527068.32,3513.7888,50.0,143.0,2.54,7.08,25.0,1.0,1.0,GLOBAL,High,0
13591000001175,10582,5,4780.780125355621,1425534.0,12.4,41,3,0.6,956.1560250711242,3198.8038926652116,1581.976232690409,0.0,0.0,0.0,0.0,0.0,0.0,0.0,0.0,0.0,0.0,Assam Willow Distributors D47,SRI LANKA,3.0,Strategic High-Value,19178944.6,155926.37886178863,65.0,110.0,1.769,7.5,17.0,1.0,1.0,GLOBAL,Medium,2
13591000001179,10586,1,461.4294870763405,137647.0,10.0,10,1,1.0,461.4294870763405,461.4294870763405,0.0,0.0,0.0,0.0,0.0,0.0,0.0,0.0,0.0,0.0,0.0,Golden Bud Jasmine Distributors C6A,SRI LANKA,3.0,Strategic High-Value,10206818.56,226818.19022222224,25.0,140.0,1.16,7.22,11.0,1.0,1.0,GLOBAL,High,0
13591000001189,10594,1,54.58837293297993,16126.5,142.0,142,1,1.0,54.58837293297993,0.0,0.0,0.0,54.58837293297993,0.0,0.0,0.0,0.0,0.0,0.0,0.0,0.0,White Pearl Rosewood Tea Works B28,SRI LANKA,3.0,Strategic High-Value,1553224.2,64717.674999999996,16.0,242.0,1.25,6.05,12.0,1.0,1.0,GLOBAL,High,0
13591000001205,10607,4,1744.4216599471854,520020.1,18.25,73,1,0.25,436.10541498679635,1563.3341070291378,0.0,181.0875529180475,0.0,0.0,0.0,0.0,0.0,0.0,0.0,0.0,0.0,Ceylon Rosewood Trading,SRI LANKA,3.0,Strategic High-Value,8082698.350000001,149679.5990740741,20.0,109.0,2.25,7.24,22.0,1.0,1.0,GLOBAL,Medium,2
13591000001213,10613,4,9867.333578058599,2944154.2,34.25,101,4,1.0,2466.8333945146496,9737.398689159854,0.0,0.0,129.9348888987452,0.0,0.0,0.0,0.0,0.0,0.0,0.0,0.0,Silver Tip Rosewood Tea Co.,SRI LANKA,3.0,Strategic High-Value,28906050.3,298000.518556701,40.0,134.0,1.875,7.1,11.0,1.0,1.0,GLOBAL,High,0
13591000001229,10622,2,5243.386964856019,1566376.5,5.0,10,1,0.5,2621.6934824280097,5243.386964856019,0.0,0.0,0.0,0.0,0.0,0.0,0.0,0.0,0.0,0.0,0.0,White Pearl Magnolia Tea Co. 1F2,SRI LANKA,3.0,Strategic High-Value,2177719.47,17997.681570247936,58.0,113.0,1.517,7.45,34.0,1.0,1.0,GLOBAL,Medium,2
13591000001231,10624,1,111.3017794136175,33040.0,60.0,60,1,1.0,111.3017794136175,0.0,111.3017794136175,0.0,0.0,0.0,0.0,0.0,0.0,0.0,0.0,0.0,0.0,White Pearl Rosewood Tea Works,SRI LANKA,4.0,High Value One-Off,2651700.0,69781.57894736843,23.0,190.0,1.217,7.06,27.0,2.0,0.5,GLOBAL,High,0
13591000001233,10625,1,15.60019064296482,4661.0,11.0,11,1,1.0,15.60019064296482,15.60019064296482,0.0,0.0,0.0,1.0,50.0,1.0,0.0,0.0,0.0,0.0,1.0,Assam Rosewood Exports,SRI LANKA,3.0,Strategic High-Value,657000.0,21193.548387096773,16.0,111.0,1.25,6.84,15.0,1.0,1.0,GLOBAL,High,0
13591000001245,10633,1,504.907178110079,150794.6,19.0,19,1,1.0,504.907178110079,504.907178110079,0.0,0.0,0.0,2.0,167213.5,1.0,0.0,0.0,0.0,0.0,2.0,Matcha Jasmine Distributors C8C,SRI LANKA,3.0,Strategic High-Value,9520970.0,179640.94339622642,37.0,119.0,1.297,7.28,10.0,1.0,1.0,GLOBAL,High,0
13591000001277,10663,1,276.8875028870383,82600.0,0.0,0,0,0.0,276.8875028870383,276.8875028870383,0.0,0.0,0.0,0.0,0.0,0.0,0.0,0.0,0.0,0.0,0.0,Sencha Orchid Beverages 055,SRI LANKA,1.0,High Frequency Buyers,70000.0,70000.0,1.0,125.0,1.0,0.0,1.0,1.0,1.0,GLOBAL,Low,1
13591000001279,10664,5,1309.335211803293,391080.1,8.4,26,2,0.4,261.8670423606586,1309.335211803293,0.0,0.0,0.0,0.0,0.0,0.0,0.0,0.0,0.0,0.0,0.0,White Pearl Palm Trading 12F,SRI LANKA,3.0,Strategic High-Value,4454777.04,25899.866511627908,45.0,105.0,1.867,7.5,80.0,1.0,1.0,GLOBAL,Medium,2
13591000001283,10666,5,8228.100413363467,2449543.5,12.4,31,2,0.4,1645.6200826726933,4002.300413363466,4225.8,0.0,0.0,0.0,0.0,0.0,0.0,0.0,0.0,0.0,0.0,Sencha Lotus Exports,SRI LANKA,3.0,Strategic High-Value,523285.4,9514.28,32.0,113.0,1.656,7.24,10.0,1.0,1.0,GLOBAL,Medium,2
13591000001293,10671,2,477.3735460668392,142600.0,13.0,26,1,0.5,238.6867730334196,477.3735460668392,0.0,0.0,0.0,0.0,0.0,0.0,0.0,0.0,0.0,0.0,0.0,Assam Bamboo Holdings EDF,SRI LANKA,3.0,Strategic High-Value,3398420.5,27406.61693548387,41.0,113.0,1.829,7.45,56.0,1.0,1.0,GLOBAL,Medium,2
13591000001305,10678,4,5214.599999999999,1543575.7,53.0,122,2,0.5,1303.6499999999999,339.6,0.0,4109.4,765.6,0.0,0.0,0.0,0.0,0.0,0.0,0.0,0.0,Ceylon Willow Distributors 1EB,SRI LANKA,3.0,Strategic High-Value,24883.69,2764.854444444444,5.0,112.0,1.8,3.75,7.0,1.0,1.0,GLOBAL,High,0
13591000001307,10681,7,9716.367249061204,2896894.5,110.0,354,6,0.8571,1388.0524641516006,7956.167249061205,317.7,0.0,1442.5,0.0,0.0,0.0,0.0,0.0,0.0,0.0,0.0,White Pearl Rosewood Beverages 722,SRI LANKA,3.0,Strategic High-Value,3562838.09,35628.3809,52.0,113.0,1.577,7.43,40.0,1.0,1.0,GLOBAL,High,0
13591000001349,10710,2,299.07265601237555,89200.0,22.0,25,2,1.0,149.53632800618777,299.07265601237555,0.0,0.0,0.0,0.0,0.0,0.0,0.0,0.0,0.0,0.0,0.0,Silver Tip Hibiscus Beverages 84A,SRI LANKA,3.0,Strategic High-Value,3206360.0,13644.08510638298,44.0,133.0,1.409,7.38,38.0,1.0,1.0,GLOBAL,High,0
13591000001355,10713,41,163450.60750165908,48255607.0,185.82926829268294,469,35,0.8537,3986.6001829672946,17703.4757584198,25880.546182570783,8145.550435985887,111721.0351246826,3.0,5101707.32,1.0,15.0,13212.651163932007,1.0,-58.03738609150497,0.07317073170731707,Black Gold Palm Imports,SRI LANKA,4.0,High Value One-Off,22671869.6,310573.5561643836,29.0,104.0,2.034,4.65,25.0,2.0,0.5,GLOBAL,High,0
13591000001380,10731,5,10729.59571002969,3201812.0,24.2,57,5,1.0,2145.919142005938,10138.216486673204,591.3792233564858,0.0,0.0,2.0,11283.14,1.0,0.0,0.0,0.0,0.0,0.4,Matcha Cedar Beverages DE8,SRI LANKA,3.0,Strategic High-Value,24065291.9,183704.5183206107,40.0,146.0,1.725,7.36,19.0,1.0,1.0,GLOBAL,High,0
13591000001386,10735,1,14.91824800095477,4450.0,20.0,20,1,1.0,14.91824800095477,14.91824800095477,0.0,0.0,0.0,0.0,0.0,0.0,0.0,0.0,0.0,0.0,0.0,Herbal Jasmine Trading 9F5,SRI LANKA,3.0,Strategic High-Value,1838705.53,14143.888692307693,33.0,134.0,1.333,7.16,32.0,1.0,1.0,GLOBAL,High,0
13591000001400,10749,2,4622.387412324653,1380600.0,0.0,0,0,0.0,2311.1937061623266,4622.387412324653,0.0,0.0,0.0,1.0,60.73999999999978,1.0,0.0,0.0,0.0,0.0,0.5,Oolong Lotus Trading B7D,SRI LANKA,3.0,Strategic High-Value,21208130.0,279054.34210526315,37.0,111.0,1.378,7.37,41.0,1.0,1.0,GLOBAL,Low,1
13591000001402,10750,1,151.377180300783,45150.0,19.0,19,1,1.0,151.377180300783,151.377180300783,0.0,0.0,0.0,0.0,0.0,0.0,0.0,0.0,0.0,0.0,0.0,TeaLeaf Willow Exports FF6,SRI LANKA,3.0,Strategic High-Value,2262970.05,48148.298936170206,26.0,133.0,1.385,5.63,22.0,1.0,1.0,GLOBAL,High,0
13591000001438,10781,4,497.8358844246843,148500.0,30.0,41,4,1.0,124.45897110617108,36.21168141901509,461.6242030056692,0.0,0.0,1.0,37250.0,1.0,0.0,0.0,0.0,0.0,0.25,White Pearl Bamboo Beverages D5C,SRI LANKA,3.0,Strategic High-Value,11419334.88,38448.93898989899,82.0,131.0,2.622,7.4,60.0,1.0,1.0,GLOBAL,High,0
13591000001440,10783,2,680.4162455744392,202960.0,6.5,10,2,1.0,340.2081227872196,680.4162455744392,0.0,0.0,0.0,0.0,0.0,0.0,0.0,0.0,0.0,0.0,0.0,TeaLeaf Jasmine Holdings,SRI LANKA,1.0,High Frequency Buyers,172000.0,86000.0,1.0,133.0,2.0,0.02,1.0,1.0,1.0,GLOBAL,High,0
13591000001458,10801,5,7038.373135982537,2078078.4,42.2,92,5,1.0,1407.6746271965073,390.4442732375477,98.95081943018415,98.97804331480486,6450.0,0.0,0.0,0.0,0.0,0.0,0.0,0.0,0.0,Sencha Willow Exports,SRI LANKA,3.0,Strategic High-Value,5577789.99,72438.83103896104,34.0,118.0,1.794,7.36,37.0,1.0,1.0,GLOBAL,High,0
13591000001468,10808,1,5859.706405902723,1747968.0,43.0,43,1,1.0,5859.706405902723,0.0,5859.706405902723,0.0,0.0,0.0,0.0,0.0,0.0,0.0,1.0,-5859.706405902723,0.0,Herbal Bamboo Imports 305,SRI LANKA,3.0,Strategic High-Value,79775.0,8863.888888888889,3.0,440.0,1.0,5.89,9.0,1.0,1.0,GLOBAL,High,0
13591000001470,10809,3,7570.933975377911,2261059.4000000004,15.666666666666666,37,2,0.6667,2523.6446584593036,6734.590845099578,836.3431302783335,0.0,0.0,0.0,0.0,0.0,0.0,0.0,0.0,0.0,0.0,Assam Clover Trading 267,SRI LANKA,3.0,Strategic High-Value,2098332.8,24118.767816091953,28.0,113.0,1.429,7.43,51.0,1.0,1.0,GLOBAL,Medium,2
13591000001472,10810,21,9131.71557489478,2725117.6,32.42857142857143,445,9,0.4286,434.84359880451336,8067.603918949489,416.9671776683439,647.141052238791,0.0034260381560824,3.0,6205.120000000113,1.0,0.0,0.0,1.0,-5.552325620382255,0.14285714285714285,Matcha Rosewood Imports,SRI LANKA,4.0,High Value One-Off,10718150.88,19037.5681705151,38.0,102.0,3.737,5.74,81.0,3.0,0.3333,RETAIL,High,0
13591000001480,10814,4,1316.144654710402,390910.4,42.5,77,3,0.75,329.0361636776005,603.1787811939673,0.0,712.9658735164346,0.0,0.0,0.0,0.0,0.0,0.0,1.0,-408.8073910483519,0.0,Ceylon Palm Imports D85,SRI LANKA,1.0,High Frequency Buyers,190600.0,19060.0,9.0,1384.0,1.111,3.88,4.0,1.0,1.0,GLOBAL,High,0
13591000001486,10819,2,185.219742366504,55304.700000000004,207.5,415,1,0.5,92.609871183252,166.3086200623692,0.0,0.0,18.9111223041348,1.0,10008.96000000001,1.0,0.0,0.0,0.0,0.0,0.5,Ceylon Orchid Exports C54,SRI LANKA,3.0,Strategic High-Value,1700623.61,100036.68294117648,12.0,112.0,1.333,7.17,9.0,1.0,1.0,GLOBAL,High,0
13591000001518,10845,3,1878.397124018582,557669.5,37.666666666666664,100,2,0.6667,626.1323746728607,1011.3971240185818,0.0,0.0,867.0,2.0,149168.45,1.0,0.0,0.0,0.0,0.0,0.6666666666666666,White Pearl Clover Tea Works,SRI LANKA,3.0,Strategic High-Value,6829707.79,38805.15789772727,38.0,117.0,2.105,7.24,107.0,1.0,1.0,GLOBAL,High,0
13591000001532,10859,1,38.30798265932904,11446.0,0.0,0,0,0.0,38.30798265932904,38.30798265932904,0.0,0.0,0.0,2.0,730.0,1.0,0.0,0.0,0.0,0.0,2.0,Assam Lotus Exports 0F3,SRI LANKA,3.0,Strategic High-Value,4547512.03,12562.187928176796,49.0,103.0,2.0,7.38,49.0,1.0,1.0,GLOBAL,Low,1
13591000001534,10860,1,248.3255013257007,73971.3,52.0,52,1,1.0,248.3255013257007,0.0,248.3255013257007,0.0,0.0,0.0,0.0,0.0,0.0,0.0,0.0,0.0,0.0,Herbal Sage Beverages,SRI LANKA,3.0,Strategic High-Value,6477659.5,185075.98571428572,18.0,182.0,1.389,7.07,26.0,1.0,1.0,GLOBAL,High,0
13591000001536,10861,1,3732.376145594468,1115100.0,0.0,0,0,0.0,3732.376145594468,3732.376145594468,0.0,0.0,0.0,1.0,15125.0,1.0,0.0,0.0,0.0,0.0,1.0,GreenLeaf Orchid Distributors 994,SRI LANKA,3.0,Strategic High-Value,15737175.0,365980.81395348837,26.0,117.0,1.154,7.48,17.0,1.0,1.0,GLOBAL,Low,1
13591000001544,10868,1,315.3226573882088,94105.0,24.0,24,1,1.0,315.3226573882088,315.3226573882088,0.0,0.0,0.0,0.0,0.0,0.0,0.0,0.0,0.0,0.0,0.0,TeaLeaf Magnolia Exports,SRI LANKA,3.0,Strategic High-Value,3409894.06,92159.29891891892,17.0,138.0,1.118,6.94,14.0,1.0,1.0,GLOBAL,High,0
13591000001560,10884,1,559.6526359402011,165200.0,109.0,109,1,1.0,559.6526359402011,0.0,0.0,0.0,559.6526359402011,1.0,2495.0,1.0,0.0,0.0,0.0,0.0,1.0,Sencha Orchid Exports 425,SRI LANKA,3.0,Strategic High-Value,14457825.3,229489.29047619048,16.0,239.0,1.312,6.96,36.0,1.0,1.0,GLOBAL,High,0
13591000001572,10890,1,88265.468931749,25724000.0,227.0,227,1,1.0,88265.468931749,0.0,0.0,0.0,88265.468931749,0.0,0.0,0.0,0.0,0.0,0.0,0.0,0.0,TeaLeaf Orchid Imports 92C,SRI LANKA,4.0,High Value One-Off,528876.0,35258.4,8.0,2015.0,1.125,2.21,8.0,2.0,0.5,RETAIL,High,0
13591000001576,10893,1,121.463652988232,36690.7,548.0,548,1,1.0,121.463652988232,0.0,0.0,0.0,121.463652988232,4.0,20422.6,1.0,0.0,0.0,1.0,-99.6768061154369,4.0,Oolong Magnolia Trading 46F,SRI LANKA,4.0,High Value One-Off,4406939.85,23317.14206349206,55.0,124.0,1.891,7.0,43.0,3.0,0.3333,RETAIL,High,0
13591000001580,10897,12,9538.875173269207,2846768.2,33.166666666666664,165,7,0.5833,794.9062644391006,8794.217232316125,117.5155198188723,0.0,627.1424211342108,0.0,0.0,0.0,0.0,0.0,1.0,-0.4964615983529801,0.0,White Pearl Palm Tea Co.,SRI LANKA,4.0,High Value One-Off,1633946.64,31422.050769230766,21.0,124.0,1.476,4.66,24.0,2.0,0.5,RETAIL,High,0
13591000001592,10906,4,633.9500025451537,189288.19999999998,7.25,29,1,0.25,158.48750063628842,633.9500025451537,0.0,0.0,0.0,1.0,805.0,1.0,0.0,0.0,0.0,0.0,0.25,Herbal Bamboo Tea Co. E56,SRI LANKA,4.0,High Value One-Off,1808559.8699999999,106385.87470588235,9.0,112.0,1.333,5.67,6.0,2.0,0.5,RETAIL,Low,1
13591000001618,10925,1,2862.0,853818.5,42.0,42,1,1.0,2862.0,0.0,2862.0,0.0,0.0,1.0,5877.35,1.0,0.0,0.0,0.0,0.0,1.0,Herbal Magnolia Tea Co.,SRI LANKA,3.0,Strategic High-Value,4798808.89,52160.96619565217,56.0,172.0,1.375,7.27,19.0,1.0,1.0,GLOBAL,High,0
13591000001634,10938,3,8262.44001507452,2466100.5,9.666666666666666,17,2,0.6667,2754.146671691507,8262.44001507452,0.0,0.0,0.0,0.0,0.0,0.0,0.0,0.0,0.0,0.0,0.0,Silver Tip Sage Trading,SRI LANKA,3.0,Strategic High-Value,7153893.600000001,52991.804444444446,56.0,117.0,1.679,7.41,65.0,1.0,1.0,GLOBAL,Medium,2
13591000001694,10991,3,597.9203976129912,178500.0,24.666666666666668,60,2,0.6667,199.30679920433042,398.3813161232425,199.5390814897487,0.0,0.0,0.0,0.0,0.0,0.0,0.0,0.0,0.0,0.0,Assam Ivy Distributors F1B,SRI LANKA,3.0,Strategic High-Value,3202940.0,43282.97297297297,40.0,112.0,1.425,7.33,24.0,1.0,1.0,GLOBAL,Medium,2
13591000001724,11010,1,70.0,11792.9,2529.0,2529,1,1.0,70.0,0.0,0.0,0.0,70.0,0.0,0.0,0.0,0.0,0.0,0.0,0.0,0.0,TeaLeaf Willow Tea Works,SRI LANKA,4.0,High Value One-Off,141120.0,20160.0,4.0,1205.0,1.0,3.98,5.0,2.0,0.5,RETAIL,High,0
13591000001740,11023,3,1817.75,538642.2,87.66666666666667,125,3,1.0,605.9166666666666,0.0,0.0,1243.25,574.5,0.0,0.0,0.0,0.0,0.0,0.0,0.0,0.0,Herbal Rosewood Beverages C75,SRI LANKA,1.0,High Frequency Buyers,495204.0,38092.61538461538,6.0,183.0,1.333,2.39,9.0,1.0,1.0,GLOBAL,High,0
13591000001750,11033,5,8389.97650985669,2502044.4,8.6,24,3,0.6,1677.995301971338,8389.97650985669,0.0,0.0,0.0,1.0,8500.0,1.0,0.0,0.0,0.0,0.0,0.2,Oolong Rosewood Trading,SRI LANKA,3.0,Strategic High-Value,13964852.81,66499.2990952381,71.0,113.0,1.873,7.49,74.0,1.0,1.0,GLOBAL,Medium,2
13591000001756,11037,4,423.08337107502615,126150.0,41.5,59,4,1.0,105.77084276875654,200.6331761790593,222.45019489596686,0.0,0.0,0.0,0.0,0.0,0.0,0.0,0.0,0.0,0.0,Darjeeling Orchid Holdings 197,SRI LANKA,3.0,Strategic High-Value,2600512.98,6550.410528967254,41.0,140.0,1.805,7.35,52.0,1.0,1.0,GLOBAL,High,0
13591000001776,11052,1,3496.123164074529,1042262.1,0.0,0,0,0.0,3496.123164074529,3496.123164074529,0.0,0.0,0.0,0.0,0.0,0.0,0.0,0.0,0.0,0.0,0.0,White Pearl Willow Trading CD4,SRI LANKA,3.0,Strategic High-Value,2920470.4,73011.76,14.0,127.0,1.214,7.1,10.0,1.0,1.0,GLOBAL,Low,1
13591000001782,11060,1,1281.5,367243.8,303.0,303,1,1.0,1281.5,0.0,0.0,0.0,1281.5,0.0,0.0,0.0,0.0,0.0,0.0,0.0,0.0,Golden Bud Hibiscus Tea Co.,SRI LANKA,3.0,Strategic High-Value,25622294.13,166378.5333116883,53.0,210.0,1.755,7.22,77.0,1.0,1.0,GLOBAL,High,0
13591000001788,11067,3,3715.6360595319775,1106276.1,50.0,109,3,1.0,1238.5453531773258,3700.0,0.0,0.0,15.63605953197756,0.0,0.0,0.0,0.0,0.0,0.0,0.0,0.0,Oolong Ivy Tea Works,SRI LANKA,3.0,Strategic High-Value,5415863.37,57615.56776595745,40.0,147.0,1.55,7.07,51.0,1.0,1.0,GLOBAL,High,0
13591000001792,11069,3,10766.72587558354,3213560.8,0.0,0,0,0.0,3588.908625194513,10766.72587558354,0.0,0.0,0.0,0.0,0.0,0.0,0.0,0.0,0.0,0.0,0.0,Assam Cedar Holdings 2D7,SRI LANKA,3.0,Strategic High-Value,120963.0,6366.473684210527,7.0,615.0,1.143,5.42,13.0,1.0,1.0,GLOBAL,Low,1
13591000001794,11073,3,316.7270625460267,94150.0,67.0,76,3,1.0,105.57568751534222,0.0,19.60920365515556,297.1178588908711,0.0,0.0,0.0,0.0,0.0,0.0,0.0,0.0,0.0,Golden Bud Ivy Tea Works 246,SRI LANKA,3.0,Strategic High-Value,4401470.0,13460.152905198776,65.0,172.0,2.169,7.31,53.0,1.0,1.0,GLOBAL,High,0
13591000001808,11087,5,1590.4199673637545,474950.0,10.8,25,3,0.6,318.0839934727509,1590.4199673637545,0.0,0.0,0.0,0.0,0.0,0.0,0.0,0.0,0.0,0.0,0.0,Black Gold Cedar Beverages E3C,SRI LANKA,4.0,High Value One-Off,8128907.52,80484.23287128712,55.0,113.0,1.691,7.33,23.0,3.0,0.3333,FOOD SERVICE,Medium,2
13591000001816,11097,2,196.98559196209328,58752.0,11.0,22,1,0.5,98.49279598104664,196.98559196209328,0.0,0.0,0.0,0.0,0.0,0.0,0.0,0.0,0.0,0.0,0.0,Silver Tip Palm Beverages,SRI LANKA,1.0,High Frequency Buyers,228772.9,28596.6125,7.0,105.0,1.143,0.98,2.0,1.0,1.0,RETAIL,Medium,2
13591000001820,11100,3,6107.405655473185,1823687.6,2.6666666666666665,8,1,0.3333,2035.8018851577283,6107.405655473185,0.0,0.0,0.0,0.0,0.0,0.0,0.0,0.0,0.0,0.0,0.0,White Pearl Sage Holdings D7B,SRI LANKA,4.0,High Value One-Off,16622815.38,182668.30087912088,43.0,111.0,1.488,6.92,21.0,2.0,0.5,GLOBAL,Medium,2
13591000001822,11102,1,6604.444304457439,1971033.0,8.0,8,1,1.0,6604.444304457439,6604.444304457439,0.0,0.0,0.0,0.0,0.0,0.0,0.0,0.0,0.0,0.0,0.0,Silver Tip Clover Beverages E20,SRI LANKA,3.0,Strategic High-Value,5078894.98,59751.70564705883,18.0,138.0,1.556,6.17,34.0,1.0,1.0,GLOBAL,High,0
13591000001842,11116,3,548.613180216346,163500.0,37.0,68,3,1.0,182.87106007211534,182.7162497104199,182.9374723076303,182.9594581982958,0.0,0.0,0.0,0.0,0.0,0.0,0.0,0.0,0.0,Oolong Maple Trading,SRI LANKA,3.0,Strategic High-Value,3189631.99,21551.5675,44.0,120.0,1.341,3.73,27.0,1.0,1.0,GLOBAL,High,0
13591000001872,11145,5,9567.439788940506,2858281.5999999996,0.0,0,0,0.0,1913.4879577881013,9567.439788940506,0.0,0.0,0.0,1.0,6.390000000000001,1.0,0.0,0.0,0.0,0.0,0.2,Black Gold Rosewood Holdings B80,SRI LANKA,3.0,Strategic High-Value,10155383.94,19343.588457142858,89.0,112.0,3.787,7.49,138.0,1.0,1.0,GLOBAL,Low,1
13591000001876,11160,7,13719.524937152193,4089191.5,46.857142857142854,62,7,1.0,1959.9321338788848,7.064937152194148,9388.14,4324.32,0.0,0.0,0.0,0.0,0.0,0.0,0.0,0.0,0.0,Oolong Bamboo Imports AB8,SRI LANKA,3.0,Strategic High-Value,16316514.31,48998.54147147147,67.0,119.0,2.836,7.43,157.0,1.0,1.0,GLOBAL,High,0
13591000001898,11172,1,4900.562617044135,1582400.0,648.0,648,1,1.0,4900.562617044135,0.0,0.0,0.0,4900.562617044135,0.0,0.0,0.0,0.0,0.0,0.0,0.0,0.0,Golden Bud Fern Trading 0D8,SRI LANKA,3.0,Strategic High-Value,3748336.75,937084.1875,3.0,778.0,1.333,4.77,2.0,1.0,1.0,GLOBAL,High,0
13591000001910,11178,1,822.2657669896342,245440.0,15.0,15,1,1.0,822.2657669896342,822.2657669896342,0.0,0.0,0.0,0.0,0.0,0.0,0.0,0.0,0.0,0.0,0.0,Assam Ivy Exports,SRI LANKA,3.0,Strategic High-Value,4882113.04,305132.065,14.0,145.0,1.071,7.11,7.0,1.0,1.0,GLOBAL,High,0
13591000001942,11196,2,30791.45187232337,9491000.7,826.5,1081,2,1.0,15395.725936161685,0.0,0.0,0.0,30791.45187232337,0.0,0.0,0.0,0.0,0.0,1.0,-32113.78354885197,0.0,TeaLeaf Rosewood Beverages 28C,SRI LANKA,1.0,High Frequency Buyers,117200.0,16742.85714285714,4.0,2331.0,1.5,0.9,5.0,1.0,1.0,GLOBAL,High,0
13591000001960,11205,1,87.66414860880008,26200.0,0.0,0,0,0.0,87.66414860880008,87.66414860880008,0.0,0.0,0.0,0.0,0.0,0.0,0.0,0.0,0.0,0.0,0.0,White Pearl Maple Distributors 57E,SRI LANKA,3.0,Strategic High-Value,772450.0,14854.807692307691,27.0,113.0,1.037,5.74,11.0,1.0,1.0,GLOBAL,Low,1
13591000001962,11206,2,476.3810902736063,142237.2,0.0,0,0,0.0,238.19054513680314,476.3810902736063,0.0,0.0,0.0,2.0,2.2999999999992733,1.0,1.0,22.17388622994736,0.0,0.0,1.0,Ceylon Lotus Imports,SRI LANKA,4.0,High Value One-Off,1507295.44,27912.87851851852,24.0,168.0,1.458,5.84,23.0,3.0,0.3333,RETAIL,Low,1
13591000001972,11211,1,199.1503143060549,59500.0,0.0,0,0,0.0,199.1503143060549,199.1503143060549,0.0,0.0,0.0,0.0,0.0,0.0,0.0,0.0,0.0,0.0,0.0,Darjeeling Magnolia Exports 14F,SRI LANKA,3.0,Strategic High-Value,1087415.0,4198.513513513513,25.0,112.0,1.32,7.48,44.0,1.0,1.0,GLOBAL,Low,1
13591000001986,11218,2,232.2797103983881,69384.0,5.5,11,1,0.5,116.13985519919405,232.2797103983881,0.0,0.0,0.0,0.0,0.0,0.0,1.0,1620.68,0.0,0.0,0.0,Silver Tip Maple Tea Works,SRI LANKA,4.0,High Value One-Off,22459759.88,135299.758313253,83.0,110.0,1.928,7.48,22.0,3.0,0.3333,GLOBAL,Medium,2
13591000001990,11220,1,100.8723835282672,30090.0,0.0,0,0,0.0,100.8723835282672,100.8723835282672,0.0,0.0,0.0,0.0,0.0,0.0,0.0,0.0,0.0,0.0,0.0,TeaLeaf Bamboo Imports,SRI LANKA,4.0,High Value One-Off,870818.0,11929.013698630137,46.0,124.0,1.087,7.39,9.0,3.0,0.3333,RETAIL,Low,1
13591000001994,11222,1,296.9341299444146,88500.0,31.0,31,1,1.0,296.9341299444146,0.0,296.9341299444146,0.0,0.0,1.0,29140.60000000001,1.0,0.0,0.0,0.0,0.0,1.0,Oolong Willow Distributors 987,SRI LANKA,4.0,High Value One-Off,1139188.0,18986.466666666667,32.0,176.0,1.406,7.24,13.0,3.0,0.3333,FOOD SERVICE,High,0
13591000001996,11223,1,45.52007184138397,13600.0,0.0,0,0,0.0,45.52007184138397,45.52007184138397,0.0,0.0,0.0,0.0,0.0,0.0,0.0,0.0,0.0,0.0,0.0,Darjeeling Maple Exports,SRI LANKA,3.0,Strategic High-Value,417967.6,12665.684848484847,20.0,105.0,1.2,4.71,16.0,1.0,1.0,RETAIL,Low,1
13591000002004,11227,8,4425.590109866928,1320173.9,39.125,257,5,0.625,553.198763733366,4242.909140543223,0.0,0.0,182.6809693237053,3.0,14615.780000000004,1.0,0.0,0.0,0.0,0.0,0.375,Darjeeling Cedar Beverages,SRI LANKA,4.0,High Value One-Off,23273168.36,18588.792619808308,79.0,102.0,3.975,7.45,161.0,3.0,0.3333,RETAIL,High,0
13591000002008,11231,3,672.1148134300761,200305.0,34.0,79,2,0.6667,224.03827114335868,460.31525027615527,0.0,211.7995631539208,0.0,0.0,0.0,0.0,0.0,0.0,0.0,0.0,0.0,Assam Rosewood Trading 7BA,SRI LANKA,3.0,Strategic High-Value,9379090.0,128480.68493150685,23.0,118.0,1.087,7.33,23.0,1.0,1.0,GLOBAL,Medium,2
13591000002010,11233,2,1952.2,580814.7,24.0,31,2,1.0,976.1,963.6,988.6,0.0,0.0,0.0,0.0,0.0,0.0,0.0,0.0,0.0,0.0,Oolong Hibiscus Imports 38E,SRI LANKA,3.0,Strategic High-Value,479721.77999999997,4483.381121495327,45.0,147.0,1.444,7.33,11.0,1.0,1.0,GLOBAL,High,0
13591000002012,11234,1,805.3486089433118,240240.0,10.0,10,1,1.0,805.3486089433118,805.3486089433118,0.0,0.0,0.0,0.0,0.0,0.0,0.0,0.0,0.0,0.0,0.0,Sencha Hibiscus Tea Co. 828,SRI LANKA,3.0,Strategic High-Value,13930040.0,145104.58333333334,49.0,140.0,1.878,7.4,4.0,1.0,1.0,GLOBAL,High,0
13591000002014,11240,8,10847.739559465448,3179424.1,264.0,579,8,1.0,1355.967444933181,0.0,0.0,0.0,10847.739559465448,0.0,0.0,0.0,0.0,0.0,0.0,0.0,0.0,Assam Clover Holdings,SRI LANKA,4.0,High Value One-Off,18734861.65,11333.854597701149,50.0,217.0,2.42,7.12,263.0,3.0,0.3333,RETAIL,High,0
13591000002016,11241,6,1767.4038769293993,526870.0,11.5,42,3,0.5,294.56731282156653,1727.7139961672192,39.68988076218025,0.0,0.0,1.0,10472.0,1.0,0.0,0.0,0.0,0.0,0.16666666666666666,Sencha Orchid Tea Works BFF,SRI LANKA,4.0,High Value One-Off,9773338.57,19353.145683168317,81.0,112.0,2.753,7.42,62.0,3.0,0.3333,FOOD SERVICE,Medium,2
13591000002018,11249,13,467065.47,140214344.5,428.0,1022,9,0.6923,35928.11307692307,400770.24,0.0,0.0,66295.23,1.0,85026.48,1.0,1.0,5.0,1.0,-3002.14,0.07692307692307693,Golden Bud Maple Tea Co.,RUSSIA,3.0,Strategic High-Value,6188338.08,31254.232727272727,29.0,131.0,3.517,6.45,26.0,1.0,1.0,RETAIL,High,0
13591000002020,11250,1,7522.82,2221144.2,33.0,33,1,1.0,7522.82,0.0,7522.82,0.0,0.0,0.0,0.0,0.0,0.0,0.0,0.0,0.0,0.0,Silver Tip Lotus Beverages,BAHRAIN,4.0,High Value One-Off,780332.38,1503.530597302505,20.0,77.0,1.75,6.35,153.0,3.0,0.3333,FOOD SERVICE,High,0
13591000002022,11251,1,4141.44,819600.5,1381.0,1381,1,1.0,4141.44,0.0,0.0,0.0,4141.44,1.0,6599.61,1.0,0.0,0.0,0.0,0.0,1.0,Black Gold Cedar Exports,UNITED STATES,4.0,High Value One-Off,13427.09,1220.6445454545456,3.0,1609.0,1.0,2.09,10.0,2.0,0.5,FOOD SERVICE,High,0
13591000002040,11260,1,500.0,148617.3,87.0,87,1,1.0,500.0,0.0,0.0,500.0,0.0,2.0,17108.73,1.0,1.0,115.0,0.0,0.0,2.0,TeaLeaf Willow Exports,SRI LANKA,4.0,High Value One-Off,183154.19,2154.755176470588,24.0,56.0,1.208,6.43,68.0,3.0,0.3333,RETAIL,High,0
13591000002048,11272,3,217.58321458866618,64900.0,21.333333333333332,36,2,0.6667,72.52773819622206,138.38539454222135,79.19782004644482,0.0,0.0,1.0,21110.0,1.0,0.0,0.0,0.0,0.0,0.3333333333333333,TeaLeaf Maple Imports,SRI LANKA,4.0,High Value One-Off,1927690.6,16618.022413793104,62.0,141.0,1.532,7.34,12.0,3.0,0.3333,FOOD SERVICE,Medium,2
13591000002052,11274,1,133.3919237956399,39675.0,38.0,38,1,1.0,133.3919237956399,0.0,133.3919237956399,0.0,0.0,0.0,0.0,0.0,0.0,0.0,0.0,0.0,0.0,Silver Tip Sage Tea Co.,SRI LANKA,4.0,High Value One-Off,25159395.78,10779.518329048844,80.0,168.0,5.612,7.27,97.0,2.0,0.5,RETAIL,High,0
13591000002054,11275,4,740.0932695165053,220424.0,14.75,59,1,0.25,185.02331737912633,543.0680488551533,197.025220661352,0.0,0.0,1.0,464.0,1.0,0.0,0.0,0.0,0.0,0.25,Sencha Ivy Holdings 5A4,SRI LANKA,4.0,High Value One-Off,3557246.0,24035.445945945947,76.0,103.0,1.658,7.44,14.0,2.0,0.5,FOOD SERVICE,Medium,2
13591000002056,11276,4,643.2289496643484,191170.0,95.0,186,3,0.75,160.8072374160871,224.6147767680758,206.1889305595264,0.0,212.42524233674615,1.0,200.0,1.0,0.0,0.0,0.0,0.0,0.25,Matcha Lotus Exports D00,SRI LANKA,4.0,High Value One-Off,1130400.0,10003.53982300885,33.0,119.0,1.364,7.2,7.0,2.0,0.5,FOOD SERVICE,High,0
13591000002072,11284,19,20167.872040908944,7176886.3,992.8421052631579,1032,19,1.0,1061.4669495215232,0.0,0.0,0.0,20167.872040908944,0.0,0.0,0.0,0.0,0.0,0.0,0.0,0.0,White Pearl Cedar Exports D23,SRI LANKA,0.0,Loyal Medium Buyers,140554638.42,25243.289946120687,58.0,778.0,6.81,5.6,576.0,3.0,0.3333,RETAIL,High,0
13591000002086,11291,3,197.91826169913497,59000.0,12.0,25,2,0.6667,65.97275389971166,197.91826169913497,0.0,0.0,0.0,0.0,0.0,0.0,0.0,0.0,0.0,0.0,0.0,Darjeeling Cedar Trading,SRI LANKA,4.0,High Value One-Off,687300.0,13746.0,31.0,120.0,1.419,3.36,10.0,3.0,0.3333,FOOD SERVICE,Medium,2
13591000002090,11293,1,66.45225132760652,19864.0,0.0,0,0,0.0,66.45225132760652,66.45225132760652,0.0,0.0,0.0,0.0,0.0,0.0,0.0,0.0,0.0,0.0,0.0,Ceylon Hibiscus Trading 22C,SRI LANKA,4.0,High Value One-Off,69585.9,6325.990909090909,5.0,102.0,1.0,3.53,7.0,3.0,0.3333,FOOD SERVICE,Low,1
13591000002094,11295,2,163.62678686244925,48600.0,454.5,510,2,1.0,81.81339343122463,0.0,0.0,0.0,163.62678686244925,0.0,0.0,0.0,0.0,0.0,0.0,0.0,0.0,Silver Tip Hibiscus Tea Co.,SRI LANKA,4.0,High Value One-Off,216210.0,12011.666666666666,13.0,544.0,1.154,5.85,3.0,2.0,0.5,FOOD SERVICE,High,0
13591000002104,11300,10,10478.165491610453,3129949.5000000005,24.2,55,7,0.7,1047.8165491610453,9721.943231230125,756.2222603803274,0.0,0.0,0.0,0.0,0.0,0.0,0.0,0.0,0.0,0.0,Sencha Clover Trading,SRI LANKA,1.0,High Frequency Buyers,370700.0,15445.833333333334,20.0,1002.0,1.2,2.83,1.0,1.0,1.0,GLOBAL,Medium,2
13591000002106,11301,10,708.4136625744774,211611.30000000002,24.2,55,7,0.7,70.84136625744773,657.2992148649811,51.114447709496325,0.0,0.0,1.0,20.0,1.0,0.0,0.0,0.0,0.0,0.1,Sencha Ivy Tea Works,SRI LANKA,0.0,No Sales History,0.0,0.0,0.0,0.0,0.0,0.0,0.0,0.0,0.0,Unknown,Medium,2
13591000002108,11302,5,284.1830170057602,84841.70000000001,16.8,35,4,0.8,56.83660340115203,283.3476196504094,0.8353973553507588,0.0,0.0,0.0,0.0,0.0,0.0,0.0,0.0,0.0,0.0,Matcha Palm Holdings 277,SRI LANKA,1.0,High Frequency Buyers,434700.0,18900.0,18.0,1336.0,1.278,1.91,1.0,1.0,1.0,GLOBAL,High,0
13591000002128,11312,4,245456.36000000002,31961814.0,4041.25,4965,4,1.0,61364.090000000004,0.0,0.0,0.0,245456.36000000002,0.0,0.0,0.0,0.0,0.0,0.0,0.0,0.0,TeaLeaf Ivy Exports,SRI LANKA,0.0,No Sales History,0.0,0.0,0.0,0.0,0.0,0.0,0.0,0.0,0.0,Unknown,High,0
13591000002146,11321,1,1183.308577713372,353000.0,0.0,0,0,0.0,1183.308577713372,1183.308577713372,0.0,0.0,0.0,0.0,0.0,0.0,0.0,0.0,0.0,0.0,0.0,Ceylon Lotus Holdings E62,SRI LANKA,3.0,Strategic High-Value,12391855.8,221283.1392857143,33.0,125.0,1.394,7.33,25.0,1.0,1.0,GLOBAL,Low,1
13591000002168,11333,37,5537.51576940435,1625073.0,186.40540540540542,646,37,1.0,149.66258836227973,2.731121125221904,0.0,76.63276592686148,5458.151882352267,41.0,668104.3,1.0,5.0,575.2981996594212,4.0,-4157.378546235537,1.1081081081081081,Sencha Rosewood Tea Co.,SRI LANKA,1.0,High Frequency Buyers,363928.68,90982.17,4.0,622.0,1.0,2.2,3.0,1.0,1.0,GLOBAL,High,0
13591000002174,11336,3,15798.52,4705027.5,0.0,0,0,0.0,5266.173333333333,15798.52,0.0,0.0,0.0,0.0,0.0,0.0,0.0,0.0,0.0,0.0,0.0,White Pearl Hibiscus Beverages,BAHRAIN,4.0,High Value One-Off,497744.53,757.6020243531203,70.0,112.0,1.086,6.41,28.0,2.0,0.5,RETAIL,Low,1
13591000002178,11340,2,120.44922308102616,35929.0,305.0,610,1,0.5,60.22461154051308,120.3714537541819,0.0,0.0,0.0777693268442607,0.0,0.0,0.0,0.0,0.0,0.0,0.0,0.0,White Pearl Maple Tea Works,SRI LANKA,4.0,High Value One-Off,547627.16,27381.358,15.0,120.0,1.067,7.4,6.0,2.0,0.5,RETAIL,High,0
13591000002194,11349,3,269.8802230192439,80631.0,9.333333333333334,18,2,0.6667,89.96007433974796,269.8802230192439,0.0,0.0,0.0,0.0,0.0,0.0,0.0,0.0,0.0,0.0,0.0,Sencha Hibiscus Beverages 224,SRI LANKA,3.0,Strategic High-Value,1550168.22,11833.345190839695,47.0,102.0,1.319,7.25,44.0,1.0,1.0,GLOBAL,Medium,2
13591000002196,11350,1,40249.91,12020567.2,0.0,0,0,0.0,40249.91,40249.91,0.0,0.0,0.0,0.0,0.0,0.0,1.0,1950.0,2.0,-1411.51,0.0,Matcha Palm Holdings,MAURITIUS,4.0,High Value One-Off,407182.23,1233.8855454545453,17.0,144.0,1.059,6.22,70.0,2.0,0.5,FOOD SERVICE,Low,1
13591000002222,11364,1,1715.069148311302,492000.0,297.0,297,1,1.0,1715.069148311302,0.0,0.0,0.0,1715.069148311302,0.0,0.0,0.0,0.0,0.0,0.0,0.0,0.0,Darjeeling Fern Exports 8A1,SRI LANKA,4.0,High Value One-Off,1361294.95,56720.62291666667,7.0,138.0,1.429,2.15,17.0,2.0,0.5,RETAIL,High,0
13591000002230,11368,1,634.0,189120.7,0.0,0,0,0.0,634.0,634.0,0.0,0.0,0.0,1.0,1.43,1.0,0.0,0.0,0.0,0.0,1.0,TeaLeaf Orchid Trading,UNITED KINGDOM,3.0,Strategic High-Value,284530.39,3428.0769879518075,76.0,124.0,1.092,7.43,1.0,1.0,1.0,GLOBAL,Low,1
13591000002264,11385,1,799.9999999999995,228877.1,214.0,214,1,1.0,799.9999999999995,0.0,0.0,0.0,799.9999999999995,0.0,0.0,0.0,2.0,480.0,0.0,0.0,0.0,Assam Sage Exports,OMAN,4.0,High Value One-Off,343957.87,1232.8239068100359,32.0,232.0,1.094,6.15,49.0,2.0,0.5,FOOD SERVICE,High,0
13591000002272,11389,2,303.35954207851137,90500.0,26.5,42,2,1.0,151.67977103925568,78.775500216046,224.5840418624654,0.0,0.0,0.0,0.0,0.0,0.0,0.0,0.0,0.0,0.0,TeaLeaf Hibiscus Trading 720,SRI LANKA,3.0,Strategic High-Value,2070500.4,41410.008,25.0,125.0,1.36,4.63,14.0,1.0,1.0,GLOBAL,High,0
13591000002278,11392,5,18952.21488298857,5642095.4,28.8,66,4,0.8,3790.442976597714,7991.877364413687,6926.05531463009,4034.282203944792,0.0,0.0,0.0,0.0,0.0,0.0,0.0,0.0,0.0,Assam Willow Imports 48D,SRI LANKA,3.0,Strategic High-Value,10960953.0,86306.71653543306,60.0,113.0,1.433,6.64,10.0,1.0,1.0,GLOBAL,High,0
13591000002282,11394,1,101.286670650001,30208.0,9.0,9,1,1.0,101.286670650001,101.286670650001,0.0,0.0,0.0,2.0,19206.3,1.0,0.0,0.0,0.0,0.0,2.0,Assam Palm Distributors 38F,SRI LANKA,3.0,Strategic High-Value,179223.05000000002,9956.836111111112,8.0,139.0,1.125,7.32,10.0,1.0,1.0,GLOBAL,High,0
13591000002304,11406,4,182.75210744236378,54455.4,53.5,204,3,0.75,45.688026860590945,173.2357919518941,0.0,0.0,9.516315490469667,0.0,0.0,0.0,0.0,0.0,0.0,0.0,0.0,Assam Jasmine Trading,SRI LANKA,4.0,High Value One-Off,1145209.8,6776.389349112426,63.0,125.0,1.619,7.38,18.0,3.0,0.3333,FOOD SERVICE,High,0
13591000002322,11415,1,3.0,875.6,529.0,529,1,1.0,3.0,0.0,0.0,0.0,3.0,0.0,0.0,0.0,0.0,0.0,0.0,0.0,0.0,Herbal Bamboo Tea Co.,GREECE,3.0,Strategic High-Value,45299.590000000004,1415.6121875000001,4.0,229.0,1.0,5.26,10.0,1.0,1.0,FOOD SERVICE,High,0
13591000002340,11424,6,487.34672496369996,144550.0,106.33333333333333,347,6,1.0,81.22445416061666,77.48273573556169,136.29227565474275,78.06985712959603,195.5018564437995,0.0,0.0,0.0,0.0,0.0,0.0,0.0,0.0,Golden Bud Rosewood Exports BF9,SRI LANKA,3.0,Strategic High-Value,887250.0,15038.135593220339,43.0,145.0,1.186,7.33,3.0,1.0,1.0,FOOD SERVICE,High,0
13591000002348,11428,1,229.921333532806,68544.0,0.0,0,0,0.0,229.921333532806,229.921333532806,0.0,0.0,0.0,0.0,0.0,0.0,0.0,0.0,0.0,0.0,0.0,Silver Tip Lotus Imports A8C,SRI LANKA,4.0,High Value One-Off,2375216.77,27301.342183908047,49.0,127.0,1.633,7.38,7.0,2.0,0.5,RETAIL,Low,1
13591000002350,11429,1,242.9984343196593,72216.0,28.0,28,1,1.0,242.9984343196593,242.9984343196593,0.0,0.0,0.0,0.0,0.0,0.0,0.0,0.0,0.0,0.0,0.0,Assam Willow Holdings A96,SRI LANKA,4.0,High Value One-Off,1136288.47,15565.595479452055,62.0,158.0,1.177,7.29,7.0,2.0,0.5,FOOD SERVICE,High,0
13591000002368,11438,16,1359859.64,199991768.8,2610.4375,2724,16,1.0,84991.2275,0.0,0.0,0.0,1359859.64,2.0,93251.35,1.0,1.0,1266608.29,1.0,-1266608.29,0.125,Assam Cedar Beverages D3B,TURKEY,0.0,No Sales History,0.0,0.0,0.0,0.0,0.0,0.0,0.0,0.0,0.0,Unknown,High,0
13591000002370,11439,1,2524.539424420566,752634.4,45.0,45,1,1.0,2524.539424420566,0.0,2524.539424420566,0.0,0.0,0.0,0.0,0.0,0.0,0.0,0.0,0.0,0.0,Ceylon Bamboo Trading 850,SRI LANKA,1.0,High Frequency Buyers,12921.0,1076.75,7.0,175.0,1.0,0.87,2.0,1.0,1.0,GLOBAL,High,0
13591000002374,11441,4,189.7186776992149,55995.9,102.0,270,4,1.0,47.42966942480373,0.0,152.29626471716287,0.0,37.42241298205203,0.0,0.0,0.0,0.0,0.0,0.0,0.0,0.0,White Pearl Orchid Tea Co.,SRI LANKA,4.0,High Value One-Off,489570.21,5563.297840909091,41.0,167.0,1.244,7.27,26.0,3.0,0.3333,FOOD SERVICE,High,0
13591000002376,11442,2,192.15145073713802,57230.0,22.0,36,2,1.0,96.07572536856901,105.7665115044746,86.38493923266344,0.0,0.0,1.0,692.5999999999985,1.0,0.0,0.0,0.0,0.0,0.5,Herbal Hibiscus Distributors,SRI LANKA,4.0,High Value One-Off,1489220.0,10341.805555555555,58.0,138.0,1.569,7.31,10.0,3.0,0.3333,FOOD SERVICE,High,0
13591000002382,11445,3,356.2784509609194,106300.0,147.66666666666666,443,1,0.3333,118.75948365363979,355.9428088574369,0.0,0.0,0.3356421034824882,1.0,1359.679999999993,1.0,0.0,0.0,0.0,0.0,0.3333333333333333,Assam Willow Tea Co.,SRI LANKA,4.0,High Value One-Off,2978013.45,13004.425545851529,55.0,124.0,1.509,7.39,74.0,3.0,0.3333,RETAIL,High,0
13591000002384,11446,1,54.91161872131099,16360.2,467.0,467,1,1.0,54.91161872131099,0.0,0.0,0.0,54.91161872131099,0.0,0.0,0.0,0.0,0.0,0.0,0.0,0.0,Matcha Palm Tea Works,SRI LANKA,4.0,High Value One-Off,1250611.33,21940.549649122808,20.0,588.0,1.85,5.82,13.0,3.0,0.3333,RETAIL,High,0
13591000002386,11447,1,416.7780569800685,124296.0,0.0,0,0,0.0,416.7780569800685,416.7780569800685,0.0,0.0,0.0,1.0,40.0,1.0,0.0,0.0,0.0,0.0,1.0,Darjeeling Palm Imports,SRI LANKA,3.0,Strategic High-Value,1059665.59,4838.655662100457,11.0,123.0,1.727,7.39,51.0,1.0,1.0,RETAIL,Low,1
13591000002400,11456,5,77.93615334336931,23204.0,211.2,372,5,1.0,15.587230668673863,77.67765051304262,0.0,0.0,0.2585028303266853,2.0,90.0,1.0,0.0,0.0,0.0,0.0,0.4,Matcha Fern Beverages,SRI LANKA,3.0,Strategic High-Value,298900.0,9963.333333333334,19.0,152.0,1.105,7.31,4.0,1.0,1.0,FOOD SERVICE,High,0
13591000002406,11459,2,503.9492084973607,150450.0,14.0,28,1,0.5,251.97460424868035,503.9492084973607,0.0,0.0,0.0,0.0,0.0,0.0,0.0,0.0,0.0,0.0,0.0,Assam Clover Imports,SRI LANKA,4.0,High Value One-Off,1876592.0,9574.448979591836,64.0,113.0,1.859,7.42,24.0,3.0,0.3333,FOOD SERVICE,Medium,2
13591000002408,11460,14,9454.55039441513,2819742.7,7.142857142857143,36,4,0.2857,675.3250281725093,8819.499785260783,635.0506091543466,0.0,0.0,1.0,7.880000000001019,1.0,0.0,0.0,0.0,0.0,0.07142857142857142,GreenLeaf Fern Tea Co. E46,SRI LANKA,3.0,Strategic High-Value,38603324.13,12231.725009505704,77.0,103.0,3.792,7.44,104.0,1.0,1.0,RETAIL,Medium,2
13591000002416,11464,1,72044.4,21525411.4,0.0,0,0,0.0,72044.4,72044.4,0.0,0.0,0.0,0.0,0.0,0.0,0.0,0.0,0.0,0.0,0.0,TeaLeaf Hibiscus Distributors,ARGENTINA,4.0,High Value One-Off,1116805.04,2302.6908041237116,19.0,74.0,1.0,6.27,71.0,3.0,0.3333,RETAIL,Low,1
13591000002452,11483,2,204.46818681349419,61065.0,7.5,15,1,0.5,102.23409340674709,204.46818681349419,0.0,0.0,0.0,1.0,150.0,1.0,0.0,0.0,0.0,0.0,0.5,Black Gold Magnolia Imports,SRI LANKA,4.0,High Value One-Off,488372.32,5251.315268817204,27.0,105.0,1.444,7.39,22.0,3.0,0.3333,FOOD SERVICE,Medium,2
13591000002466,11491,8,1957.956162519027,582059.7,48.125,135,8,1.0,244.74452031487837,977.0,740.5130718957755,0.0,240.4430906232513,0.0,0.0,0.0,0.0,0.0,1.0,-190.3353090268019,0.0,Silver Tip Jasmine Imports,SRI LANKA,3.0,Strategic High-Value,375249.08999999997,9152.416829268292,23.0,148.0,1.217,7.28,19.0,1.0,1.0,GLOBAL,High,0
13591000002474,11495,1,10805.85,3118868.7,280.0,280,1,1.0,10805.85,0.0,0.0,0.0,10805.85,0.0,0.0,0.0,0.0,0.0,0.0,0.0,0.0,Assam Ivy Holdings,UNITED STATES,4.0,High Value One-Off,94654.2,1087.9793103448276,4.0,453.0,1.5,3.22,46.0,2.0,0.5,FOOD SERVICE,High,0
13591000002492,11504,2,4221.285183362312,1259010.0,8.5,17,1,0.5,2110.642591681156,4221.285183362312,0.0,0.0,0.0,0.0,0.0,0.0,0.0,0.0,0.0,0.0,0.0,Sencha Ivy Imports 100,SRI LANKA,3.0,Strategic High-Value,25877.48,601.8018604651163,16.0,130.0,1.438,2.5,5.0,1.0,1.0,GLOBAL,Medium,2
13591000002508,11513,2,193.37939840044248,57820.0,270.0,540,1,0.5,96.68969920022124,77.40543203529967,0.0,0.0,115.9739663651428,0.0,0.0,0.0,0.0,0.0,0.0,0.0,0.0,Silver Tip Maple Distributors,SRI LANKA,4.0,High Value One-Off,819486.0,13217.516129032258,50.0,110.0,1.2,7.38,5.0,2.0,0.5,FOOD SERVICE,High,0
13591000002524,11521,1,126.2096081825092,37706.9,3.0,3,1,1.0,126.2096081825092,126.2096081825092,0.0,0.0,0.0,0.0,0.0,0.0,0.0,0.0,0.0,0.0,0.0,Herbal Fern Tea Co. 4B3,SRI LANKA,1.0,High Frequency Buyers,110455.0,7889.642857142857,2.0,117.0,1.0,1.54,14.0,1.0,1.0,GLOBAL,High,0
13591000002532,11526,1,0.0301146867654316,9.0,16.0,16,1,1.0,0.0301146867654316,0.0301146867654316,0.0,0.0,0.0,0.0,0.0,0.0,0.0,0.0,0.0,0.0,0.0,Sencha Palm Imports 53E,SRI LANKA,4.0,High Value One-Off,181.0,2.873015873015873,9.0,116.0,1.222,7.41,62.0,2.0,0.5,FOOD SERVICE,High,0
13591000002538,11529,1,0.1638692098089852,30.1,1872.0,1872,1,1.0,0.1638692098089852,0.0,0.0,0.0,0.1638692098089852,1.0,50.0,1.0,0.0,0.0,0.0,0.0,1.0,Black Gold Rosewood Beverages 06F,SRI LANKA,3.0,Strategic High-Value,2330350.15,20263.914347826085,10.0,250.0,1.8,7.07,68.0,1.0,1.0,GLOBAL,High,0
13591000002560,11541,3,1678.3344557838066,500733.0,19.666666666666668,43,2,0.6667,559.4448185946022,1118.7993522146169,559.5351035691897,0.0,0.0,0.0,0.0,0.0,0.0,0.0,0.0,0.0,0.0,Matcha Palm Holdings 277,SRI LANKA,0.0,No Sales History,0.0,0.0,0.0,0.0,0.0,0.0,0.0,0.0,0.0,Unknown,Medium,2
13591000002570,11546,14,6718.773488335995,1225785.1,1830.7857142857142,2026,14,1.0,479.91239202399964,0.0,0.0,0.0,6718.773488335995,0.0,0.0,0.0,0.0,0.0,0.0,0.0,0.0,Oolong Willow Trading,SRI LANKA,4.0,High Value One-Off,20135853.47,13143.50748694517,29.0,1786.0,4.552,2.84,258.0,3.0,0.3333,RETAIL,High,0
13591000002574,11548,2,129.7547548525604,38332.0,117.5,226,2,1.0,64.8773774262802,39.56510572265666,0.0,0.0,90.18964912990376,0.0,0.0,0.0,0.0,0.0,0.0,0.0,0.0,Ceylon Ivy Trading,SRI LANKA,4.0,High Value One-Off,69876.76,3882.042222222222,6.0,139.0,1.0,7.14,14.0,3.0,0.3333,RETAIL,High,0
13591000002576,11549,1,98.74010967181133,29500.0,0.0,0,0,0.0,98.74010967181133,98.74010967181133,0.0,0.0,0.0,1.0,100.0,1.0,0.0,0.0,0.0,0.0,1.0,Herbal Magnolia Beverages,SRI LANKA,4.0,High Value One-Off,742780.0,10611.142857142857,36.0,117.0,1.056,7.41,10.0,3.0,0.3333,FOOD SERVICE,Low,1
13591000002584,11554,1,410.6311568485316,117600.0,282.0,282,1,1.0,410.6311568485316,0.0,0.0,0.0,410.6311568485316,0.0,0.0,0.0,0.0,0.0,0.0,0.0,0.0,Black Gold Maple Trading 0CB,SRI LANKA,1.0,High Frequency Buyers,1058850.0,352950.0,2.0,412.0,1.5,0.17,2.0,1.0,1.0,GLOBAL,High,0
13591000002656,11590,1,33.21785176306371,9500.0,285.0,285,1,1.0,33.21785176306371,0.0,0.0,0.0,33.21785176306371,0.0,0.0,0.0,0.0,0.0,0.0,0.0,0.0,Matcha Cedar Tea Co. E3E,SRI LANKA,3.0,Strategic High-Value,1272360.0,24468.46153846154,33.0,399.0,1.212,6.3,16.0,1.0,1.0,GLOBAL,High,0
13591000002678,11601,105,95335.34668565293,28665008.900000002,475.3142857142857,1147,105,1.0,907.9556827205041,10083.31663457835,1229.705168796589,1232.3438919487903,82789.9809903292,0.0,0.0,0.0,6.0,1110.2812057823262,2.0,-246.96723346091608,0.0,Black Gold Clover Distributors FF2,SRI LANKA,4.0,High Value One-Off,4319058.57,15048.984564459932,19.0,2164.0,2.737,1.8,44.0,2.0,0.5,RETAIL,High,0
13591000002682,11603,1,494.548897642125,147500.0,0.0,0,0,0.0,494.548897642125,494.548897642125,0.0,0.0,0.0,0.0,0.0,0.0,0.0,0.0,0.0,0.0,0.0,Sencha Orchid Tea Works,SRI LANKA,4.0,High Value One-Off,1311674.0,36435.38888888889,16.0,126.0,1.188,7.38,10.0,3.0,0.3333,FOOD SERVICE,Low,1
13591000002688,11606,2,3099.36,914805.2,479.5,501,2,1.0,1549.68,0.0,0.0,0.0,3099.36,1.0,35.86999999999989,1.0,0.0,0.0,0.0,0.0,0.5,Herbal Ivy Tea Works,SINGAPORE,3.0,Strategic High-Value,143244.9,1351.3669811320754,25.0,298.0,1.08,4.89,8.0,1.0,1.0,RETAIL,High,0
13591000002696,11610,5,10669.1,3181930.4,1.0,5,1,0.2,2133.82,10669.1,0.0,0.0,0.0,1.0,1477.77,1.0,0.0,0.0,0.0,0.0,0.2,TeaLeaf Palm Trading,HONG KONG,3.0,Strategic High-Value,655270.04,2028.6998142414861,46.0,82.0,1.696,5.5,8.0,1.0,1.0,RETAIL,Low,1
13591000002698,11611,10,1937.3802320850211,576575.1,79.5,475,8,0.8,193.7380232085021,849.2840384499855,494.26256415611726,593.8098229535733,0.0238065253450252,3.0,127882.0,1.0,1.0,356.9951952788899,0.0,0.0,0.3,Assam Bamboo Tea Co.,SRI LANKA,4.0,High Value One-Off,4104694.04,19639.684401913877,69.0,103.0,1.855,7.44,23.0,2.0,0.5,RETAIL,High,0
13591000002700,11612,44,80964.29721431437,23973695.4,295.6363636363636,675,44,1.0,1840.0976639616902,4471.911528206711,975.446454596685,979.4215277754498,74537.51770373553,0.0,0.0,0.0,9.0,194744.22782504608,1.0,-194054.5318015575,0.0,Oolong Ivy Beverages,SRI LANKA,0.0,No Sales History,0.0,0.0,0.0,0.0,0.0,0.0,0.0,0.0,0.0,Unknown,High,0
13591000002702,11613,11,1778.5017300402328,385477.0,2522.3636363636365,3212,11,1.0,296.41695500670545,0.0,0.0,0.0,1778.5017300402328,1.0,2072.0,1.0,0.0,0.0,0.0,0.0,0.09090909090909091,Golden Bud Palm Imports 0B9,SRI LANKA,0.0,No Sales History,0.0,0.0,0.0,0.0,0.0,0.0,0.0,0.0,0.0,Unknown,High,0
13591000002706,11615,1,2072.57,598981.8,278.0,278,1,1.0,2072.57,0.0,0.0,0.0,2072.57,1.0,2.799999999999272,1.0,0.0,0.0,0.0,0.0,1.0,Ceylon Rosewood Exports,SIERRA LEONE,4.0,High Value One-Off,1171339.03,5856.6951500000005,16.0,81.0,1.688,6.29,85.0,3.0,0.3333,RETAIL,High,0
13591000002710,11617,1,28.28002710462719,8163.3,324.0,324,1,1.0,28.28002710462719,0.0,0.0,0.0,28.28002710462719,0.0,0.0,0.0,0.0,0.0,0.0,0.0,0.0,Darjeeling Jasmine Beverages,SRI LANKA,3.0,Strategic High-Value,868902.28,21722.557,28.0,160.0,1.107,7.23,6.0,1.0,1.0,RETAIL,High,0
13591000002728,11626,9,1214.961100767481,360490.0,61.55555555555556,188,7,0.7778,134.99567786305343,409.5001001525062,19.87531775243169,351.9973812279966,433.58830163454644,0.0,0.0,0.0,0.0,0.0,0.0,0.0,0.0,White Pearl Jasmine Holdings,SRI LANKA,4.0,High Value One-Off,3327160.0,17887.956989247312,69.0,139.0,1.739,7.35,20.0,3.0,0.3333,FOOD SERVICE,High,0
13591000002730,11627,6,220858.70347997482,65936911.2,105.16666666666667,612,2,0.3333,36809.783913329135,220852.82362241636,0.0,0.0,5.879857558468567,0.0,0.0,0.0,0.0,0.0,0.0,0.0,0.0,White Pearl Sage Beverages,MALAYSIA,4.0,High Value One-Off,3812381.88,2742.7207769784172,54.0,89.0,1.37,6.41,214.0,3.0,0.3333,FOOD SERVICE,High,0
13591000002736,11631,9,511.3443895063377,88020.0,2236.222222222222,2692,9,1.0,56.81604327848196,0.0,0.0,0.0,511.3443895063377,0.0,0.0,0.0,0.0,0.0,0.0,0.0,0.0,Ceylon Bamboo Tea Works,SRI LANKA,3.0,Strategic High-Value,88020.0,2316.315789473684,7.0,1160.0,1.286,4.55,19.0,1.0,1.0,FOOD SERVICE,High,0
13591000002746,11636,1,80.32013700709471,23600.0,490.0,490,1,1.0,80.32013700709471,0.0,0.0,0.0,80.32013700709471,0.0,0.0,0.0,0.0,0.0,0.0,0.0,0.0,Herbal Cedar Beverages 5B2,SRI LANKA,3.0,Strategic High-Value,577750.0,7045.731707317073,29.0,620.0,1.586,6.03,5.0,1.0,1.0,FOOD SERVICE,High,0
13591000002748,11639,2,573.2700000000024,10845.0,887.0,1656,2,1.0,286.6350000000012,0.0,0.0,0.0,573.2700000000024,3.0,1205.6499999999992,1.0,1.0,549.02,1.0,-549.02,1.5,White Pearl Willow Trading 3F3,UNITED STATES,3.0,Strategic High-Value,82608.66,1180.1237142857144,7.0,225.0,1.0,5.99,54.0,1.0,1.0,RETAIL,High,0
13591000002754,11643,1,352.4960563217172,105315.0,0.0,0,0,0.0,352.4960563217172,352.4960563217172,0.0,0.0,0.0,1.0,400.0,1.0,0.0,0.0,0.0,0.0,1.0,Darjeeling Palm Tea Co. EF2,SRI LANKA,4.0,High Value One-Off,3557968.0,46207.37662337662,65.0,105.0,1.185,7.44,9.0,2.0,0.5,FOOD SERVICE,Low,1
13591000002756,11644,1,1.649015021432063,482.0,243.0,243,1,1.0,1.649015021432063,0.0,0.0,0.0,1.649015021432063,0.0,0.0,0.0,0.0,0.0,0.0,0.0,0.0,Ceylon Willow Holdings 845,SRI LANKA,3.0,Strategic High-Value,214800.0,6137.142857142857,32.0,125.0,1.094,7.38,2.0,1.0,1.0,FOOD SERVICE,High,0
13591000002764,11648,3,121.41523350909819,35990.0,41.0,120,2,0.6667,40.47174450303273,41.52293915474133,0.0,0.0,79.89229435435686,0.0,0.0,0.0,0.0,0.0,0.0,0.0,0.0,Silver Tip Willow Exports 8C3,SRI LANKA,4.0,High Value One-Off,1718741.0,10291.862275449103,46.0,141.0,1.587,7.09,22.0,3.0,0.3333,FOOD SERVICE,High,0
13591000002768,11650,1,376.180049655298,112395.0,0.0,0,0,0.0,376.180049655298,376.180049655298,0.0,0.0,0.0,0.0,0.0,0.0,0.0,0.0,0.0,0.0,0.0,Silver Tip Bamboo Beverages 3F6,SRI LANKA,4.0,High Value One-Off,1531162.0,20974.821917808218,48.0,109.0,1.208,7.43,19.0,3.0,0.3333,RETAIL,Low,1
13591000002774,11653,5,662.4926798119158,196588.0,46.0,104,4,0.8,132.49853596238316,310.7101035223984,233.9218844202133,0.0,117.8606918693041,0.0,0.0,0.0,0.0,0.0,0.0,0.0,0.0,Black Gold Maple Exports,SRI LANKA,4.0,High Value One-Off,1546974.0,14594.094339622641,70.0,138.0,1.171,7.35,4.0,2.0,0.5,FOOD SERVICE,High,0
13591000002796,11665,1,308.4196639634632,92112.0,0.0,0,0,0.0,308.4196639634632,308.4196639634632,0.0,0.0,0.0,2.0,170.0,1.0,0.0,0.0,0.0,0.0,2.0,White Pearl Bamboo Beverages,SRI LANKA,3.0,Strategic High-Value,2110225.25,14966.136524822696,40.0,119.0,1.275,7.4,12.0,1.0,1.0,RETAIL,Low,1
13591000002818,11676,4,400.26336999241676,119475.0,3.5,11,2,0.5,100.06584249810419,400.26336999241676,0.0,0.0,0.0,0.0,0.0,0.0,0.0,0.0,0.0,0.0,0.0,Oolong Clover Tea Co.,SRI LANKA,3.0,Strategic High-Value,2824485.0,28244.85,81.0,103.0,1.235,7.44,2.0,1.0,1.0,RETAIL,Medium,2
13591000002830,11682,6,3756.015082469114,812621.2,1294.5,1327,6,1.0,626.0025137448523,0.0,0.0,0.0,3756.015082469114,0.0,0.0,0.0,0.0,0.0,0.0,0.0,0.0,GreenLeaf Sage Trading 60A,SRI LANKA,4.0,High Value One-Off,19443170.0,13702.02255109232,47.0,1336.0,4.745,4.07,111.0,2.0,0.5,RETAIL,High,0
13591000002838,11686,1,80.50236157031931,24000.0,3.0,3,1,1.0,80.50236157031931,80.50236157031931,0.0,0.0,0.0,0.0,0.0,0.0,0.0,0.0,0.0,0.0,0.0,White Pearl Orchid Trading,SRI LANKA,4.0,High Value One-Off,344203.2,5934.537931034483,18.0,148.0,1.278,7.2,15.0,3.0,0.3333,FOOD SERVICE,High,0
13591000002844,11689,1,133.5075664344713,39825.0,0.0,0,0,0.0,133.5075664344713,133.5075664344713,0.0,0.0,0.0,0.0,0.0,0.0,0.0,0.0,0.0,0.0,0.0,Darjeeling Hibiscus Tea Co. 05A,SRI LANKA,4.0,High Value One-Off,772750.0,29721.153846153848,25.0,124.0,1.04,7.39,2.0,2.0,0.5,RETAIL,Low,1
13591000002858,11696,1,337.1618804319306,99460.0,73.0,73,1,1.0,337.1618804319306,0.0,0.0,337.1618804319306,0.0,0.0,0.0,0.0,0.0,0.0,0.0,0.0,0.0,TeaLeaf Clover Trading,SRI LANKA,4.0,High Value One-Off,386053.05,12064.1578125,20.0,218.0,1.4,7.13,9.0,2.0,0.5,FOOD SERVICE,High,0
13591000002870,11702,1,45.02140526634315,14112.0,854.0,854,1,1.0,45.02140526634315,0.0,0.0,0.0,45.02140526634315,0.0,0.0,0.0,0.0,0.0,0.0,0.0,0.0,Assam Fern Holdings,SRI LANKA,4.0,High Value One-Off,1015496.0,16378.967741935483,9.0,985.0,4.778,0.91,17.0,2.0,0.5,FOOD SERVICE,High,0
13591000002880,11707,9,5173.358266527014,1541429.2,61.22222222222222,450,6,0.6667,574.8175851696683,3011.931467794434,1914.240907833014,0.0,247.1858908995661,1.0,1311.100000000006,1.0,0.0,0.0,0.0,0.0,0.1111111111111111,Herbal Orchid Beverages,SRI LANKA,4.0,High Value One-Off,19273588.06,14491.419593984961,73.0,105.0,2.534,7.44,146.0,3.0,0.3333,RETAIL,High,0
13591000002904,11721,3,953.892479065814,284808.5,27.666666666666668,45,3,1.0,317.96415968860464,476.16156272391834,477.7309163418956,0.0,0.0,0.0,0.0,0.0,0.0,0.0,0.0,0.0,0.0,White Pearl Willow Tea Co.,SRI LANKA,4.0,High Value One-Off,2599754.69,11062.785914893617,24.0,119.0,1.5,7.4,91.0,2.0,0.5,RETAIL,High,0
13591000002914,11730,1,87.0,17186.9,1595.0,1595,1,1.0,87.0,0.0,0.0,0.0,87.0,1.0,4.73,1.0,0.0,0.0,0.0,0.0,1.0,Sencha Jasmine Beverages A68,PAKISTAN,4.0,High Value One-Off,110043.85,611.3547222222222,5.0,1324.0,1.0,3.12,58.0,2.0,0.5,FOOD SERVICE,High,0
13591000002920,11733,3,1025.5020875137598,305915.0,19.0,46,2,0.6667,341.83402917125323,395.0119515984529,630.490135915307,0.0,0.0,0.0,0.0,0.0,0.0,0.0,0.0,0.0,0.0,Sencha Maple Distributors 2E8,SRI LANKA,4.0,High Value One-Off,4289850.0,23314.402173913044,66.0,110.0,1.727,7.43,24.0,3.0,0.3333,FOOD SERVICE,Medium,2
13591000002922,11734,2,181570.16999999998,52251906.199999996,269.0,275,2,1.0,90785.08499999999,0.0,0.0,0.0,181570.16999999998,0.0,0.0,0.0,0.0,0.0,0.0,0.0,0.0,GreenLeaf Lotus Imports 046,SAUDI ARABIA,3.0,Strategic High-Value,2429915.04,7231.89,25.0,428.0,1.08,5.57,29.0,1.0,1.0,RETAIL,High,0
13591000002928,11741,8,3551.4144036822254,1058321.5,6.375,15,5,0.625,443.9268004602782,3551.4144036822254,0.0,0.0,0.0,8.0,115.62000000018452,1.0,0.0,0.0,0.0,0.0,1.0,Black Gold Ivy Exports,SRI LANKA,4.0,High Value One-Off,18760231.22,31163.174784053153,79.0,103.0,3.038,7.44,72.0,3.0,0.3333,RETAIL,Medium,2
13591000002936,11751,5,509.15738232001627,154436.9,536.8,546,5,1.0,101.83147646400326,0.0,0.0,0.0,509.15738232001627,1.0,213.2799999999988,1.0,0.0,0.0,1.0,-94.46423883911032,0.2,Oolong Hibiscus Imports,SRI LANKA,4.0,High Value One-Off,13663007.97,28464.599937500003,73.0,162.0,2.274,7.28,27.0,3.0,0.3333,FOOD SERVICE,High,0
13722000002565,12245,2,93.46856029680777,27915.0,303.5,566,2,1.0,46.73428014840388,0.0,85.94324765351327,0.0,7.525312643294495,0.0,0.0,0.0,0.0,0.0,0.0,0.0,0.0,Darjeeling Jasmine Holdings,SRI LANKA,4.0,High Value One-Off,345615.0,7680.333333333333,20.0,141.0,1.1,4.35,8.0,2.0,0.5,FOOD SERVICE,High,0
13759000012533,12682,2,710.9169879710605,212400.0,0.0,0,0,0.0,355.45849398553025,710.9169879710605,0.0,0.0,0.0,2.0,32280.0,1.0,0.0,0.0,0.0,0.0,1.0,Silver Tip Orchid Distributors,SRI LANKA,4.0,High Value One-Off,2557633.88,46502.43418181818,13.0,103.0,2.692,1.03,11.0,3.0,0.3333,FOOD SERVICE,Low,1
1384110000013,12713,1,701.181140246988,208400.0,37.0,37,1,1.0,701.181140246988,0.0,701.181140246988,0.0,0.0,0.0,0.0,0.0,0.0,0.0,0.0,0.0,0.0,Darjeeling Maple Exports 7C0,SRI LANKA,1.0,High Frequency Buyers,2557627.14,213135.595,7.0,167.0,1.714,0.71,2.0,1.0,1.0,GLOBAL,High,0
13878000002831,12391,1,2115.840376522409,680653.2,664.0,664,1,1.0,2115.840376522409,0.0,0.0,0.0,2115.840376522409,1.0,1696.06,1.0,0.0,0.0,0.0,0.0,1.0,Golden Bud Clover Beverages 2D0,LONDON,1.0,High Frequency Buyers,316.74,79.185,1.0,1208.0,1.0,0.0,4.0,1.0,1.0,GLOBAL,High,0
13981000004981,12486,1,92.81408765893951,27730.0,0.0,0,0,0.0,92.81408765893951,92.81408765893951,0.0,0.0,0.0,1.0,33600.0,1.0,0.0,0.0,0.0,0.0,1.0,Sencha Bamboo Holdings 9A5,SRI LANKA,3.0,Strategic High-Value,377734.0,31477.833333333332,9.0,105.0,1.222,2.68,5.0,1.0,1.0,GLOBAL,Low,1
13997000008208,12639,2,60955.18321513411,18167175.0,40.5,54,2,1.0,30477.591607567054,54429.22431645006,6525.958898684043,0.0,0.0,1.0,5572.699999999997,1.0,0.0,0.0,0.0,0.0,0.5,Matcha Hibiscus Distributors 305,NETHERLANDS,4.0,High Value One-Off,884221.2,1710.2924564796904,6.0,173.0,3.333,0.9,175.0,2.0,0.5,FOOD SERVICE,High,0
13997000008222,12640,5,99647.39579927576,29735031.400000002,108.4,325,3,0.6,19929.479159855153,99538.14675351934,0.0,0.0,109.24904575641257,0.0,0.0,0.0,0.0,0.0,0.0,0.0,0.0,Darjeeling Hibiscus Tea Works,SPAIN,1.0,High Frequency Buyers,303809.85,1819.2206586826346,5.0,140.0,1.6,1.05,72.0,1.0,1.0,FOOD SERVICE,High,0
1402660000028,12714,2,77.16782940836522,23010.0,10.5,21,1,0.5,38.58391470418261,77.16782940836522,0.0,0.0,0.0,0.0,0.0,0.0,0.0,0.0,0.0,0.0,0.0,White Pearl Fern Trading,SRI LANKA,1.0,High Frequency Buyers,102000.0,12750.0,3.0,109.0,1.0,0.87,6.0,1.0,1.0,FOOD SERVICE,Medium,2
1420330000841,12826,2,2695.3599999999997,799423.8999999999,59.0,74,2,1.0,1347.6799999999998,0.0,848.03,1847.33,0.0,3.0,2581.9700000000003,1.0,0.0,0.0,0.0,0.0,1.5,Oolong Lotus Tea Co. F1D,MALDIVES,0.0,No Sales History,0.0,0.0,0.0,0.0,0.0,0.0,0.0,0.0,0.0,Unknown,High,0
1421880000094,12746,1,15.06504160519388,4400.0,165.0,165,1,1.0,15.06504160519388,0.0,0.0,0.0,15.06504160519388,0.0,0.0,0.0,0.0,0.0,0.0,0.0,0.0,Herbal Jasmine Tea Works,SRI LANKA,1.0,High Frequency Buyers,12420894.72,136493.3485714286,5.0,250.0,16.8,0.4,3.0,1.0,1.0,GLOBAL,High,0
14220000009287,12609,4,3915.3999999999996,1155777.9,338.75,471,4,1.0,978.8499999999999,0.0,0.0,0.0,3915.3999999999996,9.0,7710.82,1.0,1.0,1385.0,0.0,0.0,2.25,Silver Tip Willow Exports,UNITED KINGDOM,1.0,High Frequency Buyers,10516.16,584.2311111111111,8.0,81.0,1.25,1.58,3.0,1.0,1.0,RETAIL,High,0
14322000003939,12350,3,212782.44999999998,63576693.9,55.0,165,1,0.3333,70927.48333333332,212746.44999999998,0.0,0.0,36.0,0.0,0.0,0.0,1.0,36.0,0.0,0.0,0.0,Assam Lotus Tea Works,GERMANY,3.0,Strategic High-Value,698464.18,3858.9181215469616,8.0,103.0,1.25,3.58,34.0,1.0,1.0,FOOD SERVICE,High,0
14377000013069,12618,1,98.29095061731286,29376.0,0.0,0,0,0.0,98.29095061731286,98.29095061731286,0.0,0.0,0.0,0.0,0.0,0.0,0.0,0.0,0.0,0.0,0.0,Silver Tip Bamboo Trading 132,SRI LANKA,4.0,High Value One-Off,393739.0,18749.47619047619,9.0,113.0,1.0,1.44,7.0,3.0,0.3333,FOOD SERVICE,Low,1
1440110000786,12875,1,143.8709024184339,42912.0,0.0,0,0,0.0,143.8709024184339,143.8709024184339,0.0,0.0,0.0,0.0,0.0,0.0,0.0,0.0,0.0,0.0,0.0,GreenLeaf Sage Trading,SRI LANKA,1.0,High Frequency Buyers,161093.1,16109.310000000001,2.0,124.0,2.0,0.07,6.0,1.0,1.0,RETAIL,Low,1
14409000001093,12232,42,4279.048321051954,1337303.6,525.0714285714286,826,41,0.9762,101.88210288218939,133.80602510172898,16.98370360404299,21.72251771803336,4106.5360746281485,1.0,12000.0,1.0,0.0,0.0,0.0,0.0,0.023809523809523808,Black Gold Rosewood Distributors 274,SRI LANKA,4.0,High Value One-Off,3899074.46,10153.839739583333,53.0,124.0,2.453,4.49,169.0,2.0,0.5,RETAIL,High,0
14409000001162,12233,1,37453.65,11177682.3,0.0,0,0,0.0,37453.65,37453.65,0.0,0.0,0.0,0.0,0.0,0.0,0.0,0.0,0.0,0.0,0.0,Ceylon Lotus Holdings,PHILIPPINES,3.0,Strategic High-Value,388153.48,7763.0696,11.0,138.0,1.0,4.28,5.0,1.0,1.0,RETAIL,Low,1
14422000008588,12655,1,112.8557669954501,33642.2,431.0,431,1,1.0,112.8557669954501,0.0,0.0,0.0,112.8557669954501,0.0,0.0,0.0,0.0,0.0,0.0,0.0,0.0,Golden Bud Fern Trading 99F,SRI LANKA,1.0,High Frequency Buyers,186901.0,186901.0,1.0,538.0,1.0,0.0,1.0,1.0,1.0,GLOBAL,High,0
14456000000010,11797,20,118944.64000000001,35457482.0,255.55,530,18,0.9,5947.232000000001,117668.42000000001,37.5,60.0,1178.72,2.0,5552.0,1.0,0.0,0.0,0.0,0.0,0.1,Matcha Ivy Tea Co.,EGYPT,4.0,High Value One-Off,1527789.86,3292.6505603448277,40.0,104.0,1.1,6.38,91.0,2.0,0.5,FOOD SERVICE,High,0
14520000002132,12333,3,326.5283786341594,97440.0,8.333333333333334,14,3,1.0,108.84279287805315,326.5283786341594,0.0,0.0,0.0,2.0,1990.0,1.0,0.0,0.0,0.0,0.0,0.6666666666666666,Silver Tip Fern Holdings 49F,SRI LANKA,4.0,High Value One-Off,2126753.09,17290.675528455282,22.0,133.0,1.318,3.73,50.0,2.0,0.5,RETAIL,High,0
14546000007966,12496,2,1114.619999999999,334099.9,464.0,889,2,1.0,557.3099999999995,0.0,1029.880000000001,0.0,84.73999999999796,0.0,0.0,0.0,0.0,0.0,0.0,0.0,0.0,Oolong Clover Beverages,UNITED STATES,4.0,High Value One-Off,136745.0,4021.9117647058824,4.0,144.0,1.25,2.32,17.0,2.0,0.5,RETAIL,High,0
14573000005544,12538,2,51278.0,15273836.0,7.0,14,1,0.5,25639.0,51278.0,0.0,0.0,0.0,0.0,0.0,0.0,0.0,0.0,0.0,0.0,0.0,Assam Willow Distributors,CANADA,3.0,Strategic High-Value,581200.92,7175.320000000001,16.0,57.0,1.062,1.93,6.0,1.0,1.0,FOOD SERVICE,Medium,2
1459330000382,12797,2,98.87203816884829,29500.0,2.0,4,1,0.5,49.436019084424146,98.87203816884829,0.0,0.0,0.0,0.0,0.0,0.0,0.0,0.0,0.0,0.0,0.0,Sencha Palm Holdings,SRI LANKA,4.0,High Value One-Off,85250.0,14208.333333333334,3.0,119.0,1.333,0.51,3.0,2.0,0.5,GLOBAL,Medium,2
1466110000110,12737,2,335.0702311987722,100005.0,1.5,3,1,0.5,167.5351155993861,335.0702311987722,0.0,0.0,0.0,0.0,0.0,0.0,0.0,0.0,0.0,0.0,0.0,TeaLeaf Sage Beverages,SRI LANKA,4.0,High Value One-Off,202230.0,28890.0,4.0,102.0,1.5,0.31,3.0,2.0,0.5,RETAIL,Medium,2
14689000003384,12116,5,1601.8392936315568,478194.4,30.4,68,4,0.8,320.36785872631134,1393.3010325451346,69.46698343856254,139.0712776478598,0.0,0.0,0.0,0.0,0.0,0.0,0.0,0.0,0.0,Matcha Palm Tea Works B62,SRI LANKA,0.0,No Sales History,0.0,0.0,0.0,0.0,0.0,0.0,0.0,0.0,0.0,Unknown,High,0
14715000006747,12555,1,329.6378849434508,100595.0,576.0,576,1,1.0,329.6378849434508,0.0,0.0,0.0,329.6378849434508,0.0,0.0,0.0,0.0,0.0,0.0,0.0,0.0,Sencha Hibiscus Holdings 793,SRI LANKA,1.0,High Frequency Buyers,434825.0,144941.66666666666,2.0,690.0,1.0,0.3,3.0,1.0,1.0,GLOBAL,High,0
14737000000217,11764,4,5307.78563613406,1585000.0,13.5,44,2,0.5,1326.946409033515,4318.474223705894,989.311412428166,0.0,0.0,0.0,0.0,0.0,0.0,0.0,0.0,0.0,0.0,TeaLeaf Lotus Trading,SRI LANKA,3.0,Strategic High-Value,2089521.61,208952.16100000002,5.0,103.0,1.4,6.85,6.0,1.0,1.0,GLOBAL,Medium,2
14737000000497,11766,2,448.4400000000001,132167.5,778.0,1185,2,1.0,224.22000000000006,0.0,0.0,0.0,448.4400000000001,0.0,0.0,0.0,0.0,0.0,0.0,0.0,0.0,Ceylon Jasmine Beverages 48E,SRI LANKA,3.0,Strategic High-Value,27141.5,1005.2407407407408,11.0,483.0,1.182,6.17,21.0,1.0,1.0,GLOBAL,High,0
14775000002429,12590,1,772.5158702723219,230400.0,1.0,1,1,1.0,772.5158702723219,772.5158702723219,0.0,0.0,0.0,0.0,0.0,0.0,0.0,0.0,0.0,0.0,0.0,GreenLeaf Rosewood Imports,SRI LANKA,4.0,High Value One-Off,1550604.72,20137.723636363637,13.0,131.0,1.231,1.63,23.0,2.0,0.5,FOOD SERVICE,High,0
14789000006004,12385,1,220.7314913956714,65700.0,72.0,72,1,1.0,220.7314913956714,0.0,0.0,220.7314913956714,0.0,0.0,0.0,0.0,0.0,0.0,0.0,0.0,0.0,White Pearl Orchid Beverages B60,SRI LANKA,3.0,Strategic High-Value,360200.02,6105.085084745763,8.0,186.0,1.0,3.24,16.0,1.0,1.0,GLOBAL,High,0
14804000007818,12574,2,104.16,31111.2,36.0,67,2,1.0,52.08,89.66,0.0,14.5,0.0,1.0,3907.43,1.0,0.0,0.0,0.0,0.0,0.5,Matcha Lotus Distributors,SOUTH KOREA,4.0,High Value One-Off,99428.66,1988.5732,12.0,96.0,1.25,1.71,12.0,2.0,0.5,FOOD SERVICE,High,0
14832000001124,11932,1,26.49358632352178,7965.0,445.0,445,1,1.0,26.49358632352178,0.0,0.0,0.0,26.49358632352178,0.0,0.0,0.0,0.0,0.0,0.0,0.0,0.0,Herbal Rosewood Exports,SRI LANKA,4.0,High Value One-Off,249548.0,3465.9444444444443,30.0,575.0,1.5,5.28,10.0,2.0,0.5,FOOD SERVICE,High,0
14832000001183,11934,7,82928.39543083005,24633051.8,85.71428571428571,158,7,1.0,11846.91363297572,14455.8097229854,14446.26369215656,14454.53522089955,39571.78679478854,0.0,0.0,0.0,0.0,0.0,0.0,0.0,0.0,Matcha Willow Exports,SRI LANKA,0.0,No Sales History,0.0,0.0,0.0,0.0,0.0,0.0,0.0,0.0,0.0,Unknown,High,0
1483770000226,12774,1,410.739445002156,122500.0,9.0,9,1,1.0,410.739445002156,410.739445002156,0.0,0.0,0.0,0.0,0.0,0.0,0.0,0.0,0.0,0.0,0.0,White Pearl Sage Imports,SRI LANKA,4.0,High Value One-Off,276694.92000000004,46115.82000000001,2.0,139.0,1.5,0.54,2.0,2.0,0.5,GLOBAL,High,0
14858000008544,12417,2,102.84392964375706,30680.0,11.0,11,2,1.0,51.42196482187853,102.84392964375706,0.0,0.0,0.0,0.0,0.0,0.0,0.0,0.0,0.0,0.0,0.0,Ceylon Hibiscus Holdings,SRI LANKA,3.0,Strategic High-Value,2070590.0,98599.52380952382,11.0,125.0,1.273,3.26,12.0,1.0,1.0,GLOBAL,High,0
14943000000073,11848,5,1380.4765945319152,411782.8,248.0,1173,3,0.6,276.09531890638306,1104.1834114158034,276.2291607419768,0.0,0.064022374134969,0.0,0.0,0.0,0.0,0.0,0.0,0.0,0.0,Oolong Willow Distributors 611,SRI LANKA,4.0,High Value One-Off,6771512.17,33857.56085,71.0,109.0,1.958,7.2,14.0,2.0,0.5,RETAIL,High,0
14955000004272,12392,1,115.5669695772422,34515.0,0.0,0,0,0.0,115.5669695772422,115.5669695772422,0.0,0.0,0.0,0.0,0.0,0.0,0.0,0.0,0.0,0.0,0.0,Ceylon Lotus Tea Co. ECD,SRI LANKA,4.0,High Value One-Off,534900.0,24313.636363636364,20.0,119.0,1.1,3.39,3.0,2.0,0.5,FOOD SERVICE,Low,1
14974000013799,12509,7,141.00137481531024,42040.0,20.571428571428573,88,4,0.5714,20.14305354504432,134.49271932047952,0.0,6.508655494830704,0.0,0.0,0.0,0.0,0.0,0.0,0.0,0.0,0.0,Darjeeling Sage Exports,SRI LANKA,4.0,High Value One-Off,112100.0,3396.969696969697,16.0,105.0,1.5,1.85,12.0,2.0,0.5,FOOD SERVICE,Medium,2
14986000010403,12703,7,1499.2171515063324,443556.0,85.42857142857143,193,6,0.8571,214.1738787866189,716.4017315462478,0.0,233.3250972694914,549.4903226905931,0.0,0.0,0.0,0.0,0.0,0.0,0.0,0.0,Darjeeling Rosewood Beverages,SRI LANKA,4.0,High Value One-Off,492894.92,54766.102222222224,7.0,130.0,1.286,0.78,2.0,2.0,0.5,FOOD SERVICE,High,0
15031000003326,12004,1,16.26096781656211,4850.0,2.0,2,1,1.0,16.26096781656211,16.26096781656211,0.0,0.0,0.0,0.0,0.0,0.0,0.0,0.0,0.0,0.0,0.0,Herbal Rosewood Tea Works,SRI LANKA,4.0,High Value One-Off,3160689.58,31293.956237623763,27.0,132.0,1.963,5.64,16.0,2.0,0.5,RETAIL,High,0
15164000008964,12566,10,11944.487615607706,3501110.0,101.1,362,10,1.0,1194.4487615607707,981.113365591302,50.38106128275817,0.0,10912.993188733646,0.0,0.0,0.0,0.0,0.0,0.0,0.0,0.0,Silver Tip Hibiscus Exports 899,SRI LANKA,1.0,High Frequency Buyers,12386327.0,495453.08,10.0,117.0,2.3,1.88,12.0,1.0,1.0,GLOBAL,High,0
1518220000641,12847,1,17.27733450664549,5151.9,44.0,44,1,1.0,17.27733450664549,0.0,17.27733450664549,0.0,0.0,1.0,16.87999999999738,1.0,0.0,0.0,0.0,0.0,1.0,GreenLeaf Sage Tea Co. 5B8,SRI LANKA,1.0,High Frequency Buyers,33884.0,11294.666666666666,1.0,190.0,1.0,0.0,3.0,1.0,1.0,GLOBAL,High,0
1521220000610,12823,4,1515.2765600145178,452000.0,25.5,102,1,0.25,378.81914000362946,1312.0068997729793,0.0,0.0,203.2696602415386,0.0,0.0,0.0,0.0,0.0,0.0,0.0,0.0,Silver Tip Hibiscus Trading 174,SRI LANKA,1.0,High Frequency Buyers,579661.03,82808.71857142857,3.0,113.0,2.333,0.33,1.0,1.0,1.0,GLOBAL,High,0
15244000001950,12062,1,0.0642721004089471,11.6,2015.0,2015,1,1.0,0.0642721004089471,0.0,0.0,0.0,0.0642721004089471,0.0,0.0,0.0,0.0,0.0,0.0,0.0,0.0,TeaLeaf Fern Trading 4F3,SRI LANKA,1.0,High Frequency Buyers,575655.1,10279.555357142857,6.0,1826.0,1.5,0.91,39.0,1.0,1.0,GLOBAL,High,0
15288000003146,12267,3,898.4700000000012,277789.2,903.0,1141,3,1.0,299.4900000000004,0.0,0.0,0.0,898.4700000000012,0.0,0.0,0.0,0.0,0.0,0.0,0.0,0.0,Sencha Fern Holdings,ISRAEL,1.0,High Frequency Buyers,148259.2,4782.554838709678,12.0,810.0,1.167,2.26,8.0,1.0,1.0,FOOD SERVICE,High,0
15306000005303,12348,5,3298.3648585335795,984737.5,16.8,35,4,0.8,659.6729717067159,3286.6103633631733,11.75449517040613,0.0,0.0,1.0,1.25,1.0,0.0,0.0,0.0,0.0,0.2,Golden Bud Maple Imports 044,SRI LANKA,0.0,No Sales History,0.0,0.0,0.0,0.0,0.0,0.0,0.0,0.0,0.0,Unknown,High,0
15316000000813,11985,30,1376603.535204137,430807693.59999996,757.0666666666667,1295,30,1.0,45886.784506804564,0.0,0.0,0.0,1376603.535204137,1.0,10000.0,1.0,1.0,9246.564592703984,5.0,-192870.5181820304,0.03333333333333333,TeaLeaf Lotus Imports CEA,NETHERLANDS,4.0,High Value One-Off,2122489.04,1181.7867706013362,34.0,617.0,1.618,4.61,330.0,3.0,0.3333,FOOD SERVICE,High,0
15325000004691,12090,1,0.0075632658851898,1.4,2009.0,2009,1,1.0,0.0075632658851898,0.0,0.0,0.0,0.0075632658851898,0.0,0.0,0.0,0.0,0.0,0.0,0.0,0.0,GreenLeaf Hibiscus Tea Works,SRI LANKA,1.0,High Frequency Buyers,326241.38,14184.407826086957,1.0,2154.0,2.0,0.0,23.0,1.0,1.0,GLOBAL,High,0
15340000005043,12587,3,267.1843019605296,79750.0,31.666666666666668,60,3,1.0,89.0614339868432,169.92995972182854,97.25434223870106,0.0,0.0,0.0,0.0,0.0,0.0,0.0,0.0,0.0,0.0,Ceylon Clover Tea Co. B78,SRI LANKA,3.0,Strategic High-Value,1352507.0,42265.84375,18.0,119.0,1.778,1.64,3.0,1.0,1.0,GLOBAL,High,0
15351000006191,12498,1,84.34005911836526,25200.0,0.0,0,0,0.0,84.34005911836526,84.34005911836526,0.0,0.0,0.0,1.0,6.929999999993015,1.0,0.0,0.0,0.0,0.0,1.0,Oolong Bamboo Imports,SRI LANKA,4.0,High Value One-Off,2682030.16,20473.512671755725,17.0,110.0,2.176,2.49,43.0,2.0,0.5,RETAIL,Low,1
1538550000119,12760,7,3539.675027586427,1053504.0,51.42857142857143,238,4,0.5714,505.6678610837753,1872.7707987996714,1389.909303869704,0.0,276.9949249170512,1.0,5184.0,1.0,0.0,0.0,0.0,0.0,0.14285714285714285,Sencha Maple Tea Co.,SRI LANKA,4.0,High Value One-Off,2170555.94,47185.998695652175,9.0,110.0,1.556,0.71,16.0,2.0,0.5,FOOD SERVICE,High,0
1539770001726,12843,1,45786.11,13657891.3,22.0,22,1,1.0,45786.11,45786.11,0.0,0.0,0.0,0.0,0.0,0.0,0.0,0.0,0.0,0.0,0.0,Herbal Lotus Exports,OMAN,1.0,High Frequency Buyers,44141.11,1471.3703333333333,1.0,124.0,1.0,0.0,30.0,1.0,1.0,FOOD SERVICE,High,0
1542330000127,12736,3,385.5548197757411,115050.0,7.0,18,2,0.6667,128.51827325858036,385.5548197757411,0.0,0.0,0.0,0.0,0.0,0.0,0.0,0.0,0.0,0.0,0.0,Ceylon Magnolia Trading,SRI LANKA,4.0,High Value One-Off,360750.0,45093.75,6.0,113.0,1.333,0.8,2.0,2.0,0.5,FOOD SERVICE,Medium,2
15450000002168,11971,3,466.7260229004341,139240.0,14.0,20,3,1.0,155.57534096681135,466.7260229004341,0.0,0.0,0.0,0.0,0.0,0.0,0.0,0.0,0.0,0.0,0.0,Matcha Ivy Exports 686,SRI LANKA,4.0,High Value One-Off,1619300.0,44980.555555555555,28.0,131.0,1.179,6.17,3.0,3.0,0.3333,RETAIL,High,0
15506000004557,12239,4,162193.77999999997,48293772.8,21.75,45,2,0.5,40548.44499999999,141648.84999999998,20544.93,0.0,0.0,0.0,0.0,0.0,0.0,0.0,0.0,0.0,0.0,Assam Lotus Exports,RUSSIA,4.0,High Value One-Off,2789372.17,3041.845332606325,30.0,88.0,2.067,4.46,222.0,2.0,0.5,FOOD SERVICE,Medium,2
15568000007092,12684,1,299.7559704750428,89400.0,25.0,25,1,1.0,299.7559704750428,299.7559704750428,0.0,0.0,0.0,0.0,0.0,0.0,0.0,0.0,0.0,0.0,0.0,Ceylon Bamboo Holdings,SRI LANKA,1.0,High Frequency Buyers,178225.0,5400.757575757576,2.0,139.0,1.0,0.93,19.0,1.0,1.0,GLOBAL,High,0
15580000003533,12300,1,39.98694663403099,11800.0,555.0,555,1,1.0,39.98694663403099,0.0,0.0,0.0,39.98694663403099,0.0,0.0,0.0,0.0,0.0,0.0,0.0,0.0,Oolong Fern Imports,SRI LANKA,4.0,High Value One-Off,341145.03,8528.625750000001,27.0,183.0,1.37,3.8,12.0,3.0,0.3333,RETAIL,High,0
15600000004920,12448,3,701.0933367281156,208500.0,44.666666666666664,76,3,1.0,233.69777890937186,233.1280688207477,233.8407621795708,234.1245057277971,0.0,0.0,0.0,0.0,0.0,0.0,0.0,0.0,0.0,GreenLeaf Bamboo Beverages 1BE,SRI LANKA,3.0,Strategic High-Value,2672750.0,111364.58333333333,22.0,127.0,1.091,2.95,4.0,1.0,1.0,GLOBAL,High,0
15709000011171,12643,3,199.13951600582718,59498.7,23.666666666666668,66,2,0.6667,66.37983866860905,198.78256351121598,0.0,0.3569524946111838,0.0,1.0,8.429999999993015,1.0,0.0,0.0,0.0,0.0,0.3333333333333333,Matcha Magnolia Tea Works,SRI LANKA,0.0,No Sales History,0.0,0.0,0.0,0.0,0.0,0.0,0.0,0.0,0.0,Unknown,Medium,2
15740000007351,12540,1,156.9172861490654,46800.0,1.0,1,1,1.0,156.9172861490654,156.9172861490654,0.0,0.0,0.0,0.0,0.0,0.0,0.0,0.0,0.0,0.0,0.0,Assam Clover Trading,SRI LANKA,4.0,High Value One-Off,476814.0,36678.0,11.0,131.0,1.182,2.07,4.0,2.0,0.5,FOOD SERVICE,High,0
1574220001100,12907,1,1874.355899351105,560000.0,0.0,0,0,0.0,1874.355899351105,1874.355899351105,0.0,0.0,0.0,0.0,0.0,0.0,0.0,0.0,0.0,0.0,0.0,Golden Bud Rosewood Distributors,SRI LANKA,1.0,High Frequency Buyers,474576.27,474576.27,1.0,112.0,1.0,0.0,1.0,1.0,1.0,GLOBAL,Low,1
15763000002106,12244,4,4604.912638784736,1419014.8,1224.0,1240,4,1.0,1151.228159696184,0.0,0.0,0.0,4604.912638784736,1.0,542.3999999999942,1.0,0.0,0.0,0.0,0.0,0.25,Golden Bud Orchid Tea Co. 38A,SRI LANKA,4.0,High Value One-Off,12923438.2,24155.959252336448,14.0,1344.0,4.357,1.05,63.0,2.0,0.5,RETAIL,High,0
1576550000662,12807,4,214794.69,64125472.3,14.25,57,1,0.25,53698.6725,201923.65,12871.04,0.0,0.0,0.0,0.0,0.0,0.0,0.0,0.0,0.0,0.0,Golden Bud Hibiscus Trading,SAUDI ARABIA,1.0,High Frequency Buyers,929479.92,5281.135909090909,4.0,75.0,3.25,0.41,68.0,1.0,1.0,FOOD SERVICE,Medium,2
15767000000039,11849,1,125.7394316845932,37500.0,47.0,47,1,1.0,125.7394316845932,0.0,125.7394316845932,0.0,0.0,1.0,450.0,1.0,0.0,0.0,0.0,0.0,1.0,White Pearl Hibiscus Tea Works,SRI LANKA,1.0,High Frequency Buyers,44425.0,11106.25,2.0,147.0,2.0,0.44,2.0,1.0,1.0,GLOBAL,High,0
1576990000294,12785,6,201.73968816014053,60180.0,41.833333333333336,66,6,1.0,33.62328136002342,71.10916264882306,83.11310917015851,47.51741634115894,0.0,1.0,24800.0,1.0,0.0,0.0,0.0,0.0,0.16666666666666666,GreenLeaf Palm Tea Co.,SRI LANKA,1.0,High Frequency Buyers,102000.0,5666.666666666667,7.0,117.0,1.714,0.57,2.0,1.0,1.0,FOOD SERVICE,High,0
15791000003948,12556,4,49325.71,14712066.8,199.0,372,4,1.0,12331.4275,0.0,46134.75,0.0,3190.960000000001,3.0,47200.51,1.0,0.0,0.0,0.0,0.0,0.75,GreenLeaf Maple Holdings,BULGARIA,4.0,High Value One-Off,187698.49,2406.3908974358974,4.0,141.0,1.5,1.51,34.0,2.0,0.5,RETAIL,High,0
15853000003467,12526,1,220.5616411126899,65800.0,58.0,58,1,1.0,220.5616411126899,0.0,220.5616411126899,0.0,0.0,0.0,0.0,0.0,0.0,0.0,0.0,0.0,0.0,Assam Maple Distributors 37F,SRI LANKA,3.0,Strategic High-Value,433300.0,4561.0526315789475,10.0,172.0,1.0,1.98,23.0,1.0,1.0,GLOBAL,High,0
15865000011894,12516,1,891.5444595079011,264626.8,46.0,46,1,1.0,891.5444595079011,0.0,891.5444595079011,0.0,0.0,0.0,0.0,0.0,0.0,0.0,0.0,0.0,0.0,Ceylon Hibiscus Exports 0E9,SRI LANKA,3.0,Strategic High-Value,1418238.28,48904.76827586207,13.0,160.0,1.385,2.24,10.0,1.0,1.0,GLOBAL,High,0
15941000001381,11999,3,5867.462411921788,1751614.5,11.333333333333334,17,2,0.6667,1955.8208039739293,5867.462411921788,0.0,0.0,0.0,0.0,0.0,0.0,0.0,0.0,0.0,0.0,0.0,Matcha Clover Distributors B88,SRI LANKA,3.0,Strategic High-Value,69246.5,935.7635135135135,29.0,113.0,1.483,6.01,5.0,1.0,1.0,GLOBAL,Medium,2
16055000002611,12351,2,79.12985497931359,23600.0,32.5,50,2,1.0,39.564927489656796,39.5320080283478,39.59784695096579,0.0,0.0,0.0,0.0,0.0,0.0,0.0,0.0,0.0,0.0,Sencha Jasmine Holdings 02D,SRI LANKA,4.0,High Value One-Off,229363.22,8191.543571428571,12.0,145.0,1.25,3.55,10.0,3.0,0.3333,FOOD SERVICE,High,0
16065000003504,11898,44,33090.7617721056,9851370.6,82.31818181818181,218,31,0.7045,752.0627675478546,26626.47932685574,438.6878749334458,1308.7360224952663,4716.858547821151,4.0,4251.119999999704,1.0,0.0,0.0,1.0,-2700.931909778205,0.09090909090909091,GreenLeaf Willow Imports,SRI LANKA,4.0,High Value One-Off,132441686.59,28961.66336977914,75.0,105.0,12.093,6.9,59.0,2.0,0.5,RETAIL,High,0
16096000002583,12372,6,323.23552977230617,96473.0,23.166666666666668,55,5,0.8333,53.87258829538436,216.96244767816833,106.27308209413786,0.0,0.0,4.0,266.5800000000054,1.0,0.0,0.0,0.0,0.0,0.6666666666666666,Silver Tip Bamboo Tea Works CC6,SRI LANKA,0.0,No Sales History,0.0,0.0,0.0,0.0,0.0,0.0,0.0,0.0,0.0,Unknown,High,0
16190000000895,11854,10,25439.28571672173,7585937.2,67.2,158,10,1.0,2543.928571672173,7828.985514239067,7849.449921693183,8083.941328112691,1676.9089526767898,0.0,0.0,0.0,0.0,0.0,6.0,-5402.767552704152,0.0,Herbal Hibiscus Tea Works 461,SRI LANKA,1.0,High Frequency Buyers,6400.0,6400.0,1.0,675.0,1.0,0.0,1.0,1.0,1.0,GLOBAL,High,0
16242000001264,11962,2,250.53916693678985,74700.0,26.5,34,2,1.0,125.26958346839493,54.48237386240804,196.0567930743818,0.0,0.0,0.0,0.0,0.0,0.0,0.0,0.0,0.0,0.0,Assam Hibiscus Holdings,SRI LANKA,3.0,Strategic High-Value,1239695.0,11920.14423076923,25.0,133.0,1.36,6.25,25.0,1.0,1.0,GLOBAL,High,0
1630220001242,12853,2,987.7839585894177,295000.0,13.0,13,2,1.0,493.89197929470885,987.7839585894177,0.0,0.0,0.0,0.0,0.0,0.0,0.0,0.0,0.0,0.0,0.0,Herbal Cedar Tea Works 45E,SRI LANKA,1.0,High Frequency Buyers,250000.0,125000.0,1.0,143.0,2.0,0.0,1.0,1.0,1.0,GLOBAL,High,0
16365000001757,12309,1,9928.863281100688,2961210.0,9.0,9,1,1.0,9928.863281100688,9928.863281100688,0.0,0.0,0.0,0.0,0.0,0.0,0.0,0.0,0.0,0.0,0.0,Sencha Sage Beverages 69A,SRI LANKA,3.0,Strategic High-Value,5684500.0,947416.6666666666,4.0,139.0,1.0,3.79,3.0,1.0,1.0,GLOBAL,High,0
16377000006455,12373,1,1690.911143882652,494184.0,172.0,172,1,1.0,1690.911143882652,0.0,0.0,0.0,1690.911143882652,0.0,0.0,0.0,0.0,0.0,0.0,0.0,0.0,Matcha Jasmine Beverages 4E8,SRI LANKA,3.0,Strategic High-Value,18845300.0,1177831.25,10.0,288.0,1.1,3.12,8.0,1.0,1.0,GLOBAL,High,0
16567000004464,12127,2,71220.99,21142580.1,0.0,0,0,0.0,35610.495,71220.99,0.0,0.0,0.0,0.0,0.0,0.0,0.0,0.0,0.0,0.0,0.0,TeaLeaf Magnolia Tea Works,UKRAINE,3.0,Strategic High-Value,782830.76,2878.0542647058824,21.0,110.0,1.143,5.2,58.0,1.0,1.0,RETAIL,Low,1
16576000005399,12686,2,1012.9049807067277,300000.0,81.0,102,2,1.0,506.4524903533638,0.0,606.3656263453738,0.0,406.5393543613538,0.0,0.0,0.0,0.0,0.0,0.0,0.0,0.0,Matcha Sage Distributors F73,SRI LANKA,1.0,High Frequency Buyers,442372.88,110593.22,3.0,190.0,1.0,0.49,2.0,1.0,1.0,GLOBAL,High,0
16667000004732,12591,12,26021.049999999996,7768702.1,285.5,554,12,1.0,2168.420833333333,24602.91,0.0,0.0,1418.139999999997,5.0,45938.68000000001,1.0,0.0,0.0,0.0,0.0,0.4166666666666667,Darjeeling Sage Holdings,CHINA,4.0,High Value One-Off,2079648.29,3953.7039733840306,17.0,82.0,3.059,1.67,119.0,2.0,0.5,FOOD SERVICE,High,0
16679000008424,12660,1,95.5,28254.9,165.0,165,1,1.0,95.5,0.0,0.0,0.0,95.5,0.0,0.0,0.0,0.0,0.0,0.0,0.0,0.0,Matcha Sage Tea Co.,TURKEY,1.0,High Frequency Buyers,166181.76,55393.920000000006,2.0,285.0,1.0,0.58,3.0,1.0,1.0,BULK,High,0
1677440000909,12863,1,955.8158206634636,285000.0,39.0,39,1,1.0,955.8158206634636,0.0,955.8158206634636,0.0,0.0,0.0,0.0,0.0,0.0,0.0,0.0,0.0,0.0,Golden Bud Magnolia Trading EF2,SRI LANKA,1.0,High Frequency Buyers,241525.42,241525.42,1.0,169.0,1.0,0.0,1.0,1.0,1.0,GLOBAL,High,0
16817000014163,12701,3,71.84402392319379,21060.0,212.0,331,3,1.0,23.948007974397928,0.0,0.0,0.0,71.84402392319379,0.0,0.0,0.0,0.0,0.0,0.0,0.0,0.0,Darjeeling Bamboo Tea Co.,SRI LANKA,4.0,High Value One-Off,35694.92,4461.865,5.0,271.0,1.2,0.52,3.0,3.0,0.3333,GLOBAL,High,0
16834000002189,12302,7,1108.5625598491974,329600.0,67.42857142857143,100,7,1.0,158.36607997845678,200.3173563339007,200.5598893647874,350.6686163770404,357.0166977734689,1.0,35.5,1.0,0.0,0.0,0.0,0.0,0.14285714285714285,Silver Tip Bamboo Tea Works 608,SRI LANKA,3.0,Strategic High-Value,5586410.0,32861.23529411765,42.0,120.0,1.81,3.86,32.0,1.0,1.0,GLOBAL,High,0
16946000008630,12661,3,24266.371715289053,7091887.2,248.66666666666666,355,3,1.0,8088.790571763017,0.0,0.0,10841.91846194478,13424.453253344273,2.0,20317.120000000003,1.0,1.0,2150.089400445881,0.0,0.0,0.6666666666666666,Oolong Cedar Distributors,NETHERLANDS,1.0,High Frequency Buyers,19460.0,3243.3333333333335,3.0,181.0,1.0,0.75,4.0,1.0,1.0,BULK,High,0
16972000000843,11856,2,237.40453070768376,70800.0,0.0,0,0,0.0,118.70226535384188,237.40453070768376,0.0,0.0,0.0,1.0,160.0,1.0,0.0,0.0,0.0,0.0,0.5,GreenLeaf Lotus Tea Co. 7A7,SRI LANKA,4.0,High Value One-Off,1370714.0,12238.517857142857,23.0,127.0,1.435,7.1,42.0,3.0,0.3333,FOOD SERVICE,Low,1
16975000004375,12280,1,30.0,9448.4,736.0,736,1,1.0,30.0,0.0,0.0,0.0,30.0,0.0,0.0,0.0,0.0,0.0,0.0,0.0,0.0,Golden Bud Magnolia Distributors,UNITED STATES,1.0,High Frequency Buyers,43467.68,3343.6676923076925,2.0,893.0,1.0,1.66,12.0,1.0,1.0,RETAIL,High,0
1697660000602,12808,1,1534.442383962532,453440.0,140.0,140,1,1.0,1534.442383962532,0.0,0.0,0.0,1534.442383962532,0.0,0.0,0.0,0.0,0.0,0.0,0.0,0.0,Oolong Jasmine Imports 918,SRI LANKA,1.0,High Frequency Buyers,508000.0,508000.0,1.0,270.0,1.0,0.0,1.0,1.0,1.0,GLOBAL,High,0
1703010000709,12809,1,234.6220476446758,70100.0,0.0,0,0,0.0,234.6220476446758,234.6220476446758,0.0,0.0,0.0,1.0,70100.0,1.0,0.0,0.0,0.0,0.0,1.0,Silver Tip Clover Exports 8F1,SRI LANKA,1.0,High Frequency Buyers,118728.81,59364.405,2.0,111.0,1.0,0.44,2.0,1.0,1.0,GLOBAL,Low,1
17036000005422,12673,1,63.4781206358792,18500.0,197.0,197,1,1.0,63.4781206358792,0.0,0.0,0.0,63.4781206358792,0.0,0.0,0.0,0.0,0.0,0.0,0.0,0.0,Matcha Bamboo Tea Works,SRI LANKA,4.0,High Value One-Off,131787.29,8785.819333333335,7.0,186.0,1.143,0.86,5.0,2.0,0.5,FOOD SERVICE,High,0
17036000005435,12674,1,62.44580770436347,18408.0,374.0,374,1,1.0,62.44580770436347,0.0,0.0,0.0,62.44580770436347,0.0,0.0,0.0,0.0,0.0,0.0,0.0,0.0,Herbal Hibiscus Distributors D21,SRI LANKA,1.0,High Frequency Buyers,581100.0,41507.142857142855,10.0,110.0,1.4,1.08,2.0,1.0,1.0,FOOD SERVICE,High,0
17036000005449,12675,1,85.44636068501913,25488.0,4.0,4,1,1.0,85.44636068501913,85.44636068501913,0.0,0.0,0.0,0.0,0.0,0.0,0.0,0.0,0.0,0.0,0.0,Oolong Lotus Distributors E2C,SRI LANKA,1.0,High Frequency Buyers,67000.0,6090.909090909091,3.0,134.0,1.333,1.01,6.0,1.0,1.0,FOOD SERVICE,High,0
17064000003642,12224,2,198.78256351121598,59392.2,2.5,5,1,0.5,99.39128175560799,198.78256351121598,0.0,0.0,0.0,1.0,4.829999999987194,1.0,0.0,0.0,0.0,0.0,0.5,Assam Jasmine Exports,SRI LANKA,0.0,No Sales History,0.0,0.0,0.0,0.0,0.0,0.0,0.0,0.0,0.0,Unknown,Medium,2
17067000002650,12339,5,201.44063445058774,59354.0,155.8,313,5,1.0,40.288126890117546,79.97809681249045,19.77925015856924,0.0,101.68328747952805,1.0,50.0,1.0,0.0,0.0,0.0,0.0,0.2,GreenLeaf Cedar Holdings,SRI LANKA,4.0,High Value One-Off,348141.33,5526.052857142858,23.0,105.0,1.304,3.8,11.0,3.0,0.3333,FOOD SERVICE,High,0
1714770000008,12707,1,2212.418303940015,660000.0,0.0,0,0,0.0,2212.418303940015,2212.418303940015,0.0,0.0,0.0,0.0,0.0,0.0,0.0,0.0,0.0,0.0,0.0,Black Gold Clover Trading,SRI LANKA,1.0,High Frequency Buyers,2466300.0,352328.5714285714,5.0,125.0,1.4,0.88,1.0,1.0,1.0,GLOBAL,Low,1
17159000004846,12628,3,4452.597309799344,1327950.0,0.0,0,0,0.0,1484.199103266448,4452.597309799344,0.0,0.0,0.0,0.0,0.0,0.0,0.0,0.0,0.0,0.0,0.0,TeaLeaf Cedar Trading 690,SRI LANKA,1.0,High Frequency Buyers,1377700.0,344425.0,2.0,125.0,2.0,1.36,3.0,1.0,1.0,GLOBAL,Low,1
1718770000332,12768,3,1087.5550108943285,324528.0,5.333333333333333,8,2,0.6667,362.51833696477615,1087.5550108943285,0.0,0.0,0.0,0.0,0.0,0.0,0.0,0.0,0.0,0.0,0.0,White Pearl Maple Imports,SRI LANKA,4.0,High Value One-Off,2169900.37,8966.530454545455,7.0,124.0,3.143,0.63,64.0,3.0,0.3333,RETAIL,Medium,2
17298000002199,12487,1,202.5199999999968,59610.6,511.0,511,1,1.0,202.5199999999968,0.0,0.0,0.0,202.5199999999968,2.0,1140.1599999999999,1.0,0.0,0.0,0.0,0.0,2.0,Black Gold Bamboo Exports,MALDIVES,1.0,High Frequency Buyers,104296.06,750.3313669064748,4.0,488.0,1.0,1.47,49.0,1.0,1.0,RETAIL,High,0
17415000005916,12573,1,96.21234427634388,27741.8,278.0,278,1,1.0,96.21234427634388,0.0,0.0,0.0,96.21234427634388,0.0,0.0,0.0,0.0,0.0,0.0,0.0,0.0,TeaLeaf Willow Distributors 4FA,SRI LANKA,1.0,High Frequency Buyers,2273510.0,757836.6666666666,2.0,385.0,1.0,0.76,3.0,1.0,1.0,GLOBAL,High,0
17443000008351,12688,2,1277.1838039248246,380200.0,37.0,57,2,1.0,638.5919019624123,523.0760358079077,754.107768116917,0.0,0.0,0.0,0.0,0.0,0.0,0.0,0.0,0.0,0.0,Sencha Willow Imports 02B,SRI LANKA,1.0,High Frequency Buyers,830677.9700000001,138446.32833333334,5.0,147.0,1.2,0.77,2.0,1.0,1.0,GLOBAL,High,0
17446000009640,12662,1,365.9353643308852,109018.0,44.0,44,1,1.0,365.9353643308852,0.0,365.9353643308852,0.0,0.0,0.0,0.0,0.0,0.0,0.0,0.0,0.0,0.0,Darjeeling Maple Beverages,SRI LANKA,1.0,High Frequency Buyers,181623.0,90811.5,2.0,151.0,1.0,0.91,1.0,1.0,1.0,GLOBAL,High,0
17477000004881,11864,1,99.25615085319914,29500.0,29.0,29,1,1.0,99.25615085319914,99.25615085319914,0.0,0.0,0.0,0.0,0.0,0.0,0.0,0.0,0.0,0.0,0.0,Sencha Jasmine Distributors,SRI LANKA,4.0,High Value One-Off,147700.0,12308.333333333334,12.0,159.0,1.0,6.37,2.0,2.0,0.5,FOOD SERVICE,High,0
17537000006842,12429,1,100.7149118652475,30090.0,0.0,0,0,0.0,100.7149118652475,100.7149118652475,0.0,0.0,0.0,0.0,0.0,0.0,0.0,0.0,0.0,0.0,0.0,Herbal Rosewood Tea Co. 0F5,SRI LANKA,4.0,High Value One-Off,1101000.0,28230.76923076923,28.0,117.0,1.25,3.15,2.0,2.0,0.5,RETAIL,Low,1
1754990000472,12813,2,1198.1652681274218,355500.0,70.0,80,2,1.0,599.0826340637109,0.0,591.2064856867394,606.9587824406824,0.0,1.0,112000.0,1.0,0.0,0.0,0.0,0.0,0.5,Matcha Rosewood Tea Works,SRI LANKA,1.0,High Frequency Buyers,911440.6799999999,182288.136,3.0,190.0,1.667,0.16,1.0,1.0,1.0,GLOBAL,High,0
17623000000747,11877,1,266.8048433079632,78937.0,90.0,90,1,1.0,266.8048433079632,0.0,0.0,266.8048433079632,0.0,0.0,0.0,0.0,0.0,0.0,0.0,0.0,0.0,Silver Tip Magnolia Holdings 7FD,SRI LANKA,3.0,Strategic High-Value,6001.0,666.7777777777778,5.0,204.0,1.2,5.64,4.0,1.0,1.0,GLOBAL,High,0
17719000003416,11988,3,320.6306280942046,95200.0,29.0,87,1,0.3333,106.87687603140154,116.14312447764881,0.0,204.4875036165558,0.0,0.0,0.0,0.0,0.0,0.0,0.0,0.0,0.0,Darjeeling Rosewood Trading AE9,SRI LANKA,3.0,Strategic High-Value,554350.0,25197.727272727272,16.0,112.0,1.125,5.96,12.0,1.0,1.0,GLOBAL,Medium,2
17753000004104,12547,2,110331.17,32771729.8,34.0,68,1,0.5,55165.585,109158.08,0.0,1173.09,0.0,0.0,0.0,0.0,3.0,896.53,1.0,-1.980000000000018,0.0,Golden Bud Cedar Holdings,REPUBLIC OF UZBEKISTAN,4.0,High Value One-Off,311661.31,4722.141060606061,4.0,162.0,1.25,1.74,36.0,2.0,0.5,RETAIL,Medium,2
1776110001925,12905,1,500.2120699817552,149448.0,0.0,0,0,0.0,500.2120699817552,500.2120699817552,0.0,0.0,0.0,0.0,0.0,0.0,0.0,0.0,0.0,0.0,0.0,Matcha Rosewood Beverages,SRI LANKA,1.0,High Frequency Buyers,126650.87,7450.051176470588,1.0,112.0,1.0,0.0,17.0,1.0,1.0,RETAIL,Low,1
17794000004380,12562,4,297.5762540998063,88467.40000000001,60.0,80,4,1.0,74.39406352495158,0.0,237.2239603307564,60.35229376904992,0.0,0.0,0.0,0.0,0.0,0.0,0.0,0.0,0.0,Assam Ivy Tea Co. 13B,SRI LANKA,0.0,No Sales History,0.0,0.0,0.0,0.0,0.0,0.0,0.0,0.0,0.0,Unknown,High,0
17807000003478,12522,13,24893.744285039185,7410966.8,30.153846153846153,98,8,0.6154,1914.9034065414758,13097.273246880854,6149.488058458737,3307.167486645457,2339.815493054139,0.0,0.0,0.0,0.0,0.0,0.0,0.0,0.0,Black Gold Willow Exports,SRI LANKA,4.0,High Value One-Off,36480033.86,20391.298971492455,29.0,110.0,2.621,2.32,287.0,2.0,0.5,RETAIL,High,0
1782880000557,12846,8,11223.525249251992,3351919.4,0.0,0,0,0.0,1402.940656156499,11223.525249251992,0.0,0.0,0.0,0.0,0.0,0.0,0.0,0.0,0.0,0.0,0.0,Darjeeling Lotus Imports,SRI LANKA,1.0,High Frequency Buyers,9515115.74,29458.5626625387,4.0,102.0,7.0,0.26,66.0,1.0,1.0,RETAIL,Low,1
17859000000105,11772,33,4734.550780656752,1489351.9,468.93939393939394,735,33,1.0,143.47123577747735,16.92938016958415,6.616905210103119,0.0,4711.004495277065,0.0,0.0,0.0,0.0,0.0,0.0,0.0,0.0,White Pearl Maple Exports,SRI LANKA,4.0,High Value One-Off,5346782.06,9513.847081850534,74.0,132.0,2.162,7.36,234.0,3.0,0.3333,RETAIL,High,0
17862000007943,12542,1,3449.7,1029037.6,0.0,0,0,0.0,3449.7,3449.7,0.0,0.0,0.0,0.0,0.0,0.0,0.0,0.0,0.0,0.0,0.0,Ceylon Jasmine Exports,UNITED STATES,1.0,High Frequency Buyers,16065.0,698.4782608695652,3.0,124.0,1.333,1.71,10.0,1.0,1.0,FOOD SERVICE,Low,1
17871000000043,10318,3,250.37124455003476,74800.5,807.0,2416,2,0.6667,83.45708151667826,250.32668720222176,0.0,0.0,0.0445573478129861,0.0,0.0,0.0,0.0,0.0,1.0,-0.0450606488170171,0.0,Sencha Maple Tea Co. 5D4,SRI LANKA,0.0,No Sales History,0.0,0.0,0.0,0.0,0.0,0.0,0.0,0.0,0.0,Unknown,High,0
17912000004209,12461,21,38984.65758589563,11605885.3,142.52380952380952,467,21,1.0,1856.4122659950299,8746.199302745752,1010.031727487499,16284.81239692926,12943.614158733117,0.0,0.0,0.0,0.0,0.0,0.0,0.0,0.0,Matcha Bamboo Tea Works 27F,SRI LANKA,3.0,Strategic High-Value,34473065.5,387337.8146067416,24.0,112.0,3.542,2.87,5.0,1.0,1.0,GLOBAL,High,0
17920000003360,12449,19,5927.407613598735,1746778.1,79.26315789473684,474,19,1.0,311.9688217683545,153.9938122218173,2553.782944515696,0.0,3219.630856861222,0.0,0.0,0.0,0.0,0.0,0.0,0.0,0.0,Oolong Orchid Tea Co. 910,SRI LANKA,3.0,Strategic High-Value,4432697.6,184695.7333333333,9.0,124.0,2.667,2.95,2.0,1.0,1.0,GLOBAL,High,0
17922000007740,12525,1,71936.64861873547,21378644.0,0.0,0,0,0.0,71936.64861873547,71936.64861873547,0.0,0.0,0.0,1.0,9796.17,1.0,0.0,0.0,0.0,0.0,1.0,Darjeeling Lotus Exports 360,UNITED KINGDOM,4.0,High Value One-Off,167999.42,658.8212549019609,7.0,158.0,1.857,1.99,119.0,3.0,0.3333,RETAIL,Low,1
17928000012378,12160,2,197.77676129341876,58752.0,87.0,101,2,1.0,98.88838064670938,0.0,0.0,98.8076554380182,98.96910585540056,0.0,0.0,0.0,0.0,0.0,0.0,0.0,0.0,Assam Palm Tea Co.,SRI LANKA,4.0,High Value One-Off,1076134.27,25026.378372093022,27.0,148.0,1.222,4.94,13.0,3.0,0.3333,FOOD SERVICE,High,0
17928000013715,12168,3,130.0,40195.9,1109.3333333333333,1385,3,1.0,43.333333333333336,0.0,0.0,0.0,130.0,0.0,0.0,0.0,0.0,0.0,0.0,0.0,0.0,Assam Lotus Exports 1C3,INDIA,1.0,High Frequency Buyers,205511.55,6227.6227272727265,3.0,1062.0,1.0,1.42,15.0,1.0,1.0,RETAIL,High,0
17944000004353,12503,3,142704.28,42590485.3,87.66666666666667,263,1,0.3333,47568.09333333333,142674.28,0.0,0.0,30.0,1.0,5000.0,1.0,0.0,0.0,0.0,0.0,0.3333333333333333,Matcha Magnolia Trading,BELARUS,3.0,Strategic High-Value,384399.18,4992.197142857142,7.0,118.0,1.0,2.37,20.0,1.0,1.0,RETAIL,High,0
1795440000747,12848,32,17008.690235485283,5066723.3,25.71875,57,24,0.75,531.5215698589151,4950.512867109866,12058.177368375416,0.0,0.0,0.0,0.0,0.0,0.0,0.0,0.0,0.0,0.0,Assam Magnolia Imports,SRI LANKA,4.0,High Value One-Off,4293833.1899999995,19341.590945945944,4.0,104.0,8.0,0.23,149.0,2.0,0.5,RETAIL,High,0
17958000009043,12706,2,237.37428047157823,70800.0,23.5,39,2,1.0,118.68714023578912,79.07776561082213,158.2965148607561,0.0,0.0,0.0,0.0,0.0,0.0,0.0,0.0,0.0,0.0,GreenLeaf Lotus Holdings,SRI LANKA,4.0,High Value One-Off,210000.0,16153.846153846154,8.0,138.0,1.0,0.84,2.0,2.0,0.5,GLOBAL,High,0
18052000000806,12271,2,2342.985720171868,700000.0,0.0,0,0,0.0,1171.492860085934,2342.985720171868,0.0,0.0,0.0,0.0,0.0,0.0,0.0,0.0,0.0,0.0,0.0,Herbal Bamboo Tea Works B76,SRI LANKA,3.0,Strategic High-Value,11130007.02,27549.522326732673,25.0,117.0,1.16,4.24,51.0,1.0,1.0,RETAIL,Low,1
18091000003516,12462,1,276.1500000000015,83165.1,831.0,831,1,1.0,276.1500000000015,0.0,0.0,0.0,276.1500000000015,0.0,0.0,0.0,0.0,0.0,0.0,0.0,0.0,Sencha Hibiscus Beverages,LEBANON,1.0,High Frequency Buyers,1882635.76,53789.59314285714,7.0,547.0,3.571,1.58,7.0,1.0,1.0,RETAIL,High,0
18234000013853,12658,4,4636.941468178703,1367829.2,306.0,422,4,1.0,1159.2353670446757,0.0,0.0,0.0,4636.941468178703,0.0,0.0,0.0,0.0,0.0,0.0,0.0,0.0,Assam Fern Distributors 115,SRI LANKA,1.0,High Frequency Buyers,1159177.3,231835.46000000002,3.0,337.0,1.333,0.53,3.0,1.0,1.0,GLOBAL,High,0
1824330000598,12819,1,1708.683002304031,508000.0,57.0,57,1,1.0,1708.683002304031,0.0,1708.683002304031,0.0,0.0,0.0,0.0,0.0,0.0,0.0,0.0,0.0,0.0,Herbal Maple Distributors 2D6,SRI LANKA,1.0,High Frequency Buyers,763000.0,381500.0,2.0,187.0,1.0,0.13,1.0,1.0,1.0,GLOBAL,High,0
18266000002543,12159,2,79.24767822424583,23600.0,41.5,73,2,1.0,39.623839112122916,39.55779746206558,0.0,39.68988076218025,0.0,0.0,0.0,0.0,0.0,0.0,0.0,0.0,0.0,Matcha Maple Holdings,SRI LANKA,4.0,High Value One-Off,254734.37,6703.536052631579,25.0,124.0,1.08,4.74,8.0,2.0,0.5,FOOD SERVICE,High,0
18266000002555,12161,2,184.58567184165963,54912.0,69.0,90,2,1.0,92.29283592082982,0.0,92.0947016364453,92.49097020521434,0.0,1.0,96.0,1.0,0.0,0.0,0.0,0.0,0.5,Oolong Clover Distributors 427,SRI LANKA,4.0,High Value One-Off,1587622.21,14175.198303571427,37.0,148.0,1.297,4.91,12.0,2.0,0.5,RETAIL,High,0
18273000001659,12144,1,1944.74,581200.1,0.0,0,0,0.0,1944.74,1944.74,0.0,0.0,0.0,0.0,0.0,0.0,0.0,0.0,0.0,0.0,0.0,GreenLeaf Jasmine Holdings,OMAN,3.0,Strategic High-Value,27793.45,250.39144144144146,13.0,116.0,1.0,4.53,14.0,1.0,1.0,RETAIL,Low,1
18273000001671,12145,1,833.73,249166.5,0.0,0,0,0.0,833.73,833.73,0.0,0.0,0.0,0.0,0.0,0.0,0.0,0.0,0.0,0.0,0.0,TeaLeaf Rosewood Imports B43,KUWAIT,3.0,Strategic High-Value,29642.59,264.66598214285716,9.0,116.0,1.0,4.53,29.0,1.0,1.0,RETAIL,Low,1
18273000001682,12146,2,9446.78,2823241.1,0.0,0,0,0.0,4723.39,9446.78,0.0,0.0,0.0,0.0,0.0,0.0,0.0,0.0,0.0,0.0,0.0,Matcha Clover Tea Co.,DUBAI,3.0,Strategic High-Value,82097.46,272.7490365448505,13.0,116.0,1.846,4.53,28.0,1.0,1.0,RETAIL,Low,1
18338000005840,12183,1,66.12106058649532,19765.0,2.0,2,1,1.0,66.12106058649532,66.12106058649532,0.0,0.0,0.0,1.0,250.0,1.0,0.0,0.0,0.0,0.0,1.0,TeaLeaf Cedar Imports,SRI LANKA,4.0,High Value One-Off,171990.0,5733.0,18.0,102.0,1.167,4.88,8.0,3.0,0.3333,FOOD SERVICE,High,0
18354000003819,12606,3,312.93607367483145,93375.0,0.0,0,0,0.0,104.31202455827714,312.93607367483145,0.0,0.0,0.0,0.0,0.0,0.0,0.0,0.0,0.0,0.0,0.0,GreenLeaf Ivy Exports,SRI LANKA,4.0,High Value One-Off,219559.35,6861.2296875,3.0,119.0,1.667,1.54,19.0,2.0,0.5,RETAIL,Low,1
18366000004677,12403,1,3000.307626148492,887265.7,415.0,415,1,1.0,3000.307626148492,0.0,0.0,0.0,3000.307626148492,1.0,2641.59,1.0,0.0,0.0,0.0,0.0,1.0,GreenLeaf Maple Exports 6D5,FRANCE,1.0,High Frequency Buyers,3487.5,1162.5,2.0,515.0,1.0,2.22,2.0,1.0,1.0,BULK,High,0
1842110000729,12871,2,1227.4132714300301,365800.0,14.0,28,1,0.5,613.7066357150151,1227.4132714300301,0.0,0.0,0.0,0.0,0.0,0.0,0.0,0.0,0.0,0.0,0.0,Oolong Magnolia Imports 0B5,SRI LANKA,1.0,High Frequency Buyers,310000.0,155000.0,2.0,113.0,1.0,0.12,1.0,1.0,1.0,GLOBAL,Medium,2
18498000000036,11737,2,3546.220463334491,1057620.7,1.0,2,1,0.5,1773.1102316672454,3546.220463334491,0.0,0.0,0.0,0.0,0.0,0.0,0.0,0.0,0.0,0.0,0.0,Black Gold Palm Exports,SRI LANKA,3.0,Strategic High-Value,4403299.5,36694.1625,24.0,123.0,1.583,7.4,67.0,1.0,1.0,GLOBAL,Medium,2
1850220000038,12734,2,312.0291903196485,92984.0,14.5,29,1,0.5,156.01459515982424,312.0291903196485,0.0,0.0,0.0,0.0,0.0,0.0,0.0,0.0,0.0,0.0,0.0,Oolong Jasmine Distributors 622,SRI LANKA,4.0,High Value One-Off,298822.03,15727.475263157896,8.0,103.0,1.0,0.82,6.0,3.0,0.3333,FOOD SERVICE,Medium,2
18511000004925,12272,1,558.9339758032734,165365.2,77.0,77,1,1.0,558.9339758032734,0.0,0.0,558.9339758032734,0.0,0.0,0.0,0.0,0.0,0.0,0.0,0.0,0.0,Darjeeling Ivy Trading,SRI LANKA,3.0,Strategic High-Value,3483170.0,112360.32258064517,13.0,207.0,1.615,3.99,20.0,1.0,1.0,GLOBAL,High,0
18511000005171,12273,2,503.883112656678,145966.0,159.5,263,2,1.0,251.941556328339,0.0,61.44869067925161,0.0,442.4344219774264,0.0,0.0,0.0,0.0,0.0,0.0,0.0,0.0,Matcha Orchid Tea Works,SRI LANKA,3.0,Strategic High-Value,4599500.0,74185.48387096774,14.0,186.0,1.071,4.01,21.0,1.0,1.0,GLOBAL,High,0
1851440000540,12815,2,198.28372759271184,59165.0,29.0,42,2,1.0,99.14186379635592,77.19270502134526,121.0910225713666,0.0,0.0,0.0,0.0,0.0,0.0,0.0,0.0,0.0,0.0,Assam Ivy Tea Works D2D,SRI LANKA,1.0,High Frequency Buyers,159156.78,31831.356,3.0,146.0,1.333,0.27,4.0,1.0,1.0,RETAIL,High,0
18526000002570,12328,32,1580.8243230821224,467711.0,104.21875,422,28,0.875,49.400760096316326,436.35984443863333,226.2935157181921,68.07667838250396,850.0942845427929,7.0,263258.0,1.0,0.0,0.0,0.0,0.0,0.21875,White Pearl Willow Distributors,SRI LANKA,4.0,High Value One-Off,1540750.0,10340.604026845638,37.0,111.0,2.892,3.79,17.0,2.0,0.5,FOOD SERVICE,High,0
18532000006580,12629,11,442540.76,132066208.89999999,4.7272727272727275,16,4,0.3636,40230.97818181818,442540.76,0.0,0.0,0.0,1.0,1200.600000000006,1.0,1.0,712.04,0.0,0.0,0.09090909090909091,Herbal Rosewood Holdings,VIETNAM,4.0,High Value One-Off,2019118.29,2304.9295547945208,14.0,83.0,2.429,1.42,108.0,2.0,0.5,FOOD SERVICE,Medium,2
18546000005192,12259,2,197.43207607463552,58968.0,0.0,0,0,0.0,98.71603803731776,197.43207607463552,0.0,0.0,0.0,1.0,2400.0,1.0,0.0,0.0,0.0,0.0,0.5,Herbal Cedar Tea Works 378,SRI LANKA,3.0,Strategic High-Value,1982959.66,8296.902343096233,41.0,104.0,1.634,4.35,17.0,1.0,1.0,RETAIL,Low,1
1855220000428,12820,1,606.3656263453738,180000.0,60.0,60,1,1.0,606.3656263453738,0.0,606.3656263453738,0.0,0.0,0.0,0.0,0.0,0.0,0.0,0.0,0.0,0.0,GreenLeaf Maple Trading 16E,SRI LANKA,1.0,High Frequency Buyers,457627.12,152542.37333333332,2.0,190.0,1.5,0.11,1.0,1.0,1.0,GLOBAL,High,0
18614000002715,12616,4,1228.952999898537,366525.0,33.75,133,2,0.5,307.23824997463424,1156.5912337230163,0.0,0.0,72.3617661755207,0.0,0.0,0.0,0.0,0.0,0.0,0.0,0.0,Ceylon Ivy Holdings,SRI LANKA,4.0,High Value One-Off,676822.0,18292.486486486487,6.0,113.0,2.167,1.48,6.0,2.0,0.5,RETAIL,High,0
18704000006883,12440,4,88333.5899643987,26090174.3,32.25,103,2,0.5,22083.397491099677,1316.1679597412149,0.0,0.0,87017.42200465749,1.0,25697053.98,1.0,0.0,0.0,0.0,0.0,0.25,Golden Bud Willow Holdings AC8,SRI LANKA,3.0,Strategic High-Value,1785853.0,89292.65,11.0,112.0,1.455,3.07,13.0,1.0,1.0,GLOBAL,High,0
18735000005344,12425,5,35522.07,10389290.9,138.4,189,5,1.0,7104.414,0.0,4054.17,0.0,31467.9,1.0,35442.07,1.0,0.0,0.0,0.0,0.0,0.2,Ceylon Orchid Trading,UNITED ARAB EMIRATES,3.0,Strategic High-Value,495539.98,1588.2691666666667,19.0,216.0,1.368,2.75,77.0,1.0,1.0,RETAIL,High,0
1874220000886,12835,1,202.7982096974048,60000.0,74.0,74,1,1.0,202.7982096974048,0.0,0.0,202.7982096974048,0.0,0.0,0.0,0.0,0.0,0.0,0.0,0.0,0.0,Sencha Jasmine Tea Works,SRI LANKA,1.0,High Frequency Buyers,152542.38,76271.19,1.0,204.0,2.0,0.02,1.0,1.0,1.0,GLOBAL,High,0
18744000002445,12465,7,521.7003548457863,155760.0,0.0,0,0,0.0,74.52862212082661,521.7003548457863,0.0,0.0,0.0,1.0,23639.98,1.0,0.0,0.0,0.0,0.0,0.14285714285714285,Ceylon Jasmine Tea Co. 94C,SRI LANKA,4.0,High Value One-Off,3950414.25,16124.139795918367,31.0,110.0,3.935,2.82,45.0,3.0,0.3333,FOOD SERVICE,Low,1
18781000005285,12397,1,89.93658378155934,26750.0,54.0,54,1,1.0,89.93658378155934,0.0,89.93658378155934,0.0,0.0,0.0,0.0,0.0,0.0,0.0,0.0,0.0,0.0,GreenLeaf Willow Tea Co.,SRI LANKA,3.0,Strategic High-Value,1084385.0,11414.578947368422,13.0,168.0,1.154,3.33,29.0,1.0,1.0,GLOBAL,High,0
18796000001533,12246,1,92.51231774340611,27648.0,0.0,0,0,0.0,92.51231774340611,92.51231774340611,0.0,0.0,0.0,0.0,0.0,0.0,0.0,0.0,0.0,0.0,0.0,Herbal Sage Tea Works,SRI LANKA,3.0,Strategic High-Value,297113.51,17477.26529411765,16.0,116.0,1.062,3.01,4.0,1.0,1.0,RETAIL,Low,1
18862000000175,11884,5,766.8674945064635,225891.0,358.2,885,5,1.0,153.3734989012927,251.3726346341164,138.5572670736405,0.0,376.9375927987066,0.0,0.0,0.0,0.0,0.0,0.0,0.0,0.0,Silver Tip Sage Exports E9A,SRI LANKA,3.0,Strategic High-Value,9934037.31,26420.31199468085,61.0,144.0,2.984,6.89,33.0,1.0,1.0,RETAIL,High,0
1889550000338,12761,1,140393.9,41872705.3,0.0,0,0,0.0,140393.9,140393.9,0.0,0.0,0.0,0.0,0.0,0.0,0.0,0.0,0.0,0.0,0.0,Ceylon Clover Exports,SAUDI ARABIA,1.0,High Frequency Buyers,256365.95,9860.228846153846,2.0,95.0,1.0,0.08,16.0,1.0,1.0,RETAIL,Low,1
1895440001269,12889,2,520.3643582535606,155474.4,2.5,5,1,0.5,260.1821791267803,520.3643582535606,0.0,0.0,0.0,0.0,0.0,0.0,0.0,0.0,0.0,0.0,0.0,GreenLeaf Hibiscus Holdings 964,SRI LANKA,0.0,No Sales History,0.0,0.0,0.0,0.0,0.0,0.0,0.0,0.0,0.0,Unknown,Medium,2
18958000003389,12598,4,76668.73999999999,22780244.900000002,224.75,560,4,1.0,19167.184999999998,59571.36,0.0,0.0,17097.379999999997,0.0,0.0,0.0,2.0,5553.6,1.0,-8354.0,0.0,Golden Bud Magnolia Imports,ISRAEL,1.0,High Frequency Buyers,172050.0,4527.631578947368,10.0,176.0,1.1,1.34,10.0,1.0,1.0,FOOD SERVICE,High,0
1898110000604,12878,3,314.10783165162445,93810.0,3.6666666666666665,11,1,0.3333,104.70261055054148,314.10783165162445,0.0,0.0,0.0,0.0,0.0,0.0,0.0,0.0,0.0,0.0,0.0,Golden Bud Palm Imports F98,SRI LANKA,4.0,High Value One-Off,104500.0,13062.5,2.0,103.0,2.0,0.1,3.0,2.0,0.5,FOOD SERVICE,Medium,2
1900330000108,12716,1,393.4848807784309,117600.0,0.0,0,0,0.0,393.4848807784309,393.4848807784309,0.0,0.0,0.0,0.0,0.0,0.0,0.0,0.0,0.0,0.0,0.0,Black Gold Rosewood Tea Co. 863,SRI LANKA,1.0,High Frequency Buyers,1416000.0,283200.0,5.0,113.0,1.0,0.85,1.0,1.0,1.0,GLOBAL,Low,1
19032000001974,11910,1,1874.298811426797,560000.0,0.0,0,0,0.0,1874.298811426797,1874.298811426797,0.0,0.0,0.0,0.0,0.0,0.0,0.0,0.0,0.0,0.0,0.0,Matcha Fern Exports 949,SRI LANKA,3.0,Strategic High-Value,1516791.27,68945.05772727272,7.0,111.0,1.286,6.75,18.0,1.0,1.0,GLOBAL,Low,1
1903770000636,12837,1,2150.472155883172,637072.0,0.0,0,0,0.0,2150.472155883172,2150.472155883172,0.0,0.0,0.0,0.0,0.0,0.0,0.0,0.0,0.0,0.0,0.0,Assam Willow Exports A35,SRI LANKA,1.0,High Frequency Buyers,1012296.61,1012296.61,1.0,208.0,1.0,0.0,1.0,1.0,1.0,GLOBAL,Low,1
19051000005007,12105,1,98.88839388822797,29500.0,11.0,11,1,1.0,98.88839388822797,98.88839388822797,0.0,0.0,0.0,0.0,0.0,0.0,0.0,0.0,0.0,0.0,0.0,Silver Tip Rosewood Holdings FBB,SRI LANKA,3.0,Strategic High-Value,2130075.0,45320.744680851065,28.0,125.0,1.25,5.52,14.0,1.0,1.0,GLOBAL,High,0
1906440001208,12890,2,680.5689469492758,202990.5,12.0,19,2,1.0,340.2844734746379,680.5689469492758,0.0,0.0,0.0,0.0,0.0,0.0,0.0,0.0,0.0,0.0,0.0,Sencha Rosewood Beverages,SRI LANKA,0.0,No Sales History,0.0,0.0,0.0,0.0,0.0,0.0,0.0,0.0,0.0,Unknown,High,0
1906990000298,12783,3,488.8745431514021,145500.0,32.333333333333336,69,3,1.0,162.95818105046737,325.4926938305653,0.0,163.3818493208368,0.0,0.0,0.0,0.0,0.0,0.0,0.0,0.0,0.0,Sencha Ivy Exports 04F,SRI LANKA,1.0,High Frequency Buyers,382875.0,42541.666666666664,8.0,120.0,1.0,0.56,2.0,1.0,1.0,GLOBAL,High,0
1907440002613,12798,5,258336.2,77060123.5,3.4,4,5,1.0,51667.240000000005,258336.2,0.0,0.0,0.0,4.0,286298.0,1.0,0.0,0.0,0.0,0.0,0.8,Silver Tip Maple Trading,IRAQ,4.0,High Value One-Off,258336.2,28704.022222222222,1.0,123.0,5.0,0.01,7.0,2.0,0.5,RETAIL,High,0
19098000001642,11954,103,87043.6525243056,26066031.3,182.6504854368932,578,84,0.8155,845.0840050903456,18710.149047526593,10938.838415738375,8312.594178774432,49082.07088226619,5.0,3780948.6,1.0,0.0,0.0,0.0,0.0,0.04854368932038835,Matcha Sage Imports ED3,SRI LANKA,0.0,Loyal Medium Buyers,177586113.52,25997.088789342703,64.0,103.0,8.484,6.15,637.0,3.0,0.3333,RETAIL,High,0
19098000001667,11955,49,8993.51119088855,2738045.3,403.9183673469388,676,47,0.9592,183.54104471201123,698.3759822434348,272.64030185265483,111.3908843719536,7911.104022420508,1.0,3750.0,1.0,0.0,0.0,0.0,0.0,0.02040816326530612,TeaLeaf Orchid Tea Works E0F,SRI LANKA,4.0,High Value One-Off,14079853.77,14915.099332627118,71.0,111.0,3.845,6.25,300.0,3.0,0.3333,RETAIL,High,0
19098000001692,11956,23,10762.544618957816,3277625.5,277.2608695652174,583,22,0.9565,467.9367225633833,463.9133267606739,222.96399721110566,3.718226031632871,10071.949068954404,0.0,0.0,0.0,0.0,0.0,0.0,0.0,0.0,Assam Bamboo Trading,SRI LANKA,4.0,High Value One-Off,11912116.9,20609.198788927337,64.0,110.0,2.672,6.25,238.0,3.0,0.3333,RETAIL,High,0
19098000001717,11957,31,6050.64516078589,1804395.2,153.32258064516128,490,25,0.8065,195.18210196083515,4370.591314768839,1679.8704993609986,0.0073310109497493,0.1760156451031637,1.0,6560.919999999925,1.0,0.0,0.0,0.0,0.0,0.03225806451612903,Oolong Fern Holdings,SRI LANKA,4.0,High Value One-Off,29697583.59,66886.44952702703,78.0,105.0,2.615,6.36,18.0,3.0,0.3333,RETAIL,High,0
19098000001743,11958,7,1310.876584232945,387925.0,284.0,554,7,1.0,187.2680834618493,0.0,0.0,244.0871001846809,1066.7894840482643,0.0,0.0,0.0,0.0,0.0,0.0,0.0,0.0,TeaLeaf Hibiscus Tea Co.,SRI LANKA,4.0,High Value One-Off,834693.01,12646.863787878789,28.0,201.0,1.643,3.55,19.0,2.0,0.5,RETAIL,High,0
19104000003870,12601,1,31871.6,9501813.2,13.0,13,1,1.0,31871.6,31871.6,0.0,0.0,0.0,0.0,0.0,0.0,0.0,0.0,0.0,0.0,0.0,Ceylon Maple Exports,SWEDEN,1.0,High Frequency Buyers,680011.9,9189.35,8.0,148.0,2.25,1.14,28.0,1.0,1.0,RETAIL,High,0
19154000005844,12677,1,808.5752433137569,240000.0,30.0,30,1,1.0,808.5752433137569,808.5752433137569,0.0,0.0,0.0,0.0,0.0,0.0,0.0,0.0,0.0,0.0,0.0,Silver Tip Rosewood Trading,SRI LANKA,1.0,High Frequency Buyers,1122033.91,160290.55857142856,4.0,160.0,1.25,0.93,2.0,1.0,1.0,GLOBAL,High,0
19161000010847,12518,7,224.4991205848557,66965.0,36.42857142857143,112,4,0.5714,32.07130294069367,145.1511130888446,59.37639426694986,0.0,19.9716132290612,2.0,17700.0,1.0,0.0,0.0,0.0,0.0,0.2857142857142857,TeaLeaf Palm Trading 70F,SRI LANKA,4.0,High Value One-Off,776901.19,6875.231769911504,28.0,116.0,2.357,2.36,6.0,3.0,0.3333,FOOD SERVICE,High,0
1917330000919,12883,1,133.2290026742816,39825.0,0.0,0,0,0.0,133.2290026742816,133.2290026742816,0.0,0.0,0.0,0.0,0.0,0.0,0.0,0.0,0.0,0.0,0.0,Darjeeling Lotus Trading F81,SRI LANKA,1.0,High Frequency Buyers,67500.0,33750.0,2.0,102.0,1.0,0.08,1.0,1.0,1.0,RETAIL,Low,1
19268000002080,12281,2,77.55187047336688,23134.0,242.5,442,2,1.0,38.77593523668344,0.0,77.5319054786576,0.0,0.0199649947092764,0.0,0.0,0.0,0.0,0.0,0.0,0.0,0.0,Assam Lotus Imports 624,SRI LANKA,3.0,Strategic High-Value,228750.0,11437.5,14.0,173.0,1.0,4.01,2.0,1.0,1.0,FOOD SERVICE,High,0
19278000009440,12676,5,2419.9385404155078,722667.7,20.8,55,4,0.8,483.98770808310155,2269.2073916187956,150.7311487967119,0.0,0.0,0.0,0.0,0.0,0.0,0.0,0.0,0.0,0.0,GreenLeaf Orchid Exports EC4,SRI LANKA,0.0,No Sales History,0.0,0.0,0.0,0.0,0.0,0.0,0.0,0.0,0.0,Unknown,High,0
1929110000870,12858,1,71.09287896370414,21240.0,0.0,0,0,0.0,71.09287896370414,71.09287896370414,0.0,0.0,0.0,0.0,0.0,0.0,0.0,0.0,0.0,0.0,0.0,Silver Tip Rosewood Beverages 524,SRI LANKA,1.0,High Frequency Buyers,111750.0,37250.0,2.0,117.0,1.5,0.15,2.0,1.0,1.0,FOOD SERVICE,Low,1
19316000000476,12037,61,130017.34256992431,38487911.5,229.63934426229508,620,59,0.9672,2131.431845408595,12265.805904953551,6414.737184108897,7045.320819946108,104291.47866091576,0.0,0.0,0.0,0.0,0.0,0.0,0.0,0.0,Ceylon Jasmine Tea Works B40,SRI LANKA,0.0,No Sales History,0.0,0.0,0.0,0.0,0.0,0.0,0.0,0.0,0.0,Unknown,High,0
19437000004527,12289,5,1140.0815594921078,356193.0,899.6,1023,5,1.0,228.01631189842155,0.0,0.0,0.0,1140.0815594921078,0.0,0.0,0.0,0.0,0.0,0.0,0.0,0.0,Darjeeling Clover Imports,SRI LANKA,1.0,High Frequency Buyers,1319234.88,7453.30440677966,18.0,958.0,2.389,1.76,16.0,1.0,1.0,RETAIL,High,0
19460000001994,12579,1,2354.37,701268.4,403.0,403,1,1.0,2354.37,0.0,0.0,0.0,2354.37,0.0,0.0,0.0,0.0,0.0,0.0,0.0,0.0,Golden Bud Lotus Exports,CZECH REPUBLIC,1.0,High Frequency Buyers,1636.2,15.582857142857144,1.0,537.0,1.0,0.0,105.0,1.0,1.0,RETAIL,High,0
19466000007485,12453,1,60.0,17343.8,254.0,254,1,1.0,60.0,0.0,0.0,0.0,60.0,0.0,0.0,0.0,1.0,9230.0,0.0,0.0,0.0,White Pearl Bamboo Holdings,NEW ZEALAND,3.0,Strategic High-Value,154959.45,6737.3673913043485,10.0,215.0,1.2,2.59,7.0,1.0,1.0,FOOD SERVICE,High,0
1954010000915,12854,4,8182.04415932503,2439205.0,38.25,45,4,1.0,2045.5110398312574,928.516763114435,7253.527396210595,0.0,0.0,0.0,0.0,0.0,0.0,0.0,0.0,0.0,0.0,Black Gold Cedar Tea Works,SRI LANKA,4.0,High Value One-Off,2324191.4,15703.995945945946,2.0,151.0,2.5,0.08,125.0,2.0,0.5,RETAIL,High,0
1954330001032,12906,1,193.4701320863622,57820.0,0.0,0,0,0.0,193.4701320863622,193.4701320863622,0.0,0.0,0.0,0.0,0.0,0.0,0.0,0.0,0.0,0.0,0.0,Assam Orchid Distributors,SRI LANKA,1.0,High Frequency Buyers,49000.0,49000.0,1.0,116.0,1.0,0.0,1.0,1.0,1.0,FOOD SERVICE,Low,1
19567000000899,11836,1,37830.2,11283197.6,0.0,0,0,0.0,37830.2,37830.2,0.0,0.0,0.0,0.0,0.0,0.0,0.0,0.0,0.0,0.0,0.0,TeaLeaf Cedar Tea Works,THAILAND,4.0,High Value One-Off,331652.79,3768.7817045454544,8.0,132.0,1.0,6.21,42.0,2.0,0.5,FOOD SERVICE,Low,1
19574000004654,12584,1,337.9515159886732,100799.9,0.0,0,0,0.0,337.9515159886732,337.9515159886732,0.0,0.0,0.0,0.0,0.0,0.0,0.0,0.0,0.0,0.0,0.0,Oolong Willow Distributors,SRI LANKA,1.0,High Frequency Buyers,968855.8,40368.99166666667,7.0,130.0,1.143,1.54,5.0,1.0,1.0,RETAIL,Low,1
19575000003339,12274,7,312461.04,92701829.8,56.57142857142857,132,5,0.7143,44637.29142857143,127221.23999999999,57909.0,95029.8,32301.0,1.0,80.38999999998487,1.0,0.0,0.0,0.0,0.0,0.14285714285714285,Assam Cedar Holdings,RUSSIA,3.0,Strategic High-Value,1339040.16,13000.38990291262,15.0,48.0,1.533,4.08,22.0,1.0,1.0,RETAIL,High,0
19612000004374,12068,1,27.03387682689871,8064.0,4.0,4,1,1.0,27.03387682689871,27.03387682689871,0.0,0.0,0.0,0.0,0.0,0.0,0.0,0.0,0.0,0.0,0.0,Assam Cedar Trading,SRI LANKA,4.0,High Value One-Off,458622.49,8338.590727272727,28.0,134.0,1.357,5.02,30.0,2.0,0.5,RETAIL,High,0
19621000002596,12237,2,2375.8871498128133,710065.0,2.5,5,1,0.5,1187.9435749064066,2375.8871498128133,0.0,0.0,0.0,0.0,0.0,0.0,0.0,0.0,0.0,0.0,0.0,Black Gold Maple Beverages F39,SRI LANKA,3.0,Strategic High-Value,39135410.8,738403.9773584905,34.0,113.0,1.265,4.47,4.0,1.0,1.0,GLOBAL,Medium,2
1966990000896,12884,1,790.2060106348799,236106.0,0.0,0,0,0.0,790.2060106348799,790.2060106348799,0.0,0.0,0.0,0.0,0.0,0.0,0.0,0.0,0.0,0.0,0.0,Matcha Magnolia Exports,SRI LANKA,1.0,High Frequency Buyers,698027.94,10906.6865625,2.0,110.0,1.0,0.08,53.0,1.0,1.0,RETAIL,Low,1
19684000005447,12292,2,174.32722934312196,52000.0,8.0,13,2,1.0,87.16361467156098,174.32722934312196,0.0,0.0,0.0,0.0,0.0,0.0,0.0,0.0,0.0,0.0,0.0,TeaLeaf Willow Trading,SRI LANKA,3.0,Strategic High-Value,583945.0,8715.597014925374,9.0,117.0,1.556,4.01,26.0,1.0,1.0,GLOBAL,High,0
19717000004562,12463,1,153.3858544379976,45750.0,16.0,16,1,1.0,153.3858544379976,153.3858544379976,0.0,0.0,0.0,0.0,0.0,0.0,0.0,0.0,0.0,0.0,0.0,TeaLeaf Jasmine Tea Works 176,SRI LANKA,3.0,Strategic High-Value,2163674.0,54091.85,14.0,130.0,2.143,2.79,18.0,1.0,1.0,GLOBAL,High,0
1980770000447,12787,2,88.756380463091,26496.0,9.5,19,1,0.5,44.3781902315455,88.756380463091,0.0,0.0,0.0,0.0,0.0,0.0,0.0,0.0,0.0,0.0,0.0,GreenLeaf Hibiscus Exports,SRI LANKA,1.0,High Frequency Buyers,180610.19999999998,12040.679999999998,8.0,103.0,1.25,0.61,3.0,1.0,1.0,RETAIL,Medium,2
19860000002055,12016,29,17357.1917774154,5128051.0,95.06896551724138,333,29,1.0,598.5238543936345,8390.291410638863,1557.2909162973615,723.8999081828684,6685.709542296306,0.0,0.0,0.0,0.0,0.0,0.0,0.0,0.0,Herbal Cedar Exports 462,SRI LANKA,3.0,Strategic High-Value,56210044.3,183692.95522875816,64.0,116.0,4.688,5.54,9.0,1.0,1.0,GLOBAL,High,0
19860000002099,12018,1,138.8225961506141,41300.0,23.0,23,1,1.0,138.8225961506141,138.8225961506141,0.0,0.0,0.0,0.0,0.0,0.0,0.0,0.0,0.0,0.0,0.0,Matcha Lotus Tea Co.,SRI LANKA,4.0,High Value One-Off,771640.0,11691.515151515152,35.0,153.0,1.286,5.72,8.0,3.0,0.3333,FOOD SERVICE,High,0
19860000002172,12019,57,4500.30851374286,1336993.8,72.33333333333333,739,45,0.7895,78.95278094285719,1711.6770734617598,1176.7175136450455,839.5135085325217,772.4004181035325,2.0,192.0,1.0,0.0,0.0,0.0,0.0,0.03508771929824561,Darjeeling Clover Imports E7B,SRI LANKA,4.0,High Value One-Off,3745861.05,6949.6494434137285,57.0,105.0,5.246,5.88,52.0,3.0,0.3333,RETAIL,High,0
19865000002962,12374,1,0.0686249952820315,20.0,221.0,221,1,1.0,0.0686249952820315,0.0,0.0,0.0,0.0686249952820315,0.0,0.0,0.0,0.0,0.0,0.0,0.0,0.0,Black Gold Jasmine Tea Co. CE0,SRI LANKA,3.0,Strategic High-Value,912895.5,70222.73076923077,8.0,328.0,1.625,2.93,2.0,1.0,1.0,GLOBAL,High,0
19875000012898,12586,1,1539.044748835553,454300.0,109.0,109,1,1.0,1539.044748835553,0.0,0.0,0.0,1539.044748835553,0.0,0.0,0.0,0.0,0.0,0.0,0.0,0.0,White Pearl Orchid Beverages 9E3,SRI LANKA,1.0,High Frequency Buyers,6621950.0,551829.1666666666,4.0,239.0,1.5,1.42,10.0,1.0,1.0,GLOBAL,High,0
19883000001195,12331,2,78.60116262573965,23880.0,556.0,556,2,1.0,39.300581312869824,0.0,0.0,0.0,78.60116262573965,0.0,0.0,0.0,0.0,0.0,0.0,0.0,0.0,White Pearl Cedar Exports B66,SRI LANKA,1.0,High Frequency Buyers,4177925.0,219890.7894736842,10.0,686.0,1.6,2.02,7.0,1.0,1.0,GLOBAL,High,0
19954000013231,12630,2,238.93073861668967,71280.0,42.0,42,2,1.0,119.46536930834483,0.0,238.93073861668967,0.0,0.0,0.0,0.0,0.0,0.0,0.0,0.0,0.0,0.0,Herbal Orchid Exports,SRI LANKA,1.0,High Frequency Buyers,282264.49,7056.61225,4.0,172.0,1.25,0.91,22.0,1.0,1.0,RETAIL,High,0
19954000013243,12631,1,667.9598685077195,199272.0,42.0,42,1,1.0,667.9598685077195,0.0,667.9598685077195,0.0,0.0,0.0,0.0,0.0,0.0,0.0,0.0,0.0,0.0,Assam Rosewood Trading,SRI LANKA,1.0,High Frequency Buyers,622169.58,6990.669438202247,4.0,172.0,1.0,1.23,29.0,1.0,1.0,RETAIL,High,0
19963000003190,12342,1,13476.83,4000192.7,50.0,50,1,1.0,13476.83,0.0,13476.83,0.0,0.0,1.0,11410.42,1.0,0.0,0.0,0.0,0.0,1.0,TeaLeaf Hibiscus Distributors BC5,MALTA,4.0,High Value One-Off,239046.71,640.8758981233244,9.0,96.0,1.333,3.64,170.0,3.0,0.3333,FOOD SERVICE,High,0
