shap_invoice_count,shap_avg_invoice_value_usd,shap_total_outstanding_usd,shap_receipt_count,shap_unapplied_credit_abs,shap_has_unapplied_receipt,shap_receipt_to_invoice_ratio,shap_debit_note_count,shap_total_debit_note_usd,shap_credit_note_count,shap_total_sales_value,shap_avg_invoice_value,shap_active_months,shap_recency_days,shap_purchase_frequency,shap_relationship_years,shap_unique_products,shap_unique_categories,shap_category_concentration,shap_behaviour_cluster,customerid
-0.049093651822323364,-0.010075627018885895,-0.03900602608125138,-0.006632607819650358,0.0003697253741613375,-0.022525770221552423,0.0021301038170459625,3.266226430096856e-05,0.00028051756788355245,-0.004792781190847362,-0.018991914904035755,-0.016397664071231437,-0.008528050040848499,-0.11169102691455406,-0.006453388966183693,-0.01002778554065532,0.000747139173540814,0.010461046316341175,0.007060095909729008,-0.008993486537054996,1002010000765
-0.052400945214701136,-0.01309452241928098,-0.032861443895826785,-0.006596822719001286,0.0007145247075331692,-0.02252098745398713,0.0029553821701319115,1.600956824709935e-05,0.00016861249907367893,-0.004656310134568446,-0.008244922331118216,-0.019878318089649474,-0.003951600342410987,-0.09472842451192694,-0.009238332599250321,-0.0006877038722505231,0.0027945097739494624,0.009085751705941173,0.00409556217843776,-0.011555376530106784,1002880000733
0.05524176319372606,-0.009072920426611869,0.049064313593296195,0.0684577267975465,0.0001448163540427365,0.0839794186574536,-0.010398435535931299,0.0001362289835996529,-0.00097096301426411,-0.00413129952375657,-0.024649226215433515,-0.037215552547236026,-0.008359646301771443,-0.07308426204051037,-0.007284705690202698,0.013479670732073096,-0.0025152236362597784,-0.008637104523937211,-0.009605719220974343,0.017796036528800213,10031000009075
-0.003923876044637041,0.0010051604127986826,-0.0003787348498888489,0.013518503955734885,0.0019114992865253743,0.04005488607499845,-0.0021446413638164254,0.0021512987444275698,0.002088280570561829,-0.0020644112320120423,0.015845816123877785,0.0043675723977780094,0.003510823820091057,0.3560915874985188,0.0038054594997281466,0.02867898637429695,0.030186688972329418,0.03189899160402679,0.042595841133154615,0.016424665586811462,10032000007593
-0.007604312441943059,0.02925494373117,0.017605201878554598,0.001751139001912227,0.00733312378352459,-0.0062641686215704545,0.004376777732958286,0.0014836896798808316,0.004417702265091386,-0.0017145101802555397,0.008353072657513467,-0.016044796064853123,-0.001365243026506536,0.4198087934885077,0.012053022263681844,-0.0019051382357212628,-0.0004639349107128496,0.005344339881491962,0.002792627089852223,0.02256734809583498,10048000003503
0.046503802710922575,0.05680598571929703,0.0009539582458215052,0.012177066074670263,0.01070149143236864,0.07147360456786694,0.023753360525091253,-0.0008836094253828721,-0.00039926300192642903,-0.002522248673641906,0.05330881940641411,0.08708100122032865,0.020067291681570634,-0.03551263712030916,0.010175417376501123,0.02407471336990147,0.02420813007107237,0.031613377706765776,0.016571469197775333,0.017955452810809028,1020110002456
-0.006159369930690651,0.06853946725677525,0.042146729451063875,0.0021596386795593005,0.008464643644490063,-0.008326958794327339,0.004582405104876026,0.00011508978978032584,0.0038758754507693866,-0.0016046343274650641,-0.0028251910289050857,0.044764038706348507,-0.002951178544759079,0.3500886932812921,0.009351518483034567,0.021969739059889207,0.005965286344332969,0.010323350726546335,0.00806608347472683,0.02182968933631147,10245000004714
0.05816423970809517,0.1623480336224666,0.15420011745839377,-0.0019108895358055191,0.007040663910079381,-0.008272404084527566,0.0028940870994169188,0.0006739622686475704,0.00023879169802353939,-0.0025704593023643182,0.018645021694828387,0.006051974822161164,0.00492387039676719,-0.05970833611434795,0.015372867823555217,0.0007587887100555599,0.029288797343275833,0.03361158229647129,0.02781667246224104,0.007671025949707451,1026660000573
0.10238757232988063,0.009671504709942567,0.05301213240948756,0.011418771088980668,0.025415958287921574,0.004079492407933068,0.022822032290553743,-0.0005665673315360311,7.5720131664194806e-06,-0.0029002607517912226,0.028521923961733704,0.10106609160569034,0.022541858223323816,-0.02298012179641388,0.041126224128265644,0.058602756013289396,0.03964978171956072,0.03798677813988595,0.04053914418426036,0.034993215560996126,10271000007691
0.025687877290995628,0.006393023869365719,0.07157690707331447,0.10660100035407281,0.026386328643978735,0.14586567229529207,0.0022688071311011125,1.8231999936861082e-06,-0.00041622561325162916,-0.0029203288851713015,0.027980304753203337,-0.015671604600280005,0.013453432886858482,-0.05702345155882153,0.002926101598250197,0.038019530196834725,0.01351223238592029,0.002834029313802595,0.003293399591546708,0.014903675284261902,10271000007704
0.13274219016571603,0.028110034560072016,0.07753325517582209,-0.002130237079674888,0.018519099583609058,-0.013763573495069252,0.012599365494975019,-5.3781166052447074e-05,-0.0002804804053331478,-0.003230697612459819,0.00020136451150356443,0.09365365175655305,0.0044701483164598915,-0.07796080268464502,0.015213659194363151,0.029380462058810217,0.03206978106809582,0.0078762411854267,0.014463042691172738,0.043641916346608224,10283000001926
0.10097621364450568,-0.007014336438248206,0.007884431667579583,0.021715195036700344,0.03218838271400584,0.014337558262390651,0.023568938065679453,-0.0006228008806609334,8.543033480902382e-05,-0.0031366277243991313,0.021048196049048593,0.08596902379290701,0.01440662559161785,-0.034403319285278074,0.03822083606126608,0.037905192083840585,0.040873310035053914,0.03843582154623978,0.03162870235035105,0.03077151407851041,10299000004832
0.10641789249380457,-0.012098679182719499,0.07172706445045744,-0.006229516910561213,0.0026652914275791966,-0.016388327482418173,0.007486491826883896,-0.00011766233463661662,0.00024878089882578,-0.003718155450667728,0.02884513613571912,0.020833924972616012,0.016545536741223745,-0.09430339923505944,0.03224868519994913,0.0338341510994479,0.0444501390881958,0.03159159600648742,0.030181176409774017,0.01819348048493786,10299000004845
0.1068237432689555,0.009805067376368177,0.07039640086866791,0.12899482502454748,0.07807787811610256,0.11597633733422176,0.00025745638173853156,-0.00012736963564608786,-0.00021016224235882706,-0.003019974918304695,0.010669311519963974,0.0008403837246230086,0.03285396579214218,-0.06491278513189984,0.005938010453354146,0.0037049389482198903,-0.005837084859976016,0.025188243636380815,0.019727142681512964,-0.009092840746393153,10305000000020
-0.045152894633885395,-0.02807711343055698,0.009672056525633342,-0.007844000805816405,0.0016864550750044208,-0.02492781499754834,0.0015429374919302282,-5.3876617117079664e-05,-0.0006452554240215769,-0.0041565509152385145,-0.004713805381826512,0.015483087705885424,0.00479019795270908,-0.11560418543780797,-0.008779253457918829,0.006977426454060312,0.0029827783279988166,0.006816694738825225,0.027116129333899962,0.016429652577188595,10305000000053
0.15567472176242528,0.025736425338808957,0.06976641002592973,0.002341374706424046,0.01877921360137402,-0.011914345908204522,0.01485195500572218,7.330940831850891e-05,0.0006191159642812997,-0.0034988834310936863,0.02185626337588674,-0.010595572680613022,0.01685887658130182,-0.0871538903904683,0.02763710429940155,0.050832626295510025,0.001659884119205606,0.008010762553482244,0.0061240840467284815,0.048909925933671786,10378000012413
0.04691334286902364,-0.028780606766025396,-0.016944026626244037,-0.00044081843269462996,0.005659241468656823,-0.010288935281306217,0.0023464379957343702,0.00282511214939689,0.0028601537487181953,-0.0018084938972481924,0.030423557811513853,0.0039189062113693975,0.013147820217428267,0.41627203632337184,0.0004759062641632106,0.0208554528198972,0.027912846900740022,0.030624527001891767,0.026184248282225465,-0.0031270309922019042,10382000006095
-0.01838196688007587,0.005615753598368634,-0.024783544677729398,-0.004976694263737503,0.002497327053429603,-0.02102284633859809,0.003639966373628568,0.00010626279876319631,0.00033951244688237034,-0.004912107054308403,0.00441682643829727,-0.01747989853167529,-0.009203883124648175,-0.13022820308380983,-0.005134020851890507,0.032734262616817486,-0.006100983226664068,0.024354523593763264,0.01933780977816531,-0.00819467829054405,10417000006401
-0.03324688172607403,0.011848823395939793,0.0005867193043256124,-0.005431734301777957,0.0007995068488833322,-0.01730445263572069,0.002793908914733737,5.371417805274352e-05,0.00038449091862125217,-0.004820303703187923,-0.01558353339932799,-0.012846005317382165,-0.00452195547163953,-0.13262923291888437,-0.00761433923856958,0.009026946962412819,-0.008481917565530515,0.021863748223784576,0.02533683196616686,-0.0064028340220930475,10421000009863
-0.013656215504865992,0.0046768127572040545,-0.005716235088203891,0.011964940468587319,-0.016242640508637652,0.024835333733210698,-0.003373327240655894,0.0026691353621593893,0.002498911297591312,-0.0021728366575724458,0.003967758629850334,-0.0012168528040634014,-0.0004501179293184294,0.3751051579425948,0.0020511029399395914,0.027515634891739672,0.012682705135855494,0.029737105854035432,0.03335934500158415,0.01601465575807264,10474000005455
0.0014874000833335203,0.020063567705270735,0.015496915019578098,0.0017915448996533505,0.011551391558212314,-0.006870921802248203,0.007773555594750109,0.0019203756089710515,0.005207307457193195,-0.0018229343928249033,0.01238557986623226,0.007958096809223431,-0.005094837527398984,0.4408356758242408,0.013679316833979107,0.022790576488411318,-0.000368772188164768,0.007204678066180862,0.011192545349567333,0.016241473957107427,10494000009817
0.05585774236951624,0.06762768594487939,0.07852591697013854,0.009489718420117685,-0.0073433321369656785,0.024681494990514894,-0.004973792627565945,0.0024496423636335423,0.001503393817751538,-0.0018290836692650334,0.010457910463909006,-0.004094114215391074,0.009814873804877266,0.2947630313225569,-0.0014695072911692407,0.027579915482203475,0.014678848969773518,0.02913704468665598,0.02437138655831459,0.005622330415352999,10498000001000
-0.03775863998743261,-0.02671532410635281,-0.028265931165345617,-0.007037396816255074,0.0021011484611992734,-0.019186646175315427,0.0005495297200511488,0.00014957357615235105,0.0002026485970660838,-0.003569389982743484,-0.014104659794641813,-0.03557834853021833,-0.0027007684990005116,-0.1204426515747849,0.0009273854922314308,0.005667146209644459,-0.0017718836741314593,0.00972262936560443,0.0021243691230743286,-0.0050331121703912195,1050010000965
0.09544658620491815,0.008479277315608005,0.07101041221880242,0.11423989745529525,-0.009506507230144052,0.09693975394346006,0.008675069047268101,-4.6705408254088116e-05,-0.0003084489421092875,-0.0033446376864415066,0.007917686606335309,-0.0031755772247807784,0.0002841771532061503,-0.06511018924009371,0.006767118406797425,0.018943079381502616,0.02015688227406847,0.022525894211692356,0.0177926835934599,0.01899798789258205,10506000000393
-0.03182354951355047,-0.005120522654470371,-0.017283905343615902,0.0038891358574081702,-0.011168361989185485,0.06055048369705799,-0.017101695119535357,0.0013558617963112876,0.0008706988121366009,-0.003508894724689427,-0.0007570788935745216,0.007934099911100143,-0.004315667562396574,0.08427384147775284,-0.010924456584045778,0.005027378853235084,-0.007692568521810502,0.011860573393140133,-0.0006531619615411483,-0.016283326512109873,10506000000418
0.07876827658085728,-0.010072669753597581,0.020257318041388504,-0.0024444726616996196,-0.016032695230067194,0.07590046400018259,-0.009298877998706667,-0.0008033645717479726,-0.0016307238296897658,-0.004287724391973924,-0.00047559194903245845,-0.028373436265668118,-0.0023491356854988504,-0.10677430104805481,-0.021442711673150164,0.002624925725661078,-0.0027362594138878064,-0.010311600602012819,-0.011219182611076909,0.02554096521570913,10506000000444
0.06819286534196425,-0.0014497641545617383,-0.0008404612212490087,-0.0032412914011211865,0.014289187235907818,-0.02296426019212375,0.005967348330851967,-0.00016244664257740164,0.0003280742610770751,-0.003785790740646013,0.0058201699455759535,-0.02766783393561777,-0.0008665718312008803,-0.04624443856217495,-0.00675830138086007,0.016642351698016283,0.0038287023070126135,-0.015549113891938946,-0.01710501887989782,0.014253916974945538,10551000004232
-0.055789254554948875,-0.04377925882458579,0.015506803028993491,-0.011042400083961243,0.002239996530634056,-0.03535878709511119,0.004336610940651222,-0.0008372257644980746,0.0004101894248750446,-0.005121867971471201,-0.005556046620525182,0.012783328643491222,-0.0006068426339985478,-0.08230910665407212,-0.010133540110296872,-0.004058184774359053,0.004471475763404515,-0.006075888792894437,-0.0031829851446176127,0.015553297682336069,10580000009258
-0.04775849851650694,-0.016725847775962734,-0.041979896069857275,0.016407965884261713,-0.014170607252680547,0.07080816218107823,0.0037484625911367144,-0.0009558505149760938,-5.4823715368679536e-05,-0.0034818866732738004,0.015516068829004748,-0.00677344859301004,0.0002686717102603711,-0.11895991874847932,-0.0013392855361743566,0.019074835930460554,-0.012862827276601334,-0.002018695548982854,0.013757732678616455,0.011898412104513647,10636000003707
0.027321461447245423,-0.004698738841234077,-0.025941018572696102,-0.008008838504728536,0.005215581242474855,-0.02379606990911438,0.006356575861391888,-0.00021544526741959814,0.00043764651568810764,-0.004729388778434573,-0.00765858924277283,-0.009107643023525082,-0.004787227439394592,-0.11078583439931643,-0.006239724938841064,-0.002993440776345779,-0.008758760741414885,-0.00877495693733768,-0.011730077568240061,0.01901262160346006,1074010000609
0.11994678734621961,0.015521530579998092,0.051562240490601104,0.011887098403390056,0.024722692264877243,0.0024969123468023134,0.02121198613762498,-0.0005360456172454716,-1.7057071134642294e-05,-0.00267245091555267,0.029813066640170475,0.1003721167018122,0.020225333477626447,-0.02140129445401881,0.04526434517619094,0.0611666306023516,0.04026194070040934,0.03728089736660263,0.0434118860669558,0.03582822334360668,1074770000098
0.042474477887582934,0.07581951817046968,0.08223747286798404,0.003136416611728823,0.007903167209007819,-0.00430850923778637,0.0022944163498205697,0.0020567246403581734,0.0015472105883000443,-0.001843235122089774,0.003595870549832373,0.004020728823171852,0.005077764836640623,0.3083322561750454,0.005155724271282476,0.02071280605481814,0.019702751694206638,0.026690147020882918,0.031237283505822864,0.012468431203077491,10801000003559
0.0033129781985738833,0.011476574155772168,-0.034688950645336426,0.020933806701058467,-0.0043008754406193075,0.10959550094479881,-0.000115097596209719,-6.324649770234507e-05,0.0001355106694482682,-0.003673551389252002,0.0031005358254671007,0.007429578128234067,-0.00038760195946752274,-0.025164785649017446,-0.010069362219235692,0.006381697788472246,0.014720788045644796,-0.0009611601495027316,-0.004902595816865925,0.020265966720181442,1083330000215
0.10880304080797366,0.04959540160356638,-0.0164561041560257,0.015341282785051856,0.025212205017676376,0.01423698685960946,0.019931703858450996,-0.000566092697480449,0.0001166447844615026,-0.0029682024290930533,0.02349417744555485,0.08300850596831182,0.009479164245119975,-0.03890714163473002,0.04418435003461998,0.028074860588419723,0.03180724326451733,0.035197554768843856,0.03956013120057426,0.02718147575221384,10902000007919
-0.029340291272796127,-0.0166162792745792,0.02804709084486117,-0.006871441643073248,0.0066913397520354115,-0.03275158853381219,0.004217785186499944,-0.0009763748969032203,0.00011134037054472495,-0.00456652188108022,0.0030856299301230826,0.1093516297568306,0.0058322487330910175,-0.053430594067283926,0.0010599268620891666,0.007488116993934255,0.014564964014492069,0.008057669715493118,0.012670300357396393,0.026055520771341642,10913000004042
0.03682358421581018,0.07972254053371926,0.07987189635049328,0.0013815281216497518,0.007575324660095184,-0.005942374104458938,0.0016915295376182418,0.000984783248906482,0.001143082994428983,-0.0017191287227746003,-0.02100909477260702,0.002880713191840753,-0.0020271962958212097,0.2944892057664393,-0.0018250762239440433,0.005819563137699473,0.014177747096929316,0.023475228345376038,0.024042057892340537,0.010715826586733477,1096990001001
0.03440770520280661,0.003244791699941779,0.001091739410298122,0.01567695013685943,-0.007689915803472507,0.03215435320176114,-0.0015943345633243323,0.002286782505625149,0.0017231068154092877,-0.001795945595233429,0.013731031516882122,0.0004542329383687716,0.007058015229694668,0.39487613522069925,0.0015590276148409108,0.03058131557354612,0.020800634322596552,0.031155264659877988,0.036734584525752206,0.015883727265004564,11031000007557
0.030230776508019745,0.07239512004155456,0.07154162356480084,0.03388591292205719,-0.009394261148740998,0.05124294400719553,0.0032688188161371823,0.0019238582786198842,0.0011271781604588556,-0.0018335006265030233,0.0188332763973882,0.026788893128963293,0.004882887424870738,0.270895048365635,-0.0034325869636370404,0.02485889051686547,-0.0027893538679402896,0.003915995157409824,0.0020270070534954563,0.009054007474617634,11046000000708
0.02357361005127635,0.10618812965887203,0.11904478374809963,-0.005256734612312862,0.0051075134842097575,-0.01693840322032485,0.0008034502807902037,0.00012077963585522716,-0.00011617132233598005,-0.0030999443252125755,-0.0007723606553109372,-0.013027681970136576,-0.0026659128881387924,-0.08894040418220593,0.0013782094698429933,0.004732659207634505,-0.009739041699523398,-0.014599211901389087,-0.014412695730442585,0.007055670695728961,11055000004922
0.12618073230444965,0.007590574495674364,0.07047846266111364,0.011225146293674533,0.021059259559012368,-6.449783422632894e-05,0.019352586257925866,-0.0006919660392987684,-6.489346116494704e-05,-0.0027023170346351442,0.029290074331317646,0.09967058282362924,0.017809190178954316,-0.01599408074323968,0.04211774884159854,0.0584718668928484,0.037248565287214555,0.0393616911895274,0.04420340770320865,0.03306111613611413,11062000009989
0.07474862753211674,0.01489980106351701,0.03306263027849326,0.0009869660161292827,0.015385287211963215,-0.01085546265102484,0.020116140357079235,0.00019493464492702776,0.00041804403815967617,-0.0036566922023300863,0.04495075903044135,-0.006138820272465201,0.003999823530078466,-0.08529648447778032,0.024181635158295443,0.04943913698009386,-0.0010636878907217576,0.03034551826869438,0.06514573562982562,0.03611023026736273,11082000004726
0.05013181594738398,-0.0010410089237539843,-0.021265530153607742,-0.006461571646815303,0.0062482388119888535,-0.019573073093382538,0.005270389172920528,-4.677248734893761e-05,0.00032764396722858647,-0.0044385953100770795,-0.01002158155140405,-0.013033838301887713,-0.007626504878301626,-0.12356406316731945,-0.009552887948804484,-0.0065617211617000955,-0.009318747330904405,-0.007283750146328744,-0.01145861512187063,0.0175218454261004,1110220000221
0.04371615269748573,0.004701169484610307,-0.007876190111986038,0.0017272088493973825,0.005555290370353161,-0.008483238941675464,0.004548909837810033,0.0030481897235182256,0.003861930568670388,-0.0018866020113716068,0.03199753112079924,0.007571056660163529,0.012609151933275204,0.37295250252378076,0.003446082627168401,0.024322304420907794,0.027174590134001222,0.02282610684708899,0.030736341193741558,-0.000768809859328295,11155000005789
0.10707956022058866,0.008954927743542371,-0.003266806785479341,-0.0017403596767282673,0.005150790885105439,-0.015268233861573131,0.008077553126464949,0.00013355642122973288,0.0011502471848038156,-0.003494592541157223,0.02431070359627228,0.010334647415040487,0.008874460427301814,-0.0010842202797995632,0.030976244684855266,0.048955322797290576,0.042667237747202644,0.036675456835270466,0.034026082112195474,0.012125234936619217,11171000004745
0.12815691542089339,0.01686134500046553,0.07289669223448512,0.012239721584428619,0.024537676583349103,-0.00033757875094346057,0.02137593587949362,-0.0005195154678887618,-2.1535975353996397e-05,-0.002539887490079348,0.027203554448271976,0.09641240375933419,0.019077258510109097,-0.019080931505164916,0.03677036646387091,0.0603133740856177,0.03916131867026975,0.03764892033752999,0.044007356118633614,0.03218344967996624,11190000000069
-0.0047277369956825535,0.02110601161502141,0.015409082459675549,-0.0008242841511364583,0.00602554714097245,-0.008894958393249228,0.0036609459293889396,0.00042737527084230585,0.0005202814892725665,-0.0031038938482413174,0.010450778520795265,-0.0029441408685441897,0.009195232272808001,-0.0681614834605398,0.015271090847872188,0.034535497835182366,0.021500245068758892,0.04513008697421743,0.033908122168811415,0.024455533754014575,11221000007188
0.012609280170966033,0.10016255688930824,0.06664640855884198,-0.0019886773062990095,0.003908388082477616,-0.014628428008626609,0.00440410630187869,0.00017211426028259809,0.0004219269147263361,-0.0037181031199491617,0.003973296099072891,0.0028652284444061937,0.01591124957318827,-0.07343932354923587,0.014043754205314398,0.03369839024212636,0.04339392553259635,0.037776787234246906,0.04222064438079504,0.0015406739193143362,11241000012993
-0.020045815916887963,-0.013434013605837274,-0.03981723968250869,0.004907457987010588,-0.01517313761406539,0.08408265225060256,-0.0115333196004641,1.466539249665673e-05,-0.00012496700557771727,-0.003962899666645647,-0.0012634731009827534,-0.0070230974541252095,-0.001682531945575619,-0.09986210947705729,-0.010810187086629066,-0.018545337537353018,-0.002758960631850629,0.004585615661328028,0.017831214171902126,0.014038020073487924,11245000000077
0.008644573641057684,0.010351353105345061,-0.014361940677778764,0.00041413181992817097,0.010606229564326912,-0.020143959889525945,0.006547608621457653,-6.593182280017072e-05,0.0002565220383896746,-0.0041078039313139775,0.01800005441393388,0.003512054458362378,0.013643632781522943,-0.03843638586405798,-0.0015630103364468024,-0.013758777448190092,-0.014423450207994657,-0.005279778523883377,-0.008885137759397834,0.01993287222778409,11245000000085
0.003447776301751737,0.019945248799412958,0.01443442928226645,0.0012819862730558825,0.0090114781328239,-0.008525265090098306,0.0056372263576416675,0.001566274978570745,0.005632576175597867,-0.0018232376400032315,-0.003304796445102184,0.010664835816573681,0.007042978390197045,0.31914617674002554,0.013503899797804713,0.010930937856290296,0.010125236253057958,0.013493137255901158,0.01311479758120253,0.024001600299059837,1125330000162
0.005227121874468559,0.050960438966914885,0.0015444721329323692,-0.004160041426015409,0.0008750486235169595,-0.017181758123853003,0.003392039971088682,6.830911271422418e-05,0.00034408590707614916,-0.004696031032249448,-0.012396199552458277,-0.008798579037877117,-0.004260457258878677,-0.12510510745346803,-0.006129806236811143,0.011636389665797369,-0.014225174415166257,0.02386251843538037,0.02471203234243949,-0.0046999876750043424,11268000005598
0.0290992423265674,0.009023546040830869,0.01103466228931744,0.0023558358397009305,0.0064786984939389945,-0.005144781249066785,0.0029098265910247048,0.0037805759657581314,0.0030532786567111143,-0.0014420148153771529,0.007953931592384307,0.009964762265163844,0.007802868659661541,0.44612975742805966,0.0006616133121328945,0.02217812119828297,0.020171322380365852,0.0340504944844919,0.032205195904934834,0.010536550227336166,11270000007257
0.10346715237385615,0.017902832185973622,0.004298393313220389,-0.0018589950790411623,0.0060484862138871845,-0.01487755813274779,0.006184784801201812,0.0003683296200180055,0.00044628750133484524,0.1326747984847592,0.031685861620595716,0.009045871994928217,0.009271243437372364,-0.08439691305126894,-0.0001217811739106685,0.04635756499028659,0.04401194231403028,0.029710983050418294,0.025333306077481726,0.001444241857626937,11287000004415
-0.016926510861595398,0.006299502899942447,-0.002957142692791925,-0.0037198718312202554,0.0027948165390998684,-0.012539919499388623,0.0018897636197524827,0.0006553193196879829,0.0003397169831035572,-0.0032285376424231182,0.0251279067655825,-0.0044115011486226185,0.0025511230432540308,-0.1022240267726249,0.02063994991934027,0.01018933166591006,0.025739072119078336,0.030185871917302255,0.030230011843120477,0.015796812774236467,1147440000662
0.10420107320566213,0.009701050217821191,0.017084743744553894,0.001658597688865644,0.019071911432773245,-0.012567018305138998,0.019140299354785527,0.0002926006692680715,0.0007303259624508696,-0.003492328639544853,0.04461115282955689,0.0014387681044375578,0.00620341406113261,-0.010410107879481835,0.015938516512768404,0.043403782977567716,0.008526681344165659,0.019375952441755898,0.054890273179814146,0.03540856059376833,11514000002292
0.04239955671857656,9.47455350077889e-05,0.03462161353777205,0.011648394055725896,0.03390445323823649,0.08403262883374052,0.0026829733973225455,0.004893427978728914,0.004219488454001061,-0.0014789878501825842,0.0207996409688916,-0.005477382375861016,-0.00016730795299823523,0.242551581140647,0.008091036024602873,0.02473698967905041,0.000311113186175086,0.005776785654965049,0.02074679072953494,0.012320708543044772,11516000008649
-0.038209769675773005,-0.0027629274256586,-0.013643599396252025,-0.0014876448297118728,0.004761066897896936,-0.009682019371978075,0.0021339006531743534,0.0021952387471419173,0.0014378441467479642,-0.0023021517838274397,-0.025827770676074675,-0.029041681298609373,-0.003502582073046615,0.1951378781949138,0.0014707954696966243,-0.03486856490101174,-0.02200970911380894,0.014292430862741424,0.011487193496241171,-0.007790457646599065,1157550000792
0.037482446823099445,0.0027057113356177475,0.0038989591684433582,0.0027943192454724644,0.006253349440395767,-0.003387633387475188,0.002663297598269921,0.0032154277465639633,0.00366166653794912,-0.001446082780741569,0.019017897080037552,0.0012442774693129323,0.00692281056514343,0.4460179384719945,0.004808098266897918,0.02304798677975853,0.004263340475186626,0.03440217503972741,0.039904752120056786,0.016669951296411464,11585000014254
0.05552061976820461,-0.019891655210957187,0.015249699011691835,-0.0019483813880308172,0.0022756001577563774,-0.02558488892667208,0.008562209946398683,-0.00031374409634868795,0.00020484188022048817,-0.005069106337335274,-0.008425489456798852,-0.03321736911878575,-0.010408927518688577,-0.08538964778897451,-0.0006368401769668848,-0.032367664465710044,-0.005617934807454434,-0.0057903683182791285,-0.010437373502968092,0.019724828576838646,11675000000069
-0.07502829370461725,0.005370209913292209,-0.013781644064563746,-0.0070722138334744665,0.002963882180127228,-0.01944303960300332,0.0009891245446956316,8.200677845872347e-05,0.00016583649252397846,-0.003818070131542721,0.008231526994446221,-0.009834590225672618,0.005521273495824488,-0.09316715085085578,-0.007851833888019627,0.005122228793035736,-0.015732379828814275,-0.01563525845449008,-0.007027794496862653,0.01789252462458948,11675000000085
-0.040978921764116515,0.027636287717827033,-0.008926300463472587,-0.00765504316287522,0.0016187168610009427,-0.022622091691552444,0.00042516142470776496,-2.92799038928677e-05,-0.000123768262735571,-0.00369281138282982,-0.0006744386336492226,-0.025225920492420294,0.012333953772046137,-0.13009034165413036,0.007437497206253138,-0.00114061212351415,-0.009731141931837117,-0.018881135570586585,-0.01803337197158689,0.007892980355514995,1185990000414
0.010010714070954985,0.01459504601413075,0.01789686168961304,0.0023002967843489446,0.006459156448659236,-0.0032414268911628063,0.002447678351529299,0.0019884843415213993,0.0015325569687165133,-0.0018396051321175025,-0.006745778032147538,0.00519448015951743,0.006106048084719472,0.41517547208139527,0.0033648177023361107,0.010521591341891635,0.020018385999727672,0.030341253608222107,0.04066036934897134,0.016602798937106512,1187880000500
-0.046204463316252185,0.028760193891399558,0.0053906543622946855,-0.003100882033246854,0.006065797339232672,-0.013373814227408371,0.0016864975820525701,0.0021860417362385607,0.0018574246134084344,-0.002396418005274942,-0.02530736093939753,-0.05097446187593455,-0.005670120395801747,0.17966811260144785,-0.006270835797274772,-0.0057717298901694735,-0.024795523698717393,-0.027275508984616365,-0.0008269079449317179,0.015892723311101885,11888000010991
0.021169977562010375,0.01084287641794485,0.007419401297258285,0.001535802468036949,0.005913087270317713,-0.004418793665207224,0.0033230666429377954,0.002958016964324191,0.003252336225890029,-0.0014862234358754879,0.015616243506203708,0.0007900648324122578,0.0032291385936998444,0.4343213147810443,0.009242238582937717,0.02182469715656305,-0.0067760798205818654,0.03542183557136434,0.03722605724049364,0.01955267370686298,1194330000154
0.017672971986628972,-0.04156021532862573,0.022548252944032083,-0.005051805261121077,0.005428944465816923,-0.01901690253460476,0.004792624633412395,0.00108495101587085,0.0016727174961436433,0.09064823759633243,0.020981698479942613,0.06660520416786639,0.010842354989610536,0.08777006856338083,0.007535063278563808,0.00997882656182725,0.015938923551024664,0.009337044061711182,0.020278505790175406,0.025204910023120454,11945000001824
0.011332228190050399,-0.019140048209720987,0.020903272793981707,0.022902711346062275,-0.002513383107357138,0.07527325884729241,0.0030399938703813884,0.0029705003793992005,0.001284500315729927,-0.00126977396558326,0.013297557231070256,0.08929098800277796,0.017496683219759262,0.26003253386906694,0.007568267573985186,0.03715780107275696,0.011687220057558137,0.008863481746799367,0.01586998206069978,0.012041426583223895,1195110000796
0.0623147610998574,0.018469788240507476,0.05285452026928225,0.014285701956701364,0.005042615571241413,0.12105523924155334,-0.004213796412759939,0.00025259153650229575,-0.0006194408199288456,-0.0034786741303524066,0.029650602596377033,-0.010889201502382614,0.008918397324984497,-0.07297241353033342,0.007196555661173803,0.04355704257253456,0.00019999274812183016,0.024289187144621884,0.04858219152380586,0.03509354078642661,11980000004238
0.005501914485623312,0.05439842582400305,0.03349333748334353,0.0026585626862820583,0.010658164585195497,-0.010288333172274589,0.005185720376443444,0.0020599418064141833,0.0048507083400965816,-0.002633639046608362,0.019253148331505793,0.0013982459747660177,0.008530163504368284,0.4252304848447454,-0.01158106498334781,0.024616321449889473,-0.005341624974743795,0.0009288121642407397,0.006353172356038221,0.013650073175287039,11980000004900
0.026969547155162903,0.1944455978215574,0.17888114512573555,-0.000435353440984629,0.012580906645556852,-0.010885393095321006,0.00264097505837733,0.0002861849663543287,-1.3999144563071149e-05,-0.0030626110920797182,0.015400960156986927,-0.003212882946084246,0.009703703959684402,-0.07734362213194487,0.00019368063226053936,0.018123534254974445,-0.01047455967004338,-0.0032882679575999287,0.013798344175369761,0.01695771833094191,11980000004992
0.005631746886233561,-0.06391978784315222,-0.04275483593305272,-0.005699740078958431,0.004365137913264264,-0.00937292807583013,-0.0007024021816155795,-0.04084356554988598,-0.035594352771268656,-0.0018142000185139965,0.00865439097092073,-0.011684044696945615,-0.006692769640620094,0.26869292527950966,0.0067655598218102075,0.004965822686678685,-0.014357009493646728,0.011678013212920411,0.015155382594904432,-0.0073682681889450695,11980000005091
0.09915561146075232,0.013205997171177717,0.07660662546714499,0.09196180926942428,0.04494723762537213,0.11435523663298186,0.009114523383081496,0.0009173919186460226,-0.0005535851335043562,-0.002639626931548628,0.005036952613406862,-0.012650915099879393,0.004008978492151532,-0.061092293254730805,0.02150554113275885,0.034892749133795774,0.023961433513702866,-0.004348198501869224,-0.0025750062077520126,-0.001129990965908949,12076000007949
0.03169731099429068,-0.015291660295842663,0.03365686122076328,-0.006489707248612076,0.005701138184205776,-0.02453750818877108,0.005162519674924629,0.01727990531406308,0.0065022383747279765,0.12653410246484215,0.011598158820387113,0.05360321431400292,0.004520902992736888,-0.04762167946387961,0.010410880777514068,0.013929575974325722,0.0150571628670744,0.0037418697724070408,0.010108209084079856,0.018747928466916287,12102000001530
-0.004534691812191503,0.08861689657858138,0.03851741988758599,-0.0019503456800687893,0.0020014245104585447,-0.012250253134581493,0.004327402978264104,4.6152963731803536e-05,0.0002627582124782049,-0.004108182562835256,0.0073374660129185395,0.00628362461332952,-0.0005727342849440381,-0.11110828423887635,0.022681246047021267,0.017686863409835496,0.02752494111526884,0.029343501757261296,0.030969486400118804,0.010826551229120553,1211550000335
0.004224915305135663,0.03187287660489063,0.03394598595292613,0.0019022795806616242,0.005757828962412361,-0.00796584913747094,0.004561036774559735,0.003015137718620049,0.005684564614316844,-0.0018722615702710895,0.01102045663821558,0.0023919057144507305,0.00859274221755432,0.3104057809645076,0.00030712482904961394,0.010038497224889635,-0.006889691121662828,0.008422294227726175,0.011931206845016048,0.025539988580026082,12118000005868
-0.028360421210831665,0.0038685458145596785,-0.019745997749226894,-0.005461895527315012,0.0004435180487795737,-0.015867225184950234,0.004209575689642935,3.576715282156762e-05,0.0003263954014679621,-0.004799046545007565,-0.005405402312339264,-0.016147944091701137,-0.0023488667785298194,-0.1292219656834928,-0.004778418001060489,0.021863096225005523,-0.0049295143851271015,0.023243272269047963,0.02262718661794064,0.02040650055870882,1212660000541
-0.025282442558371032,0.06436163928698697,0.041313478308322604,0.001689339429528472,0.003309158539226558,-0.009672316739016317,0.0034746500154843596,0.0005824360082728867,0.0013496872714004891,-0.0024665067538626353,-0.012541813462278896,0.041376512593838524,-0.007922200167052702,0.34802151985826096,0.014148519083835166,0.013907580017319498,-0.004883116009323737,0.015154406702467491,0.02538670680467851,0.01240742152367509,12141000008288
0.015250536026548533,-0.0019300906741565487,-0.003910381207929552,0.008993020081066103,-0.006781439281324898,0.03440059136412365,0.002123928950137608,0.0019142832347141144,0.001504548476223275,-0.0017888534148337968,0.011116528052308849,-1.7700006951063074e-05,0.008889605267335683,0.39786338055706794,0.0034765532612012337,0.03085608589539316,-0.006959170396784104,0.027859837720899585,0.02869774078884191,-0.004195993292137897,12190000002292
-0.020546018781048402,-0.007340063267386042,-0.03353027955869987,0.0021919447656096173,-0.012766591112559901,0.04254664195361239,-0.004020915968677557,1.2647246880844699e-05,-0.00021656973234680818,-0.004517908160183362,-0.004357515626839816,-0.02450417964301909,-0.010799138523963686,-0.1166656779858256,-0.0130467438523954,-0.025666305034162607,-0.00528477224019647,0.015656355527283006,0.009837603496789952,-0.01597664495827067,12192000000556
0.0377596377276728,0.004020321878001986,-6.872699013879133e-05,0.0024856999310256165,0.005817497935196821,-0.005536947411609611,0.0028727307059099125,0.0018207836002865608,0.002235105943069682,-0.0018222025836348318,0.016424319386677353,0.006494258788219169,0.004346069118731588,0.4545382603985933,0.007976213702341955,0.009360725185785528,0.026515603987472026,0.028504384275268534,0.033108289981605664,0.01236761110006704,1221660000514
-0.03364318384394139,-0.03784669779013755,0.01810788842044968,-0.007781336050809934,0.004382075410332351,-0.0352478519155174,0.002321353267347208,-0.0009191537738415934,-0.0004905040407097178,-0.004373042803329116,0.004381597775889241,0.09079982724408972,0.0017641277352418371,-0.09362089144481249,-0.007911880940511342,0.008218955924464392,-0.007403208820273733,0.004278432268860897,0.008188152284527413,0.023753590589663857,12254000001902
0.039882018949348,0.0025557491908947023,0.00012257453091943713,0.012984045502750808,0.010261754285053867,0.05461810861164406,-0.0024761545124598735,0.0033600015983923067,0.0032936422915681666,-0.0020428844540267823,0.020951825419329183,-0.013788218330534044,0.0010084817983538245,0.33773093809082294,0.011626008211078334,0.018854840889682856,0.00769786792697765,0.023467188226726315,0.02440993774402526,-0.002650746314834124,12301000000759
0.06466507345617653,0.010430537221734065,-0.007153599354980946,0.0008364730618727362,0.003279614677360634,-0.011164829174998173,0.007037152979661816,0.0022456765303364434,0.003272534178952334,-0.002638365169193096,0.018989840714878695,-0.004459378746728881,0.0007473236345575586,0.3813050472709107,0.008424170715919065,0.018944843058195264,0.015325214686925048,0.018352330451806034,0.024317270754298983,0.0020052401179246953,12301000000784
0.07097664706367329,0.0030494982570592175,0.0005226306382226075,-0.005513766549718346,-0.0009275197954540333,-0.021192791309448046,0.003925324734507243,-7.083893698821727e-06,0.00026159480207618274,-0.005024279947946108,0.0142361490353976,-0.01089368267387295,0.010666147493490217,-0.12648451423335366,-0.0023842715283384267,0.016110087985257353,-0.0006447642588468815,0.012357171344951023,0.008624271261543979,-0.00013907511899574705,1234770000547
-0.10523120178747511,-0.027470966614427775,-0.05085832747557723,0.007318365437129073,0.013313821038671354,-0.006431861375748059,0.010662596474535473,-0.0011326650332178726,-3.641135070999647e-05,-0.0038823015146964156,0.00831757897448618,0.054769408613366856,0.007473396613167367,-0.06955074909528633,0.015182025862354778,0.0113154954716817,0.005463514439652149,0.018835808512439853,0.0023397367447154536,0.007979494780506025,12450000008544
0.024583787797118624,0.07642620434017346,0.08981555068925656,0.0015247709255073647,0.012285878550816703,-0.007003445781361591,0.0031007254762519918,0.00182801497523183,0.0032166641776186274,-0.0014470762572695143,-0.02445637876806963,-0.008719259902221521,0.006543793220071157,0.3387106295221624,-0.004841347266756888,0.020181353428235144,0.0008047536567934074,-0.006152298183641087,0.005705140032675019,0.015527195790797003,12470000005321
-0.0075791112916582205,0.011990712600052213,-0.0012918578362973616,0.0015234864867130773,0.003306960068214514,-0.009198614866163796,0.006933255503268692,0.000512330628363844,0.002027863629391383,-0.003368257308466383,0.005312362649357645,0.021499923632025436,-0.0006853128730317862,0.13070244972129152,0.026158285977696406,0.035794837408349295,0.03916651684081057,0.018854449159892303,0.02125613640875284,0.005313986578934315,1247440001042
-0.034400212596131095,0.001295615758702346,-0.014653035027373343,-0.0065263036702149484,0.00584917639563649,-0.02256926094666142,0.004010423231345469,-3.550059785798856e-05,0.0003567348161861801,-0.00412814475760486,-0.0038309099507992236,-0.013402639218102563,-0.0035058373063213545,-0.08061698884062575,-0.006323455021551147,0.0019733038917965624,-0.012128597548853494,-0.004397672520154704,-0.014859267960818223,0.01625362162330824,1258220000230
0.13225052938973106,0.07772183816071207,0.009318696575589806,0.0016901244849700612,0.012078250833675062,-0.01066273415587433,0.009574219652531031,2.3174160342024297e-05,0.00047003822020505253,-0.003401770821316851,0.01731952131294428,0.013815979774796266,0.007217650051764552,0.0076678425314446975,0.026442322502609406,0.022609927404641468,0.017230797648287118,0.0025504316791425947,0.0014082596731377493,0.030609858492183093,12634000002450
-0.014119072232491998,-0.003249343719313521,-0.035975232347349936,-0.005194446544330453,0.0010234648492515254,-0.021432564890641343,0.005374220479645959,4.775561360368549e-05,0.0002502512903342381,-0.0045609205119559485,-0.011410698620051582,-0.006458188386851499,-0.0057666200882768035,-0.0830130942337011,-0.011344004633600142,0.0051371870590417,0.007488303028342446,0.016294720184586286,0.013272283197853186,-0.005076923170141185,1263990000633
-0.01134698398887337,0.006557281635215868,0.02679027030479669,0.09330685086379242,0.00401664338969291,0.09429289695888089,0.021572685664135054,-0.0004056080801162702,-0.0018825904869465167,-0.0029306327487087086,0.014734946157641803,0.10155159478157343,0.008753283943973419,-0.03040705437484839,0.0011799016197453142,0.02390003625780591,0.009942890371308803,0.0070612698063974725,0.007778654304758933,0.01753953216437549,12641000000163
-0.03165600863424378,-0.035376602636480535,0.01229402683410456,-0.007583132518640085,0.002488640365058536,-0.016718026534161615,0.0013642351064029141,0.0002721739846010488,0.0003710084609468115,-0.0030619423696145215,-0.015563137775846574,-0.011892234394148259,0.01663273144323489,0.04089870844350352,-0.004387455463584719,0.028201324869588595,-0.0034473552582972434,0.01770257965741179,0.013923044692300438,0.009115214584712128,1266990000654
0.023933474176259874,0.05046944792290035,0.004274714302761094,-0.00276534512189607,0.010166028781003962,-0.01686147759281773,0.0056088514852918265,0.00014350894172340914,0.0004220728922422857,-0.003953023088944967,0.011138249048116286,-0.0015217069741906976,-0.0001851405589473634,-0.10389754563516512,0.006573307701574798,0.019835456309798633,-0.0012934460117605933,0.00940363561902266,0.02981675243431526,0.022711277249117142,12674000006383
0.020117348994758106,0.039918399585046054,0.012676357037895903,0.0024449639224468104,0.008711177086312666,-0.008731815670119564,0.003195009250910647,0.0007659911595992665,0.0018339226315891059,-0.001846359907746583,-0.002188388443755692,0.06376200386301546,0.006321354129130117,0.35117357294177476,0.002752629859846929,0.010624847712669154,0.0071650872103923395,-0.001144404263653695,0.012012170891411602,0.013642217003294209,12674000006410
-0.014269306886061078,-0.02372652278076644,-0.020200097674692538,-0.0068681662602327375,-0.0006855423277433823,-0.025446332531323522,0.0028013072709655177,-0.0008305547290628151,0.00021873162701743488,-0.00486795344953374,-0.0012074353937292406,-0.01901993350250074,-0.003326621595214394,-0.14048622260232807,-0.013367082039001329,0.02173567392364578,0.012322886411192488,0.019197618498048158,0.010911474528437352,0.004771733771769602,12675000006409
0.09738971188183648,0.015779075798801733,0.05672498823199038,0.012218270446365332,0.02684325194618142,0.0029642753341601893,0.021255336619663983,-0.0005871099127281967,-2.7550604655645695e-05,-0.002716427704991165,0.030277696580526158,0.09878419405361669,0.024120383594885594,-0.015166331933786368,0.044095378672161414,0.06252361332880853,0.04100703214317779,0.03770128463756092,0.041993803181042705,0.036381649567179965,1268660000381
0.11881236373519721,0.016827657265941584,0.05073786264593481,0.0118119260960268,0.024944614346608884,0.0022832861474493334,0.021202571457962997,-0.0005473574707147969,-2.1309620501273934e-05,-0.0026563564111585754,0.029558317360464548,0.10035039368730461,0.01979640183884183,-0.0203533130085675,0.04516998289851438,0.06109424535485907,0.040233827712744114,0.037069158599699684,0.04415320655117137,0.03587936039950873,12769000002573
0.040324924620909586,0.007185430429373583,0.01125676370858678,0.001345021780104371,0.006556681329040794,-0.0071051529458208,0.00227447681301746,0.0033126513911444317,0.001922317739627826,-0.0014462570373035004,-0.0010915655238757794,0.03367045216751134,0.006723629645649403,0.4134299290911603,0.0020993843954244086,0.016633449965225984,0.013813897981387518,0.034683974175571376,0.031098938914831835,-0.005933080096965155,12780000004572
0.025841178237470935,0.05434721035171333,0.03634098825490749,0.0028165324596940854,0.005186381817186433,-0.005721297761198039,0.0037200507480087885,-0.005479060713502356,0.0015307142174114993,-0.0022430786486389172,-0.012171368376635523,-0.0004903602184159498,0.00130578084583001,0.3387430928522404,0.016502747266780762,0.018244575460490964,0.02311428046869401,0.025438168337081655,0.0304933591100367,0.022686828536299688,12799000003587
0.17308484887640316,0.008608536909434208,0.0743077781160633,0.0013129576888355934,0.007957100508987644,-0.009343235829983825,0.012276201447836466,7.133600744341986e-05,0.0002694175861785925,-0.0032786922325072627,0.03781457742541809,0.0013951016860944034,0.009340117859786223,-0.0575781494599745,0.040468675832136806,0.06842089884526556,0.041755288328532224,0.03135595202837441,0.029314814743704818,0.007068413605142994,12811000003040
0.024394193618230153,0.009435056326137536,0.016950318640632178,0.00024593449349326785,0.014471654906336024,-0.013706463252836077,0.012715361113690652,0.00032789880684423023,0.00036112755509184677,-0.0037790435481058295,0.045677188241533835,0.002500748407925745,0.015481965156580985,-0.0592937933919657,0.005672051525082184,0.03812718905355223,-0.005676641659463962,0.01766099095419955,0.0631481407428387,0.027666435131187096,12856000002033
-0.02540326959560017,0.010499897686138073,-0.027264634686461644,-0.007695628714276996,0.004314811521425567,-0.02481483417984253,0.0048176293200968764,-0.00025612272591307565,0.00033468727538280116,-0.004388927716928837,-0.018525780015144804,-0.013874731912771837,-0.0013209254100252858,-0.07700473176416488,-0.006654594907399246,-0.00460166683792279,-0.010422840058807366,-0.010454879527454214,-0.012259625854601528,0.007935569674986676,1292110000847
0.1426910411541312,0.00637241967040617,0.042747129943640175,0.015084281445022362,0.00863820395576692,0.11920043521572654,0.0007855650844721338,2.6599582779020927e-05,-0.00035910422324472854,-0.0033409960624631884,0.025975318443932204,-0.006202684499009916,-0.001276505457846383,-0.06213742848047826,0.010776915779623024,0.05333990483550778,0.0027155249791466786,0.005792081193873468,0.0026092260440650165,0.03048460660621737,12934000024644
-0.002003582908527054,-0.00926663682265825,0.02822050618161205,-0.0029683031954772423,0.005625509738400916,-0.01838637994380581,0.0029009271259138906,6.941419610386752e-06,1.5350154652783493e-05,-0.00307093288166112,0.04664467681223156,0.06452817750977972,0.02605535085033714,-0.031827432795834755,0.017311972330840544,0.04989905703613745,0.01135013033472216,0.027694948364937414,0.019977744633839795,0.02365310224512943,1294440000949
0.03889373423806449,0.009479528768530584,0.006546618923104502,0.003958394222221637,0.006150051402702805,-0.006075414548472013,0.0022513419255759236,0.0007538894070910297,0.0010838094262648733,-0.00178998820876944,0.023539590435927633,0.047272838014093065,0.006107505112859495,0.35039108107927813,0.010445253515455695,0.00540256918500277,0.013016596946087674,0.030117861442610267,0.029626133358285994,0.012608283422495791,1299330000284
0.055500528940254014,0.10800592199141974,0.0779260123970233,0.001348615232640871,0.011865086509152066,-0.009444199177823213,0.0055067211913234606,-0.0007945593630416714,-0.00012828975028406151,-0.0024896440772828815,0.029565383465294134,0.06327051538849551,0.010508724424758498,-0.046244932706412493,0.013606959938476649,0.01297340319264342,0.017890457810114162,0.029003222804483093,0.013410121775828003,0.018554869940937864,1300770000689
0.01836511753059248,0.039235958480088706,0.019719179577680948,0.0012327657163563642,0.006392857614613428,-0.007465931619533223,0.0023386219825974846,0.0009364872651504452,0.0013948413418854717,-0.0013250862575709737,0.004107243382886377,-0.002165869381765093,0.002314786342056774,0.34683979022583505,0.008821747340125443,0.004892082047163325,0.019309536823940952,0.03599677433757721,0.02422909229787951,0.019862063973231526,1302110000568
-0.01684277910144527,-0.005463170982778759,-0.016595376894705006,-0.005531874726716521,0.006470384425464297,-0.013206405593318527,0.0018426620556412248,8.194540974449777e-05,0.00032956307744447634,-0.0032192373601228645,0.013210318526518048,-0.008581400835305002,0.013586971829546445,-0.06067772090777379,0.007893822523773521,0.012994500520285071,-0.019243050844042563,0.004885748226061274,-0.0019347309033839115,0.03066443025844462,1303770000402
0.03792612993681151,0.0009542679724218209,-0.03261312380781845,-0.004248708533622956,0.003338657061505301,-0.020233579427647707,0.00501952148634448,0.00016966587366987865,0.0005830993273919858,-0.005233093653226495,0.006922501549423304,-0.018226531289086717,-0.0065702903159215445,-0.12022627950559747,-0.01208347809171174,0.007017006621382203,-0.020719304298110346,0.017860385685380634,0.008604465251349499,-0.017527754959842812,13115000007510
0.18261458287908322,0.025605054076942725,0.06623114623679134,-0.00031470284781546983,0.0095490288994018,-0.011234989649272097,0.008812831577999777,0.0001497514563692648,0.0003119932514159655,-0.003560922307370448,0.019976236063016625,0.013588508397965422,0.01312038312572214,-0.056154215071973775,0.03705044079894435,0.04954880422147311,0.037243847784891676,0.033301934594841105,0.02901427058974477,0.00041378922833390774,13124000002407
-0.03171641627268131,-0.008958177499401367,-0.01634642513424366,-0.006740741272989529,0.0023218104822860398,-0.014606451627937512,0.0009603963166093942,0.00015782696919761872,0.00034902924887477446,-0.0037412580814360115,-0.0036029458683427703,-0.002224651144808761,0.0007492542311608258,-0.17627960715658156,0.0029099725151260965,-0.003056915406977535,0.019229345367258434,0.015828970395668652,0.009393761016227156,-0.0036447180562173085,1314330000816
0.03426811038292508,-0.0002413092409889462,-0.015122415530723264,-0.008201641873278988,0.00033568836809205966,-0.024916327811399918,0.00553565765006772,-4.968556636973881e-05,0.0005127229238610124,-0.005350135074767854,-0.010689820651507396,-0.0016988225158573868,-0.0055251600599468525,-0.1572172946023664,-0.006179870455020308,-0.007283042039902032,-0.03121615999861252,0.002742209423386264,-0.006715606729102089,-0.025874085196745382,13146000004027
0.006401697505110907,0.016522654632681922,6.966733368626122e-05,0.0011257916678283624,0.012002374608887253,-0.0045116687027628,0.007368168811692407,0.00036138496174765246,0.003293965753918519,-0.0027006854337685167,0.0037172971328484033,0.01070128139626814,0.007329385965853598,0.18649211249909792,0.017222747769291464,0.04601728561570601,0.0005558490213321156,0.012805884596243948,0.014313519058957575,0.03130402658521278,1315110000818
0.1266329492262981,-0.0029891715341588544,0.04108006809258376,0.013858287711715449,0.02551910866625349,0.0100577957531776,0.026095475125672816,-0.0005799568529879526,0.00010537320313629096,-0.0028191617527092414,0.02340208954409268,0.0916638328585717,0.015144479381372788,-0.03130356821794433,0.0402778549596004,0.04134578771204251,0.036294660535464054,0.036586539640161946,0.041293262322097,0.02669944823116266,13195000004694
0.03733274746835335,0.015257576247830874,0.02007515150216666,0.009449298164066571,-0.004906378412514064,0.028070018146377478,0.0001004967796255235,0.0029237093386445395,0.0018184442748247196,-0.0017444305042261666,0.01842305758358361,0.00628629129328984,0.015843362787092807,0.37074557151866583,0.002425952419589742,0.023625802128747476,-0.0026008875195101294,0.03968794482049742,0.04345777383644522,-0.0018207711735615144,13254000001405
0.03942761759039765,0.02268071017460623,0.02905878541275144,0.004773988507023864,0.0077709392739915995,-0.0005005981408055368,0.002709613364021399,0.00399908303262521,0.0029776926816018363,-0.0014614418529716065,0.027733374494285937,0.01143191961285797,0.020937397602914576,0.3889025344352972,0.0014200095521588495,0.020690017015106973,1.1822532390820519e-05,0.03836888821613565,0.0379217216623114,0.0011561793428126793,13259000002536
2.9345818540160373e-05,0.0042636779306408825,0.016938472723664322,0.10544762537055609,0.012109442339866333,0.09093653618165808,0.02609207139763247,-0.0005401627674773837,-0.0003399620321336766,-0.002772236243496483,0.06203939865727493,0.020563328662624822,0.01174365642443815,-0.09286325937877303,0.01152525328481978,0.033901875274202554,0.030429734666015968,0.025013065235057932,0.01823575110702253,0.013171085061297997,1327220000070
0.04770836855350204,-0.011790721662761652,0.012129012902378515,-0.0016610049473659708,0.009977498362710944,-0.01732201940230974,0.006466760052225352,-0.00011011333361232991,-0.0078073285866689796,-0.0012806575809119725,0.005638852625064943,0.06688802440793798,0.012202564250703226,0.2469808764721413,0.004982085447692047,0.008194882706240055,0.04511455714492264,0.009610165415629838,0.02725748805438069,0.019949593535718162,13335000001460
-0.0220844576066518,-0.009268749273296413,-0.04691256469389111,-0.0016537977534897626,-0.01189006442236981,0.05739397439830856,-0.008408436860531564,0.00021083708915952835,-3.268153028550549e-05,-0.004253173293672422,-0.016254644366102647,-0.031999176814999405,-0.008306320381000754,-0.10145316530590089,-0.004971485080786431,-0.011807700351621835,-0.014817117346435345,0.006256914625333333,0.008704998132611299,0.008897917475462352,13335000001482
0.1502149632243163,0.03418003282874469,0.0417331207343753,0.0046484176739142995,0.0246441631643559,-0.010214371564138328,0.024938361811129926,0.0007539067670104478,0.0007871968283277044,-0.0035815815025964943,0.044027751233736624,0.006967506960906721,0.022340988393049484,-0.06312643594864076,0.015103459914007772,0.029137412869206732,0.004265971790309961,0.028415231481619674,0.06270550425880267,0.044589171840722544,13441000000631
0.01175781846693894,0.007812293696047063,0.0010328833129367655,0.0016088971313171203,0.00737761001146425,-0.00523623712335117,0.00174539137293401,0.0033786456530735306,0.0031510339492516657,-0.0016256841786606348,0.02004841408878177,-0.0074648404740626445,0.006411595490758517,0.3811706123637047,-0.0037930170871750776,0.015534093671521216,-0.0026928825219538943,0.026548223264724332,0.02884282886233065,-0.006851811405981104,13441000000642
0.05601969810125929,0.06939127767966721,0.08658036239221019,0.007447276078679047,-0.003086179767198012,0.025715444743701635,-0.0044747248964386935,0.002538969968724761,0.0015059736110477869,-0.0017469893141363454,0.011443407878537695,-0.001986567145494257,0.006014382989296028,0.3017717914870181,0.0015219207670423588,0.02213720092409262,0.01613548474620276,0.027262729450005005,0.023077335369523336,-0.007846259852473624,13504000005526
0.03145366141528995,0.011250054787952544,0.00874128361183,0.0032147324065975634,0.006505779024708532,-0.004428335553941482,0.002385981376724704,0.0019990567608531894,0.002456682144140466,-0.001819342329463925,0.013459657516877712,-0.0031366045936351444,0.00016086258348305756,0.42441167263233276,0.0031412891454162453,0.010476119975710014,0.016714571017858722,0.028611758231636808,0.0334115559363206,0.011483527692004017,1351440001657
-0.025210521498708085,0.01422577220228326,-0.001220587423950286,-0.005881689162031154,0.0015717533024374218,-0.01546301453468982,0.0003361952486500074,2.241813588382152e-05,0.00020183509511564483,-0.0036728943788954323,-0.018723867747257667,0.0074961500547256945,0.0012411457991077393,-0.16234463303276112,-0.012627326255616737,-0.02171444662209593,-0.012400675879441162,0.022744376222752657,0.015892879803469463,0.0019541298770757837,1352660001454
0.1467060046224562,0.01645661112599701,0.06410738497918954,0.006293573998282606,0.017720462232284566,-0.012147420117714042,0.010840301567000546,0.0005043177250254832,0.0021715969278544105,-0.003395234266390916,0.02959666765373602,-0.0026100204913328783,0.014471550685515653,-0.021931669004191585,0.017713626100292455,0.04418721495809878,0.04784508798616934,0.005208483985428458,0.0013781492148690956,0.04289314691599866,13530000005657
-0.036532689642883504,-0.006810652197921594,0.012912491015028862,-0.004412251304304874,3.202809587173922e-05,-0.025588935700821127,0.0018539103032375645,-0.0018690438904512517,-0.000619940821196735,-0.004379967371417544,0.010278144146096221,0.08584117635315527,0.004403411443494651,-0.03958706849347412,0.025356633972623954,0.013956289972379585,0.006326986523735968,0.011897156859658574,0.009798701990109803,-0.007047148876449079,13534000004142
0.0005733033310839123,0.04534564653451685,0.023226546229466537,0.002142185657418485,0.01213443224099752,-0.002070226840985389,0.003326194884575507,0.003050904926005068,0.0030960006578555355,-0.0019671940206751246,0.022772383606107505,0.021782457703629427,0.01361391821736777,0.2797947856681186,0.0042947826148628755,0.027016363808399984,0.029513294713090315,0.004830843699719158,0.013782703532417128,0.02906183719592482,13564000003657
0.020350701442982927,0.06595683358553102,0.0649903939508117,0.003777160536676617,0.006871574046293318,-0.0050251294361531775,0.003568427946857519,0.0006277094549121773,0.0006266207879034736,-0.0030659880937189054,0.023159023927487143,0.011392989796693608,0.016255206392735297,-0.0977791323957261,0.023762426709071693,0.007546852307630409,0.014539916506384618,0.052237589188862045,0.044762796801511726,0.0026959268338851918,13578000000054
0.06116863683588717,0.009038698414981564,0.05765402526412523,-0.0014780001829887614,0.013229084707636563,-0.01970295242556017,0.008846641354468743,-0.0005580320415202362,0.0021066700824336313,-0.00358997757555135,0.007595714492357634,0.10890307899495971,0.011230797378485832,-0.030305150268534947,0.004531013017837046,0.022711139966976022,0.07563048256869942,0.028301935047494498,0.04994010983768732,0.039926556249329476,13591000000252
0.08375978075596446,-0.006040129446609006,0.07061954573904636,0.09353572793234048,0.019062627861691266,0.09843020008678922,-0.0072680149147165245,-0.0008179621549912516,-0.0011152772827598776,-0.00355887882311722,0.011816438026355536,0.04384156310435173,-0.006278104996903901,-0.05073566623302124,-0.004393461524760349,0.0003949738559306453,0.007873428527778822,0.009583295522233177,0.0036171814343934055,-0.01911108146507742,13591000000260
0.030248895689693096,-0.05648748628925925,-0.008052906372901963,-0.008638099612742138,0.001636181208726107,-0.02699483608992114,0.003935510388145374,0.003856671184111299,0.0019317012991732073,-0.004890418619341752,-0.013368731417070045,-0.01295957354701059,-0.0233779657813428,-0.07035882889359328,-0.01423733979630549,-0.006284939220997041,0.010212908497912778,-0.0078996365072428,0.026030711916468496,-0.03998534343129538,13591000000264
0.024757132588623044,-0.0610403894903669,-0.009601555342372692,-0.008837596490528033,0.0006609393642061996,-0.027654750161538445,0.0032410967929275697,0.001121718372040316,0.0004008189417366762,-0.005230292400357468,-0.012741383748881431,-0.011822917853676897,-0.0193889154391442,-0.08719962893394753,-0.014252554318981517,-0.007233957668655739,0.007626513027784556,-0.018754752962141154,-0.018529431799849453,-0.03809755726560971,13591000000268
0.05979652916940606,0.016415858884243583,0.07899808482482576,0.03331177191647546,0.01863785318953981,0.14800063673448202,-0.00025995713533978544,-0.0005215951240577993,-0.0015328157400244823,-0.002985054583819282,0.025961444104304034,0.11435201401375049,0.009662471290732479,-0.06535555236012633,0.028618477221827476,0.030254956786597748,0.026396096390024413,0.01170121160183057,0.015032937995222394,0.030889546983754047,13591000000272
0.015728453872754528,0.012837487414681875,0.011140319246538365,0.05326296690368073,-0.0030145887179702678,0.06448942030303609,0.007357441321461255,-0.0021530694677495137,0.0013788683948164507,0.050412323058908824,0.012607676861784906,0.07717280969437885,0.009367093284696202,0.2564429134604885,0.006826881504110463,0.021334337639771123,0.012146607844219061,0.007477692576971269,0.008366466575975992,0.012240433438713672,13591000000274
-0.02523415373469079,-0.01164853698988046,0.026264516416135503,-0.0018754066079727145,0.009050165171418274,-0.025864363997076846,0.005770676786821873,-0.00046012736555747227,-0.00021057306370373264,-0.0041295891330003585,0.008673155448399498,0.10892680648490945,0.01377444525107222,-0.05447909506458404,-0.006112834335534031,0.015149390024425854,0.08192604381615202,0.029968299333265187,0.05348539679974139,0.028722129494737132,13591000000276
-0.037283549860595025,-0.05543330296236684,0.01750728819310943,-0.01063378200967716,0.00369047505797001,-0.029434003800283173,0.003079174974286987,-0.0013737066384025857,-0.0009549442277989909,-0.004413845683816151,-0.005502718984489586,0.05541768957047752,-0.005418124885762826,-0.06305031962502873,-0.0038785050170314556,0.002410406197078451,0.019193611652671645,-0.001313594124571853,-0.0013613925700018672,0.013556632336452308,13591000000282
0.07889360498698436,-0.02629232400293016,0.038161789727580823,0.01805178403026229,-0.008744747510348701,0.09576103775420802,-0.0015505402637586237,0.000693035770563495,2.81994255729627e-05,0.11166781833430844,0.016197209788504845,0.01295902781548637,0.0001568410413243146,-0.031284829684636355,0.006488377434664981,0.018057202964946343,0.04367824251013407,0.015078803144198752,0.035721374346731054,0.041137135533977916,13591000000284
0.0729059096837339,0.02241952934386334,0.08124055005290348,0.02787939698198523,0.005565446399208985,0.11651459517919345,0.0009506683682852845,-0.0005715312760084083,-0.0014640532466173699,-0.003012834714683747,0.029412212081772405,0.10045066411678986,0.005488464848578054,-0.027677812547757856,0.00897522653545829,0.006142052305669685,0.04468296127963273,0.007039620284550656,0.008807685223257939,0.034197593835261476,13591000000286
0.0334232967719332,-0.002965918713542552,0.017833208203156547,-0.004114195655185633,0.0075948948302592715,-0.0120447467843605,0.0030567251953746806,0.0006918827088372308,-0.0007878430940496961,0.11818928920104232,0.013513901693797993,0.12085518403449151,0.0019272246124635451,-0.02568912661348299,0.0058074844784136714,0.006309802057696143,0.03596437014600541,0.007396653002512761,0.012994923202930898,0.023858383075831206,13591000000288
-0.011461348616761034,0.01470362872254795,0.0049413621153601315,-0.0012921455833825382,0.011547953813055283,-0.00821807253940714,0.00473614260685101,0.0010678633942915673,0.00041351111483425374,0.11572133262042082,0.01518282682264298,0.0966957379501944,0.004042531173533977,-0.055281479365660656,0.013542571570847163,0.026508955787080395,0.11664857434352022,0.01554662204594164,0.03503598765178655,0.026839979583571406,13591000000290
0.005680786488481681,-0.0009582660837157745,0.021569742721805923,0.059051978197842685,-0.008534709562930296,0.09758958430260346,0.006580826659136514,0.004158980470123313,0.0034576927105756166,-0.001347525005941072,0.021276344064551967,0.07889770756802891,0.01006233370141772,0.2617993745098703,0.00022875660531402857,0.020078498766156822,0.01907509694806689,0.00866375490718847,0.011287237066871887,0.013971006842485553,13591000000294
-0.03803738535403869,-0.004928785391788509,0.032935008450509826,-0.0024677499128119918,0.008031260414399869,-0.02582245869213627,0.00844356109286373,-0.0005573997702038983,-0.0004298716197836793,-0.003997915885627647,0.008975108470449933,0.12380837132069995,0.013630677922870324,-0.05150493627125325,0.003928591270123855,0.02014867261743308,0.05760728428488545,0.033510166640890814,0.05674170511941938,0.03315863050436542,13591000000296
0.0602649693771405,-0.004833412026045071,0.021005869315398336,0.017760086503940165,-0.002243962829906873,0.08071351969313723,-0.004090938951245299,0.00241952477086128,0.0024006877579185754,-0.0015140735149675132,0.023343460005467612,0.0741178369849883,0.001778566580464254,0.2413936699544208,0.006495892417274265,0.019291143468177858,0.03819398066278833,0.00611670216662035,0.009817974356281178,0.018824371851886516,13591000000300
0.08318102138846462,0.005479477212011041,0.07673705709176024,0.0180438123217451,-0.0075002672277936925,0.10381765993790876,-0.001387890661913937,-0.000293318115218051,-0.000543474220105143,-0.002968179535812098,0.030032091649755635,0.08420505778058897,0.008475231977649798,-0.028869542256905502,0.01947273670734899,0.006058213446596051,0.05401797599571521,0.015550041788558842,0.038308434401996064,0.03385639552891665,13591000000302
-0.035076072560254655,-0.03053836174658763,0.051057731916587315,0.02253827472732321,-0.014528417099359878,0.10742252230184833,-0.005608934565848834,-0.0006820988914776015,-0.0026569739640331983,-0.0033880593917842475,0.013913918358305516,0.09598939692014678,0.0008210982415313318,-0.05212876686332489,-0.0013746560692794684,0.0016075549927567585,0.04668686573871393,0.002849235715764759,0.00828334681752609,0.028163502061285532,13591000000304
0.08464930302775775,-0.008467963899164776,0.04564432566399241,-0.002958854396797061,0.011593837651188401,-0.015186383554742198,0.004908181857693208,-0.00030100931096129114,0.0009088476459182791,0.10238766834164822,0.03347150590272046,0.0921801787329434,0.008538076196943814,-0.01949374983614581,0.006567694695472387,0.01554026158167187,0.051243841791779314,0.00106865699310111,0.007585181126681494,0.04202706198369373,13591000000308
-0.03077845681029139,0.007567361448870991,0.03163705456096414,0.11389735375684482,0.015132056622413563,0.11451288478952949,0.03226625234872737,0.01649575760094438,0.012578797506771985,-0.0027063450807487577,0.009812041467278728,0.09481650780426926,0.013985815152444703,-0.060567139085034645,0.007402657699385503,0.024866854115679758,0.007611769337671634,0.011371083525113488,0.010120287458273633,0.019816607658826105,13591000000312
-0.039598003155657376,-0.026928693627199452,0.007841960479299626,-0.008636874707245215,0.002143531067100617,-0.022058101895024773,0.0018078885260730114,-0.00014581224707518707,2.6160920888474316e-05,-0.004435015139232537,-0.0006800816551049842,-0.010578025598054949,-0.014523301267375326,-0.11998760397836866,-0.00566213220763392,0.006586090607479007,-0.002341876672970159,-0.008570205722120597,-0.004563396244159344,0.007642694394315734,13591000000316
0.08859100440749308,-0.0058640674306662515,0.05217459994844793,-0.0033778770548513076,0.015567299999807884,-0.01455689675983421,0.006049987480801647,-0.000308528987504058,0.001592174175250965,-0.003660046317785851,0.031581635812694714,0.0934095430347654,-0.0007681713888955763,-0.03404012609875474,0.008490759535824958,0.009813216376628776,0.05903512662647609,0.00418729415809011,0.009534995256852861,0.04443092989674274,13591000000318
0.07196207259786523,0.025497593477029044,0.08475257031106244,0.02929605113605225,0.0005867568700384828,0.12285390413700935,-0.0009566890380867605,0.010191087704642197,0.013199518893120136,-0.0029600190801251256,0.02968818653468696,0.0964606846933112,0.00764083918450659,-0.011426354729903537,0.009735859563095731,0.02174917645454067,0.04991425576632867,0.011607723810799282,0.015312405596197343,0.03648357799576444,13591000000320
0.04491525028785143,0.0016960091921318446,0.027087863955171584,0.02278126905371902,-0.013463501248158549,0.09989305663082994,-0.0030825403666147216,0.002700162105488785,0.002453211550141378,-0.0006651011612947157,0.027963669212338237,0.08067971802380051,0.009061254478165325,0.17180153962674088,0.0028351102229441038,0.02272110359591342,0.021809977087087044,0.012684989021020839,0.01746030412277375,0.0197320469640744,13591000000322
-0.06706589949767913,-0.04240903583789964,-0.03246330152880798,-0.007783505783886508,-0.0026635202686066447,-0.029789683065437417,0.0008194026222814154,0.0017881075687923966,0.0011458333903458101,-0.0029541135295542433,-0.012572132549381615,0.029693251554007243,-0.008447026488373042,0.1497366886884601,-0.008359922866612916,-0.003767824045751441,-0.017966358464671216,0.002246818572058129,-0.006562858153852963,-0.018658416697128435,13591000000324
0.014966967838225513,0.013596545905043476,0.029605977343989894,0.07298617856142374,0.0035520682280006663,0.08207542157104705,0.023373844331150067,0.0002546322976439367,-0.0007421384987978732,0.065703426899173,0.04538898882797351,0.09511311171609778,0.011413885281225503,-0.0156993382487877,0.018218863964554674,0.040578798207024806,0.020920430988792343,0.01808942070200586,0.024438793422912147,0.012979513015426384,13591000000332
0.02366578388716243,-0.042261865403599067,0.00902242584998848,-0.00636544132438175,0.005332502146450458,-0.01626139429191924,0.0010719336852816198,-0.0008578042972902448,-0.0008472303991355627,-0.0038355787266507392,-0.0007465027452514293,0.03386748623700824,-0.004841818679448859,-0.026662322492604865,-0.01933116903109186,0.008437823198925965,0.07507093884871953,-0.002499776115667538,0.0001319291894364212,0.01716594900866928,13591000000334
0.0326977643234572,-0.055156617400306855,-0.004824299101083423,-0.0013054709537962815,-0.013194057904949593,0.0707742535327263,-0.0021828721814221306,0.0003720073764226332,-0.0006280017967175881,-0.004884634039026624,-0.015047347173384906,-0.014022164136015433,-0.019610439773700264,-0.06958332975276856,-0.026870974743850883,-0.023492986335496773,0.0016643388526932836,-0.017877348230880885,0.010881876390522386,-0.026572876026868104,13591000000338
-0.020046953978661335,-0.003486930262087341,0.006192321782130934,0.07450738517164789,0.0017943889330046291,0.07132687293261801,0.008756225387514081,0.0005561020861094698,0.000512521919460342,-0.00234336352000238,0.008441639771143025,0.015976925425591933,0.010852175708273674,0.2541717662813721,0.005626264321724349,0.01705760031016432,0.02555343120165865,0.015163106309202172,0.024139558777084572,0.02149292522474696,13591000000342
0.029381574109005226,0.04346436505018126,0.0023025111628758666,0.06938240763539295,-0.0014838017377905664,0.06842237530881376,0.020886646486583543,0.002309961140223783,0.0030143184242086497,0.06751173327632552,0.0484417872218508,0.076658134291852,0.015439964634824362,-0.022466386655329768,0.011445975810950958,0.019718812246804353,0.021060663650875847,0.027481955344526358,0.021908201634761235,0.016469907602903393,13591000000344
0.0608927770141543,0.021859521118523597,0.09444155127806157,0.014570837508283595,0.002965823180229327,0.0740040036837038,-0.0074515817483044875,0.014706936714181294,0.0044694015079401244,0.07095969976281652,0.024391389215876608,0.0634727862506347,0.017469313984934218,-0.014734116285485783,0.017122350521423555,0.041406758376210794,0.01623483392007018,0.014857859852030787,0.022140018880444933,0.022849024932192857,13591000000352
0.028834405076653528,-0.005293437033557536,0.0003945009003317535,0.023998835480606717,-0.007947374689724807,0.06198953496804683,-0.0018587161921820752,0.0008526722325713845,0.0008811762790436738,-0.0013118516037620505,0.0027825631438373405,0.06558796730226707,0.0064075129839011495,0.3318022751631231,0.008043877716407343,0.025463993291513682,-0.0010093606149785778,0.016378361404619502,0.014391379824497664,-0.01048958994575792,13591000000354
-0.015299621690561347,0.01693943993438161,0.001797864244527004,0.0025166672602363457,0.008899601923751171,-0.0034790813443185344,0.007181000856732774,0.0014335588810852973,0.004276153041737973,-0.0017469141433715007,0.01395759943198219,0.057621691072848716,0.00907870455786715,0.39474633459640446,-0.0020564758663501,0.01767296633534058,0.029007317579036747,0.007518709895414854,0.003134110096267296,0.026389575214921593,13591000000356
-0.0018905702792752586,-0.002396509878592521,0.02572024981617698,0.07944063413658056,0.008478126600506545,0.09265197290258785,0.007234489000573217,0.0031243764980284482,0.005132574002247513,-0.002471956574919047,0.002912639721843448,0.06867482332932023,0.00893155116426989,0.24482399606863933,-0.005945525454741165,0.016954227045830654,-0.0004450637142405534,0.019749768626038076,0.014692594023798886,-0.010878433251977009,13591000000358
-0.06996203531251159,-0.03060285111173771,0.018910880660839714,0.030373562400515645,-0.021913172305172764,0.0870640480844974,0.0002633594345153476,-0.0003159381712057787,-0.0014200912213202745,-0.0034013512310732516,0.004926656858636116,0.0737023570111676,0.0007720889889798011,-0.08067000500731387,-0.0023668249827221884,0.006663506259004365,-0.008505308446704057,-0.0008097261675358246,0.0008345220389387248,0.01304552409813701,13591000000364
0.06730888484530163,0.0016792691738937823,0.07396009582303412,0.023016675157961335,-0.0053787081683039795,0.11586477661121648,-0.0017079577985614676,0.00878127659172873,0.0023010994594223643,-0.002892109515589865,0.0096968739069951,0.09172497188105688,0.003514681594543506,-0.016858695725381526,0.019329900091530614,0.023919947304204263,0.05344517197556226,0.017960777418747357,0.04289588001615872,0.02835972456774735,13591000000368
0.05757087633990004,0.01724574749255622,0.015169750640120053,-0.0008376162599671458,0.005891965791202258,-0.008439658850116011,0.0033516248012156677,-0.0002852156055796812,0.00021583413353492518,-0.0031253524178020808,0.008985295234723639,0.0752258901806973,0.01685145883385203,-0.061747731746168606,0.01781130565403441,0.03312673631051254,-0.0008283983371407735,0.030691509864923687,0.026723710030243285,-0.0016499443542216704,13591000000374
0.01987664102068486,0.002651429000419969,0.02809553636335941,0.08558763403621168,0.015766874074540166,0.11015185597771635,0.0006670214209192827,0.002891699885401073,0.0025458022110424333,-0.0004867504831090463,0.02189110974874423,0.05959746957755772,0.011423950484381697,0.1692555233839766,0.009386441149469174,0.021985595858211113,0.005726587957585108,0.015117666669955373,0.012014206828376403,0.016942906712489936,13591000000378
-0.009870307852408312,0.02270691964213751,0.06133390005039845,0.07746073191924566,0.006034244100030369,0.09481601245030688,0.010154129415259179,0.012224143701630785,0.007799503975572949,0.07273301779530822,0.025304989870240286,0.08074383910595004,0.016251109425861394,-0.019540183413067392,0.01579009806664383,0.04066321018378625,0.012385569673643133,0.012390129878866764,0.021212918697843725,0.014709510904970162,13591000000382
0.06092051029998981,0.008445077991402742,0.05696833911728455,0.07506967410118262,-0.00018211128428512432,0.11628264059629653,-0.0005218946354322324,0.006665588590182685,0.009671615415062625,0.07495828254605413,0.014630223170526476,0.08403541341873678,0.007883680985060957,-0.019904338936015703,0.012336170228495247,0.020537162984983582,0.04418587710982888,0.009762578211402114,0.034256064812918936,0.02561245667806838,13591000000384
-0.005972935260799175,0.004723436281496691,0.02502343617452397,0.07512750036568615,0.0076862816234408654,0.101895668115468,0.005984946329940813,0.0030893790982768213,0.002550885287996893,-0.0016870671016424536,-0.0014367593030083484,0.08408727577889036,0.008668150656752185,0.2324363140425291,0.003471771869910154,0.021508563244135092,0.0019370280823840103,0.008076574026414566,0.011008719054966058,0.014410033510572072,13591000000386
0.01374866552403239,0.010240637892486505,0.001678064014839949,0.01681208342183601,-0.012825840045522344,0.06821557103454133,-0.004201009875462456,0.0029712850897738235,0.003687287910451477,-0.002121424027693193,0.01173219137145243,0.027229652899304554,0.003857896610865559,0.31803781441729906,0.004469498239540357,0.027430103357558556,0.010797531869995049,0.011497059459475534,0.019581210414608176,0.016750922298552386,13591000000388
0.004035007535718956,0.016256606013654386,0.06199373593394237,0.030875277290691207,0.00950399821754628,0.14392277038691334,-0.0022400163092489373,0.013170362322804205,0.004675743756075514,-0.0030374541256141534,0.025174878177582658,0.10078387370169103,0.005273537079637872,-0.05229595425745648,0.021018963433477297,0.02980146813834616,0.0030639366738910156,0.013864445174524415,0.018078605942257676,0.02176465488673735,13591000000392
0.025844699404489052,-0.020316419163626368,0.03022807286748626,-0.006764988209984387,0.005447723976829487,-0.02480153054228921,0.007800163976933574,-0.0008002815546018287,-0.00025391667650926584,-0.004434776376716978,0.02171063309376791,0.040144649758094474,0.009421592962295949,-0.03874941214634585,0.0006969779641854507,-0.009734160861719023,-0.0009142859596268614,0.0043004880429445905,-0.002102918314485903,0.02238834319574785,13591000000394
-0.034112298929620775,-0.047926979256822676,0.01411535594388828,-0.008414106492089625,0.0033387521901669347,-0.034803755437013514,0.0033801316289861767,-0.0013313490279275254,-2.4310846190696766e-07,-0.00483066214948421,-0.012428256274110108,0.08525506481341573,-0.013308212196155947,-0.09345797658578422,-0.022734152371932936,-3.750333197786764e-05,0.04696257338292716,-0.004826772664838907,0.0013558390200010932,0.01620327653429334,13591000000396
-0.03721329180273771,-0.027208209439823394,0.016856101864017,-0.008720383559394538,-0.00014820578397446396,-0.028123252859104494,0.0023486571722156446,-0.0005386982254067098,0.0005593830386477616,-0.004990709413893748,0.021134511739815613,0.04774577621931275,0.0031760737327164094,-0.08862112260325967,-0.003476194158981082,0.007633142108035934,-0.012864104263062207,0.0037837137657929405,-0.004014559233265109,-0.012062759753050217,13591000000404
0.09293555774491188,0.01775085779950145,0.0692455357596547,0.025231458372903585,-0.016498000457063094,0.09239767088126298,-0.00641482923706679,0.010744566149830997,0.013212708164934348,-0.0030795082812033986,0.02553974855690129,0.08692600572167392,0.0077603937821586096,-0.023719648047813666,0.00794582746420063,0.005371074806819985,0.05017853722515986,0.00883688649032041,0.010771133322347446,0.0387151304204044,13591000000410
0.08231476796463033,0.0121930984337199,0.05575906027980134,0.0013551550935749484,0.016263463393907038,-0.016465878565119933,0.009228127162231174,-0.00040895045959968935,0.002122932314707461,-0.0032760533829460712,0.041296146236048555,0.09044379923377038,0.012557814774327368,-0.023939306945107732,0.010051614775934399,0.01027187019908602,0.08471872906559398,0.024559576555038935,0.05594023230250597,0.04412284471567095,13591000000420
0.0261494986220674,-0.02800564743010043,-0.00651541918690492,-0.0033750721708343465,0.009683684592295076,-0.016422632398532602,0.004177714442777852,0.0037340683140207097,0.0029444944086113693,-0.001304451296677616,-0.000232078684185573,0.02544642265348737,0.019894525067921765,0.37063444580663385,0.005734448088060969,0.015633910791549157,0.0031290117652391564,0.011213033711504037,0.00887275734657561,0.023148868386806448,13591000000426
0.05463863517290059,0.07886688206202397,0.060254176892287174,0.04695374407094808,-0.00746513026511517,0.06418884960839759,0.014482496402658631,0.00808179460164125,-0.0020727070175449217,0.06301563191567938,0.03547945631289422,0.06531077094719416,0.01044387448035484,-0.02371288887296145,0.006791404457287898,0.020998138018916573,0.019616399843004687,0.026401646389024924,0.020326071631386843,0.016251859988860112,13591000000440
0.05987073068568011,-0.03800420569293848,0.0327985970581095,-0.003682318086668122,0.012979619659641575,-0.02919119633156465,0.009404016501339771,-0.00020650441135339976,0.0007241348557456432,-0.003962722973539326,0.030259087208751194,0.02889055964373832,0.011261849831115864,-0.03982369416013683,0.002604664835122794,0.004314497659047709,0.0555743819765794,0.017359877859685825,0.05013129000273642,0.03633523705554227,13591000000454
-0.02375569049985913,-0.006679902091984676,-0.02338330086212813,-0.0016202086563472872,0.008356168113921175,-0.01953003533628191,0.009652902949296159,5.6853559317833814e-05,0.0006160152110444347,-0.004434259169763918,-0.0018337963980314322,-0.009202803612610723,-0.003724338588731748,-0.11565969625566018,-0.004868562666941934,-0.015647017739523202,0.0007689946899378719,-0.0011696972057602742,0.01111309297792494,0.01977257869821194,13591000000460
0.10012913081711948,-0.008520273752284037,0.07415371495478627,0.13704800422514843,0.03502647258231772,0.1151342885087516,0.002627097228209621,-0.0001427533830007844,-0.00039868680410943267,-0.003428178739710252,0.009904340535082195,-0.008967878950060692,0.030160604839284833,-0.05575861547633197,0.010695013372132673,-0.00024353965450321072,0.0018421926769199453,0.024027458949194783,0.01822167449281796,0.027329135456169135,13591000000462
0.12881207501660594,0.04599196563393709,0.03461405690626973,0.0010645349554708452,0.016048837128041848,-0.026467115912204513,0.02389286202761093,0.000430118440244197,0.0013707524414192872,-0.003896588905377209,0.024899202308442527,0.006290988472523146,0.010131458729411147,-0.08457531265578194,0.00933728660362659,-0.016416735821205067,0.009185262996071222,0.02231272778405792,0.05129535108581906,0.04122203253716523,13591000000464
0.11186757268638077,0.005585996857819955,0.06099773474408744,0.10708230424398058,0.09101933051203145,0.15508291630681353,0.0063026799077409955,3.71702034507427e-05,-0.0006739221179631195,-0.002928496209788874,0.010376336038267224,-0.01943272940293739,0.015778591764867636,-0.053158807039886555,0.012364216785636829,-0.004797983320687918,-0.009118252745228773,0.01008158947550105,0.030027952608277887,0.02226166724623762,13591000000466
0.07103909443057484,0.009269109017972118,0.0358955431396894,0.03959060559405571,0.03415986817705344,0.07324371735112589,0.0008351183156094577,0.0055361788449569006,0.0028683327889420522,-0.0017242751673679324,0.018413764847222968,-0.01732902932852955,-0.0009489139724896836,0.23173409004917733,0.015689756378941145,-0.015230233670550177,0.0019616559079575087,0.0011953472919737148,0.018077527166838813,0.009561944714780123,13591000000468
0.060436204901668414,-0.028791392021931293,0.050695715629436595,0.002907358159079674,0.007418312007013407,-0.016850609166054655,0.007096779303773121,0.00014920916963448685,0.0020159422607896873,-0.004515205449325014,0.005690010154894059,-0.019367187898323177,-0.0018463492998033266,-0.045248856827230066,0.014345775957095732,-0.017406875526198098,0.07142783481871318,-0.0050848466440282115,-0.008610703981275029,0.034866181568100015,13591000000470
0.07379833140061313,0.022422663319457508,0.039547223282827226,0.1128740246859317,0.056599294956495697,0.12605027786782647,-0.006258142320326362,1.6556939167559703e-05,0.00010675770134851779,-0.0026924835665166087,0.0036425876189704184,-0.006181724102943106,0.029173492590468923,-0.05826646581441106,0.016095072311703984,-0.0016188938239158688,0.0309179321941235,0.011302628160644116,0.026953348295266164,-0.0006349825605007048,13591000000473
0.10694303633880407,0.00564396563016406,0.02542743644320769,0.012922870216638502,0.006795873201238518,0.07897584148132733,0.0007800078990978626,-0.00022481580511787727,9.34248040847084e-05,0.11163690675041882,0.001380126942854024,0.002768928888284765,0.023955271710040953,-0.07558583221291737,0.005963195111833106,-0.010051942129153276,-0.0021864797870008563,0.025047747600575185,0.026855047694616083,-0.011726012075665003,13591000000475
0.08167370361240582,0.01258135207325438,0.04815957051509954,0.07716291912740353,0.004020548493733112,0.1271673328841516,0.00373636850409964,0.0001384536519564728,-0.0008168174087680806,-0.003180323145417665,0.02833986207466482,0.021187857850466642,0.001335774778498936,-0.04588674836463128,0.007031167305951892,-0.014384590244248596,0.06766266656690478,0.012624763998875556,0.045172250773872956,0.03856546978204141,13591000000480
0.09591952908971497,0.0029324052516703112,0.06554675505931447,0.10695639207509712,0.046970323305156415,0.1271753106444127,0.0046138593271837685,-0.00022678124566251687,3.041563735750137e-05,0.06761575598382884,-5.667000226868331e-05,0.007143952911678338,0.01465929846479625,-0.047860256575021465,0.01359225830016194,-0.0014233499934541464,0.005346393106069705,6.058104751575806e-05,0.016868371380172335,-0.023434072048519435,13591000000486
-0.0322415094661006,-0.01448437875556425,-0.03914895821189101,0.0037864431647659006,-0.014943722155491241,0.0723999953009739,-0.013657900634920209,-0.0002678543380123792,-0.00012923358947704563,-0.004162208247216674,-0.008858245254226899,0.0189736389285111,-0.003167678476506478,-0.10234156563582775,0.0026629766290226574,-0.0161165603325154,-0.001997311930482555,-0.002424719395220111,-0.004977383304858533,0.013218710916305462,13591000000489
0.08970423731418839,-0.009443792221675948,0.07038653982993562,0.11675952156303918,0.035010939724259026,0.12366183130116518,0.005299424217210537,0.00021385051154670473,-0.00018640450040675874,0.082776157032745,-0.003952690946952918,-0.016882622155861563,0.0176127885552125,-0.043625934566790106,0.01223812485449067,-0.006773411735238746,0.02733189176793265,0.001530420664562546,0.021555606081821846,0.0026505023645286992,13591000000493
-0.03465414514504706,-0.012002447034547694,-0.021657195872681674,-0.004140547373763973,0.006816980232193988,-0.024994620546628103,0.0034412393918504232,0.0006134626124183813,0.0009413249504071831,-0.00396220273784593,0.005833290556221815,-0.02814415678225705,-0.007565734307090868,0.007418610452213682,-0.0035926774313709588,-0.033322541236890046,-0.01759849957307366,0.009691156419416643,0.027865909490521642,0.013712923039272625,13591000000496
0.0076459320423647,0.00044985734895233845,-0.04212619190276275,0.07734092704900075,0.011089307785309765,0.07828523127492083,-0.00868302574104551,2.935254411916402e-05,-9.336870484785775e-05,-0.0037245644073464327,0.00876319844651326,-3.339290668791974e-05,-0.007420891119086809,-0.08569913304973589,0.0013494324888426502,-0.016263611637959426,-0.012701582724569869,0.002443512908527968,0.013921331618391793,0.012048626596779664,13591000000504
0.06327734302186946,0.003809655012984485,-0.003032015503778089,-0.00344396157934423,0.0036739200914226383,-0.016738594095512732,0.006583715960307941,0.014302424820704344,0.008990779419623379,-0.004903509103097552,0.012291702042956591,0.002877283784700374,0.014160684461358422,-0.09947826218460482,0.003979170315407433,-0.009060150918307096,0.007221073761763104,0.01780615187925487,0.01672914307474048,-0.01346668945267538,13591000000506
0.07952087179824366,0.011923673429926425,0.002763853093571597,-0.0032399665829504695,0.005014378141056251,-0.0337228496044886,0.015886584952143606,0.00015746728020607495,0.001382799187940745,-0.004780244755060316,-0.01280391412598991,-0.0037530106956659703,-0.0011573299351422825,-0.10090880112821397,-0.014005823020038981,-0.034279971670808686,-0.001363068435761938,0.005510404483832368,0.024172384919681548,0.03181073802408144,13591000000513
0.1192928053663076,0.009098594471304866,0.07361382142508392,0.09590106047398218,0.07646848986909742,0.09856228889634382,0.0025254101901106382,-0.00020262853823920028,-0.0002460125450123069,-0.003342867034524644,0.006272777874103441,0.0030345673242689764,0.02054797604850558,-0.06886714780173296,0.0187921381513371,-0.009320785340293885,0.014208437676282739,0.03415675086780325,0.023579823800152572,-0.0032362992969466424,13591000000517
0.027494210698922994,0.00734778944791785,-0.009692515655789187,0.02276646971171431,-0.00463597287359185,0.10647804938401223,0.00035583365202308755,6.824255552286712e-05,0.0007793730277883308,-0.003158573044600269,0.022656954974637315,0.040365285638829136,0.013206851840086457,0.09160705497064654,0.008021284521455495,-0.004181003947322257,0.012758681642347156,0.003962261445446037,0.007185959458929543,0.023441059667053614,13591000000523
-0.055128456442898315,-0.006776161013164279,-0.02458842413838095,-0.006007812731197999,0.001930312012891362,-0.016645053119223804,0.003429867377036109,-2.5914964589697914e-05,0.00017888862057127334,-0.003998425510274187,-0.005575727305272541,-0.018841681150348278,-0.011449860978329979,-0.12592946652283538,0.0011554733823662968,-0.01945069553009839,-0.012708208945892087,-0.009899233122157897,0.008572022023970538,0.0010263313643342207,13591000000525
0.14495404810431745,0.0401892228432477,0.0390849400932257,0.005053766171307801,0.021686389006063272,-0.015280764418632046,0.022316256611486177,-3.1260186907528356e-05,0.0014192919403126494,-0.003970425184429796,0.03514231713253814,0.004130291224965268,-0.00044305661521349,-0.0860631256751375,0.018246422398864,-0.015196866601858632,0.010528894031627474,0.02359974305470094,0.049493925918329615,0.038965495955086984,13591000000529
0.0797534651828246,0.009462667231775248,0.05036110860862635,0.10802667480865988,0.09830959867016982,0.1353009732678506,0.0012893221177807726,-0.00015799228756117482,-0.000664559544295003,-0.0034695868656028635,0.011325262467161732,-0.01992462219134571,0.005656419829385701,-0.06287360061215984,0.01676768620240433,-0.013967585619750185,0.0034759678793842125,0.005780418309398678,0.026154456963008752,0.017983127460218025,13591000000531
0.02679103687362872,0.013843148580999623,-0.00148154132027012,0.0014701842597886533,0.010830658674827933,-0.0024027035106482385,0.005322015590947815,0.003974076826472133,0.0035415198856088587,-0.0023380553540060375,0.013308356894076863,0.005068931663999837,0.01674300520340035,0.4591154584814313,0.009505577097734278,0.014800634792437156,-0.002575603638734315,-0.0051660206028247375,0.008662533734818106,0.015052178220437319,13591000000533
-0.06262885455874537,-0.009630366969984068,-0.01692246737232215,-0.0010213949178509345,0.006210531184352885,-0.01199319401472296,0.0036461788086205467,-3.693784464278315e-05,6.663390791319659e-05,-0.004304091241401403,0.006842932093628586,-0.011199595445131584,-0.007708091682530371,-0.10109313852488881,0.006164660226524618,-0.02198595936696733,-0.005168257535109125,-0.01294160033740133,-0.008976482492747956,0.006768697961340431,13591000000535
0.12365310256146399,0.004366129128617634,0.055385024376429365,0.10833443212029394,0.08204211614472622,0.13881087636414854,0.007310573600953605,5.2764312100392966e-05,-0.0007921101279801798,-0.002629141156568618,0.02388786078899276,-0.01946130235670263,0.01966317672499894,-0.047076027372909494,0.014501492979076177,-0.0025209783060717596,0.003772423889156117,0.010549253511357673,0.03571578573422481,0.02334517753305529,13591000000537
0.056179032914228204,0.013461454231548091,0.04691404910716671,0.09832584086293804,0.01885531090044757,0.13664540566678288,-0.014331020034256622,0.005348413874448573,-0.00015391315786109265,-0.0033022341415130125,0.015104160592451758,-0.012204554013746286,0.017635480454606525,-0.05292381657307273,0.0061799849373272075,-0.011912420809194274,0.0540490574800261,0.007829545804723587,0.03924192854753112,0.023683209519065697,13591000000547
-0.055112030408914874,-0.009971573552284872,-0.03571248054788341,-0.0013504008631860728,-0.008562655323752853,0.04405821344930097,-0.00932861978934831,-0.0010817981116006067,-0.00019643523534885514,-0.003910619981222643,-0.015728048934238854,-0.003258256564649626,-0.0049200051395733345,-0.10748098515644121,-0.0037370071406084776,-0.02665328454677018,-0.00907563722640099,-0.003466436694663196,0.004652586963484165,0.004353248110608967,13591000000552
0.0523650217084814,0.008041288899794418,0.006312538694083161,0.005336392373298183,0.007030695963318514,0.05086757840322989,0.0025820744928385726,0.003780709190740653,0.002323946862527011,-0.0021745927811771372,0.016275635319206443,0.019267578954614777,0.00397881177299076,0.3638501246902144,0.010278567446497702,0.002548436678491824,-0.006355074444066744,-0.004468393968428399,0.008891747035167555,0.01307040030039728,13591000000554
0.03303315140250293,0.02955802202522372,-0.006603422402181898,0.05923837823234463,-7.940079175185793e-05,0.054978820521553395,-6.782223338195955e-05,0.0034640902726472056,0.0039924812367715555,-0.0020849717052539006,0.02300661163351567,0.006567541833193597,-0.00643895816394532,0.2553807532711687,0.0067300070674889126,-0.016734334028891473,0.0024108467428863144,0.010103999807172036,0.007238350330233127,0.018371247302829498,13591000000556
0.010236344016035343,0.007502847306086938,-0.0033812389709916013,0.01993585604502527,0.0023715534852358205,0.11658640557417067,-0.005153137316458892,0.0001835199860305019,0.0001859005351507872,-0.0034284629532071067,0.010507723251412334,0.020749320445594282,0.010639144035664185,-0.0013313894122260572,0.012880490095322803,-0.0055053603594627624,0.001369741352860559,0.020391360222200984,0.051460895464615186,0.020169435106621336,13591000000558
-0.007536361006804242,-0.017835288895107076,-0.04879917813907995,0.06738143111860351,-0.004725031408243482,0.07603767889384273,-0.010506425357629919,-4.35294857661465e-05,-0.0006346198522938196,-0.003843182435590243,-0.02222088041228658,-0.008065719948638092,-0.01063128361472853,-0.07540790695117494,-0.009924950854016514,-0.011042659055150436,-0.01914422527760387,-0.002954908212478142,0.008414052139074108,0.012191238252053706,13591000000560
0.14229443229833058,0.021904167933198986,0.031737806528907314,0.005659607803101933,0.017148972720905077,-0.011687263721462166,0.011140386002612638,-0.00018534715282427484,0.00021332196384883943,-0.003979883250902922,0.031645762475059694,0.017853974772714335,0.014406717133079196,-0.0744284411385079,0.018206456657003642,0.004679361071832055,0.0023553320874939456,0.00546373572591299,0.0021334418360975313,0.042653858589691465,13591000000562
-0.00420992092281449,0.006753826901460056,0.004335268430859509,0.014498004005481313,-0.008939634039018202,0.04718430628028381,-0.0024937585971507737,0.006468074869030192,0.005154388316530634,-0.0018268359989007336,0.020783996009434386,0.006802058107696032,0.006190874577960746,0.35263587253026807,0.02001268891877455,0.004918165527214669,0.009075912396780073,0.0019376816954935476,0.008464038520400254,0.01340371815767525,13591000000564
0.10174258821672696,-0.00376300429444373,0.034653659656836276,0.11040198905621616,0.07021607709722438,0.11997419551948647,0.004626958865779609,-0.00011535586564419333,-0.0012578859287233682,-0.0036109611297718866,0.00844357158170343,-0.014688414952841367,-0.0021855545704092187,-0.08018142243484436,-0.0007942561640887736,-0.008425165910302202,9.100144547086312e-05,-0.0008688944207518397,-0.013484055254137123,0.024496671046987946,13591000000580
0.03507151147185931,0.005182615276327564,0.0008947241681265028,0.005925225466508398,-0.007791084824018502,0.03949106401179166,-0.0015399536175504905,0.0030188689719985026,0.0027084113473920283,0.07260855030765054,0.026405640061740152,-0.003985824825538261,0.003492597671053157,0.32679240389451275,0.009524150635410044,0.0015000668466888657,0.0013106733197224933,0.018032408359518578,0.027132084761038084,-0.003962709204075102,13591000000584
0.13013572575097032,0.030537325943539015,0.05020517818796797,0.00260982622124041,-0.017356881201838894,0.10445473716047522,0.010098488862888425,5.742302622606966e-05,-0.0004181120153312765,-0.0034088332906366658,0.019073347686915806,-0.011003032256766432,0.01474610377814643,-0.06646288826188536,0.0016225705894331896,-0.018561885520821504,0.0012507936753908932,0.01513736812457575,0.040763453086793695,0.03025134947350778,13591000000589
-0.07728715119087846,0.04154536203369461,-0.007873476419428033,-0.0020155247480024055,-0.004836581322320583,0.03545317608548246,-0.006198150329802617,-0.0006027144986839376,-6.37373736939759e-05,-0.003906488429252837,-0.010916713612032322,-0.021569030770401083,-0.00808764853990267,-0.09034724450069846,0.001961895627126943,-0.04067397138095571,-0.0037600768867563613,-0.020679833498802536,-0.017163817434949716,0.004134738592001293,13591000000591
0.0367995720840553,0.07453105641248313,0.09459429077538141,0.007478847132379842,0.010570231026181882,0.0008577618269418116,0.005734333738212321,0.0031734670975140417,0.0024589849148850913,-0.0018295301517392561,0.012415826589988395,-0.0008418952075173349,0.000999706569727433,0.29176984361197983,0.012046366477437133,0.008271546936071855,0.02675883817716197,-0.009540402540187004,0.0038271482348593913,0.01676320817211794,13591000000594
-0.018773134602104863,-0.015701428947209106,-0.040679973938468436,-0.0016190302690499074,-0.014581901381485686,0.06784543253647214,-0.010070439696670097,0.00011168978080649522,-0.0002405753136753464,-0.004134623550066007,-0.008214590666583775,-0.032112919409422076,-0.005922157428935188,-0.10254789216910838,-0.008633689835785574,-0.016963355422141987,-0.015434539249733998,0.009285282170259734,0.02271165117449855,0.013598731429671369,13591000000604
0.00583992468759105,0.0701202291779926,0.028897653916725132,-0.004147945038101623,0.005772405307860418,-0.019621518813801187,0.003950305377719253,-0.00010329379278206091,0.0002613636180007774,-0.004206404216953667,0.0064917056721672094,0.0019588642410784196,0.0017975404347710926,-0.13145135452613693,-0.012324758807882552,-0.013690500185441646,-0.009560849264669371,-0.002653680687481928,-0.009857384620100756,0.015212137492618301,13591000000606
0.11709979447777075,0.008965793801073516,0.05032114963355624,0.10005549073876745,0.0767548789463098,0.1438940015388248,-0.0062424394286087,9.883520470057521e-06,-0.0004770728305402447,-0.002817108852443326,0.028499174027156113,0.027601719691707948,-0.0022637854364225807,-0.05588099133125361,0.007431611691689074,0.004448215678766983,0.005056126191246623,0.011886502911050985,0.02844728657462971,0.02962039890561095,13591000000614
-0.012985100413728223,0.059234002072505794,0.043491784830501604,0.00343908644848331,0.005950567508624315,-0.0032786871520615575,0.004831496527309145,0.0018262005980934767,0.0027897627933373154,-0.002136227155269578,0.01875445341058953,0.010477318086321283,0.006822762425916779,0.386412917642593,0.009560584728126128,0.02816503723284565,0.009588433411383587,0.026470570572190318,0.03125594821715016,0.011293747968479723,13591000000616
-0.05950678276274908,-0.008759360427798983,-0.011189184348437223,0.0003766742503290016,-0.012209782462865387,0.03719427612494658,-0.008460148381808379,-0.0004198323082647533,0.0002413321837747776,-0.003389317996301114,-0.0011554966217342678,-0.01807228213734448,-0.0050853015688654335,-0.0902123055380601,0.00014569745970414655,-0.03858172126858121,-0.0016341969650346833,0.03010146721957943,0.02544187509942335,-0.002867360052930216,13591000000618
0.10961694099446237,0.08405903749421903,0.004287248912788704,0.0076626762313808895,0.010855733410212775,-0.007991327588512523,0.009017848349540452,-3.100348336828242e-05,0.0006864744254487555,-0.00358573832205229,0.02254068210637942,0.019624067683192425,0.008618051766724887,0.006197474800113107,0.007104711744528868,0.009057269427073128,0.015704173635770303,0.00286893293006932,-0.0019365509579091448,0.02555056704040314,13591000000622
0.010113339501432346,0.07151880450655956,0.06472289602897198,0.004791561285993374,0.00957016955039269,-0.0015834062670082257,0.006551101254625963,0.002778682681626678,0.004189697548381712,0.06732152646501537,0.016088571687043494,0.002580134693193824,0.005890595881915181,0.3280522165087579,0.0032153009960921527,0.008758708615426736,0.003069273657932602,-0.004006478148489897,0.0022203807590095302,0.01407945800439508,13591000000626
-0.04861477982935582,-0.0007611867994022246,-0.04173818190395284,-0.0012097429976287166,0.005509101816335341,-0.012108120793140647,0.00397110502680749,0.00018638180534951971,0.0004005943758741324,-0.003916786907663747,0.005194888118269477,-0.02047547062037515,-0.003363129425280855,-0.14402043285917754,0.00580506914010323,0.014152951405267046,0.005860188175966825,-0.0111617648122016,0.001080926915513124,0.007297592046626892,13591000000630
-0.04818101130561317,-0.008371362927191626,-0.03596156163004541,0.06860492922715043,0.007993016633862494,0.05191765175040011,0.003839318785014353,-0.0009974052698756934,-0.00018077447124489966,-0.0035824232588410956,-0.01105863749903514,-0.007189935268271549,-0.012005048974952788,-0.09807694363232751,6.434124703380486e-05,-0.026018274216906292,-0.006421422327781075,-0.003836640989678711,0.004524776403881773,0.006526609602355959,13591000000632
0.13872178921962805,0.018519905010981705,0.07502498718638485,0.014170516698947434,-0.0007593027023651699,0.11255794260368258,0.006502119310694454,0.0004364959376086505,-0.00018660359462372103,-0.003675099728879322,0.032462920107611454,-0.00566474469352598,-0.003240566431252244,-0.05928811915901316,0.010591776440949765,-0.020227734482701563,0.0037906298466827315,0.024737350238650986,0.04617075870378609,0.03590053057103559,13591000000636
-0.03125741235207762,-0.01583882549993403,-0.04224502208204122,0.06380210366421159,0.019578269349500136,0.06152956347970812,-0.004092361795885652,-0.00026077834960534167,-0.001694268589624605,-0.004137961765663408,-0.011745097435537352,-0.04453741798180392,-0.006857253124749936,-0.0953029884791535,-0.0062574930032332264,-0.032354624670476444,-0.015709618114256144,-0.009726077298623034,-0.012870466055911722,0.005281217697377452,13591000000640
0.1081808077075544,0.025770835317964803,0.0037917541619758794,0.0019644910505404642,0.007434218237846732,-0.011423459901583298,0.008499699652730739,2.3598236194679704e-05,0.0004531212919640984,-0.004157226850075952,0.032667370829772065,0.024332078167562728,0.018922557926819853,-0.032306176303834165,0.012424814087866842,0.013693214068596509,0.0164768839583152,0.031610357046666496,0.027848109288803678,-0.00611450189006866,13591000000644
0.043946164211067146,0.08073751903162807,0.11342626884682146,0.004813692840629891,0.007773168368944835,-0.0017881894676294076,0.0025179305384255258,0.002591932862769852,0.002015106588871808,-0.0017538415660729044,0.01782134709239228,-0.0017310575436041324,0.00481618614020037,0.30188385801558754,0.002715079725536785,0.014214092643312125,-0.004057605588576353,0.03009533506986592,0.0289088977778305,-0.004301128154510919,13591000000646
0.08292001704672347,0.011995010019617214,-0.009036897227347594,0.0013962517716191736,0.01297816107274854,-0.014260372701813075,0.017022315794930538,-0.00023768794750462835,0.0010851951479097012,-0.004269551673971354,0.02819736707388148,0.0032592023359172446,0.006538906915917045,-0.10735276525334254,0.00361449618601425,-0.009305930700003488,-0.008469519376997334,0.011596154053600214,0.028150990350464165,0.02567082958219694,13591000000648
-0.061992643102630016,-0.01240881199821044,-0.013825680551316687,-0.00546985321054575,0.00357521094127426,-0.013848691209014843,0.0031683070550503414,-1.8288077350463435e-05,0.00018227289383456987,-0.004015506093370554,-0.0024297213989657885,-0.010907070482840007,-0.0161587827789939,-0.06682151306308479,-0.009449741676938411,-0.018109675856201976,-0.01713275917318036,-0.014886121023792036,-0.012644781392577019,0.005560829854565945,13591000000652
-0.06569593872440255,-0.01625265234307891,-0.04187744073806454,4.717696881952536e-05,-0.009909205671614612,0.0439927406035289,-0.013479204577764055,-0.0006267038747243908,-3.730363339568362e-05,-0.003966861569543905,-0.0062169204592169135,-0.0010625312825263912,-0.008414085506609284,-0.08082960341834532,0.00036305941742795857,-0.03734926043762246,0.04311392552247355,-0.013257015767756132,-0.009952842818557654,0.004166536855574082,13591000000660
-0.008188038128121333,0.009483410056073442,-0.023902331755719784,-0.002600906111794784,0.009598684406452061,-0.019031027681083224,0.00880139868921401,3.806020270653977e-05,0.00024294432487223261,-0.004387975169743055,0.02147036638079623,-0.023696129978872445,0.0026058813616311473,-0.11275339744000272,-0.004597825809698828,-0.032023407514624555,-0.014149564113380092,0.008540364372224071,0.025977202236166834,0.015113476350647418,13591000000662
0.013991348930810454,0.0015722917782756086,-0.010532144918367037,0.04863843183182268,-0.010202374277822935,0.02520939831515582,0.0033037537503365208,0.003220704409725267,0.0022922210039636915,-0.0015962616566694602,0.005065164625264376,-0.004592307764450897,-0.010097022172651625,0.34493041727706897,0.002437834693303489,-0.005481988798897358,-0.005012426689556318,0.027980178500880862,0.029091069346831165,-0.00014099106899341502,13591000000666
-0.0014037231160005095,0.02131783450451642,-0.038513140432348415,-0.0024189809741226157,0.008102865470456673,-0.016783442856464496,0.008452910256417248,0.00023459110044265493,0.00039912320972564167,-0.004407779470225373,0.015983993102304746,-0.017033027352290495,-0.0001917071138893943,-0.11279037842316106,0.006683480990111686,-0.024377970817215922,-0.015722372964856478,-0.0007823735393549933,0.0210058752602384,0.011885012345237962,13591000000668
0.05712544226738577,0.004012013437120427,0.03253478258503252,0.01095627431090859,-0.00937023982958339,0.06682281454548897,-0.005387547654948757,0.002711957040707799,0.0022549893527164873,-0.0019520053552885713,0.020565310025531584,0.06085002824280058,0.004595976316961749,0.29402482417442627,-0.0022624166793907986,0.017382741196079843,0.03679294886083327,-7.19134469942939e-05,0.018646448312469237,-0.0058098924909897876,13591000000672
0.11332877833746623,0.01688050136034096,0.059699550795513964,0.10846754637865837,0.03280075506612935,0.14823572645110872,0.0006797768059188002,-1.7484572786302513e-05,-5.860222222719698e-05,-0.0031462708930011622,0.02638592304258976,0.006652198491326788,0.019954541590144016,-0.06173965980199679,0.0143208108698628,-0.002064516392521424,0.0028206394460051775,0.015966737488864225,0.04610279242169474,0.03014088578627181,13591000000674
-0.03954372831397061,-0.0077972630146563,-0.010356797965184631,-0.006050160689814516,0.005838683796986957,-0.027759215596025448,0.001582071795645146,-0.0002466612871753795,0.00020495010502430796,-0.0044386965919904,-0.0024792203095172064,-0.033284123748286806,0.0056492726260113394,-0.05909701179551129,-0.00929033592627282,-0.035057808060272214,-0.01254531850443377,-0.004298026349745603,-0.004373385792290222,0.014286352018246294,13591000000683
0.06125739358263172,0.09694298742828904,0.028532089282220462,0.017577948306866653,0.004592851379278256,0.10687621798616076,0.0020549717387312876,5.445596902950595e-05,-0.0007043664763275775,-0.0034994146933476507,0.02592138651304398,0.018919598852506336,0.007447816867243136,-0.06691797525116183,0.012143036102892047,-0.012035822861985717,0.000978542087866265,0.005751669236307277,0.03706891875985576,0.019448325639262663,13591000000687
0.08730567135677622,-0.0010256447371745755,0.030947005534426798,0.004815437368445618,0.014080261602554729,-0.01600351440388079,0.017425474665497886,-0.00012744786093099058,0.0009594218045822133,-0.004426155090012091,0.03126772766266827,-0.003991809445473543,-0.0022953490696403273,-0.09731209030121935,0.003140202455840444,-0.021175913117666593,-0.011722281439349504,0.015891989990800492,0.04344143860575334,0.03577790561872055,13591000000693
0.05053683923942091,-0.01676854831168892,0.03800356361717939,0.058315978237316476,-0.00852651276971267,0.07723126956283367,-0.003653673493151843,4.797760105264485e-05,-0.0007092684293014135,0.08659963997510348,-0.0211397891733794,-0.027298697672869677,-0.014897196827861217,-0.07092966298638756,-0.01246015259151789,-0.024187279894358187,0.021832902111312516,-0.008671028038563166,0.018156488486840927,-0.01898491660560332,13591000000701
-0.017319526592113818,0.006782049163139436,-0.012489632961279756,-0.004286112125158635,0.006577869162950742,-0.022262040719062546,0.002193576281231579,-7.622383914661895e-05,0.00041486487030702917,-0.004394464584292911,0.004410836847297034,-0.02167228489717244,-0.006901235844353336,-0.05108568526878929,-0.005127239576640188,-0.02598359451504989,-0.00798717544382189,-0.009354858811721156,-0.012014488905620188,0.01073715285111874,13591000000705
0.038160711791570094,-0.00423307598689327,0.01857441999670776,0.0012137494927842685,-0.0032442160794925244,0.08582763158420453,-0.00322866506552815,-0.00017819180063911112,-0.0004494690344455359,-0.00408640101033425,-0.009509263771048857,-0.04238967010588479,-0.0064441688958723105,-0.09466623803120762,-0.005789704266406155,-0.02271493509735354,-0.008612545917319147,0.0066652733059476155,0.028722018937620934,0.022225910085492597,13591000000715
0.007541102529627107,0.00012411282519819315,-0.013305748218913175,0.09340187714716273,0.03137960266708402,0.1148347262049532,-0.008129084927175179,3.966657854385704e-05,-6.626180874555288e-05,-0.003235167340026144,0.021805419267228374,-0.004212104073120245,0.0025372958831160327,-0.034718262287146556,0.014146497025088071,-0.00444159481352628,0.012541125102964597,0.01776614593510794,0.02865715305770495,0.01455365350376055,13591000000727
0.005560373384126884,0.07563876526706378,0.022698477346833616,-0.005743076331801473,0.005266799145629886,-0.026203500084335675,0.0031325865314794756,-0.0001323918083793719,0.0003291758036510676,-0.00393265054383389,-0.002714644206194064,0.002069966733419043,-0.00410634626442971,-0.08830433492102464,0.0020529861940000904,-0.005390379775668375,-0.013047346018682644,-0.006191476598427835,-0.008591274148625065,0.01884828582392706,13591000000749
-0.0022295919560376028,-0.008297686549490495,-0.03382501744056512,0.06078536856703096,-0.026804575245384477,0.0762403393215647,-0.006085563237016746,-0.00025325874287488305,-0.0014953790004992513,-0.004074684385589671,-0.017949940759579713,-0.03960257169237535,-0.002175375480172525,-0.08562340118884448,-0.005476763577109908,-0.036327071921464726,-0.006511761846705911,-0.008160703666845034,0.0010161956563249307,0.011385089468013991,13591000000751
-0.036319925146120736,-0.008692018055104814,-0.02074969495253248,-0.005375657592834211,0.006006587858532421,-0.023218692019957146,0.0021025306933117652,0.00034172478251202475,0.0008883967558826599,-0.004249444493207694,-0.002704091382192596,-0.0264058400287294,-0.01174999122750581,0.01360697735063739,-0.0075366028070903085,-0.0392532616283738,-0.017225508562912686,-0.007680708250059564,-0.006963745962261436,0.015258332177410915,13591000000759
0.043245119258786206,0.046038035363509304,-0.05338816569909913,-0.006047131513823967,-0.017807245857753628,0.05765574985753613,-0.007230289898695451,1.742962199488597e-05,0.00010748723495156239,-0.004058576615090197,-0.00425823914866598,-0.023637170224639334,-0.005736020855869724,-0.053559354118178124,-0.028459653368990288,-0.019762286295797547,-0.009505583187185963,-0.004757429165401665,0.011620180091714139,0.012695679731966506,13591000000774
0.09734546661360105,0.016888371771041372,0.07148882431563158,0.016632618268722105,0.0253900801239256,0.11423417417352977,0.0115643204078451,-5.126965011970141e-05,-4.147960325109337e-06,-0.0036617616692811604,0.008123628008128958,-0.007289179338285202,0.005586912664439288,-0.05966240632383834,0.0057213890379664055,-0.00960152262503777,0.03695310318136415,0.009332302051899811,0.03606976744520201,0.00255234090533352,13591000000790
0.06282980048749702,0.01859668788125155,-0.03614226234353586,-0.001234185459620912,-0.014634695019725731,0.08303125887279511,0.0003710140666243014,-0.00032373436854637126,-0.00013657495256400438,-0.004183279641660086,0.023074599765503325,-0.019204709064113704,0.0009042597385949409,-0.09899683398193408,0.005851589218003096,-0.009552823641170643,0.014910008099584591,0.0017400841764342154,-0.0028671336056916587,0.01541089355497172,13591000000800
-0.010315225724889469,0.014562739448957467,0.006923337189410094,0.0018854740121447644,0.006518178778791073,-0.0023596380371310234,0.007738204358464936,0.0033342447074324088,0.003245740691164437,-0.0019270673916399353,0.020261043002748367,0.015375314836450467,0.015158578707124865,0.4301052735981118,0.0003957915790493149,0.0010748876023497992,0.013847673996518753,0.023067233282987494,0.024308816409191428,-0.002807477600674251,13591000000808
-0.04634384891297859,-0.008728496204647782,-0.030360790058770366,-0.004610938911905223,0.002539456829898598,-0.015262327581775346,0.0030429502180148015,3.619486948103887e-05,0.00012544318652907277,-0.004501135203479789,0.003757137932861425,-0.027696976479666895,-0.009504277837926962,-0.13171597337013294,-0.006433552065319993,-0.029949134750805025,-0.0013857724130393332,-0.009720611602955532,0.009424742573660392,0.0034009211847024837,13591000000816
0.042463622595502466,0.020040445749958908,0.0009573344235574414,0.02761960538905871,0.0006673715033330461,0.12000544551710667,0.0052308198108049755,4.786255442130174e-06,0.0003206122664269328,-0.003465134063479178,0.02977728694808594,0.015245892507241754,0.015450105807912042,-0.03209954670420704,0.02847168432036821,-0.002100488054641596,0.0047487687148472894,0.02399647403399525,0.04227703813491203,0.02587390211853383,13591000000822
-0.0303436414561436,-0.010628747780225847,-0.021359356208727157,-0.00536462312239001,0.0057916505677788515,-0.013276105267835786,0.0021734455685167163,0.00016482704076363914,0.00044236993637408495,-0.0037990944698496143,-0.004345060540206292,-0.01658702886854988,-0.02554877872662075,0.021403119438569554,-0.0028645500961647094,-0.03188576404531683,-0.020900061967362018,-0.017926721856488442,-0.009876406151911066,0.013232428296421931,13591000000824
0.04883623937336557,0.08393332530904231,0.05330941491296132,0.008579610603923805,-0.004076640106853936,0.06496503221573903,-0.00041417728705019975,0.0038937824503027536,0.0023025988421365327,-0.002690666733638053,0.031335211402313164,-0.01113606392078671,0.009175391223471918,0.10881789190414344,0.02071536737118337,0.0076578477617908255,-0.000513381942311693,0.0023035733461441786,0.014000909480571882,0.0247129832905321,13591000000826
-0.008726698970883589,0.011335136619692158,0.027168633695696862,0.0018942533512956606,0.006529600338791963,-0.01138817699319416,0.006028961213652113,2.780933946430186e-05,0.00020271747625925132,-0.003501017048080591,0.025736954681624225,0.005608085144167818,0.01374481139546605,-0.029280292911934184,0.01413879725734224,-0.0029652441659661203,0.01633154307127062,-0.003487514061890986,0.01672245846702388,0.014127114136866828,13591000000828
0.0856173611679811,-0.010726338346737821,0.05882689166560465,0.09385066178000916,0.05836451590305594,0.13374987615240172,0.004315200621553834,4.505412387998449e-05,-0.0010595932378045308,-0.003212537702082553,0.027900606146522712,0.023648634227326333,-0.0026542257312312067,-0.05160553428845627,-0.007202081704237391,-0.006439976096669217,0.013023978396335699,0.0014320808458593798,0.031781753992966975,0.026369381898163787,13591000000834
0.08651886230745831,0.010269644862103463,0.07203797680685688,0.10862529350832231,0.005955926410711474,0.12051654330519818,0.0020277523182115594,0.0032459968928148872,0.004259670754168184,0.07208592096407995,0.01328589350947738,0.028545600115336654,0.009951710190432554,-0.04313503897628006,0.00637010646652509,-0.004566524931486716,0.026323403147772362,-4.516109674711036e-05,0.02222714597910553,-0.004844060338665968,13591000000837
-0.08167827242330439,-0.04921982864225281,-0.07541483670843402,-0.0029723441743310505,-0.0072818228883409185,0.05266021217257067,-0.024888585227442105,-0.002640869107970726,-0.0009980378570404024,-0.004066875103828451,0.0065105683309760656,0.02755204508683125,0.006505131098433022,-0.07647582786948402,0.006845459485807727,0.011004195145384796,-0.0010517535007997553,-0.0004175315277791202,-0.013447858475430377,-0.011606187107853043,13591000000845
0.06435389710515566,0.013331952939198862,0.07489373091865575,0.012086111417958852,-0.008098043865395513,0.08653103035688889,-0.0060229091119575265,-0.0010491620233270297,-0.000560981537610079,-0.0032126217861534394,0.02621271841621641,0.07955953673930846,0.01989575070488119,-0.03544615648324915,0.021149978290871216,0.05138760092303342,0.01917008095481007,0.020400984167586563,0.02579764743846622,0.02910261926598154,13591000000849
0.0442319031194626,0.06861662875772621,-0.038667574079937365,-0.0010082644306720497,-0.003682024159889432,0.06231016775697193,-0.00704451178119206,-0.0015127052657110702,-0.0005563729385312101,-0.0034171791499072106,0.020806776034957338,0.052620608499220366,0.008928034710274507,-0.056303910619447346,0.017314240454596685,0.019857939900990707,0.013626016572099081,0.018419525305094133,0.01547017953571565,0.02389663753184971,13591000000857
0.03926280513691305,0.007051917160730826,0.0095680761043802,0.015077553086653182,0.02327835965268345,0.058460206611051016,-0.0013963319311078334,0.0013593642959105568,0.002022863609947446,-0.002296453608243109,0.014515421106067078,-0.0010004119196526389,-0.0010676981758754617,0.30006149609898547,0.008687935052998644,0.022568908655108987,0.019263203665866386,0.021183499796137824,0.01498715539686032,0.009501332082519376,13591000000859
0.1202088121314674,0.014821186726275063,0.051366056424578144,0.012040644454400047,0.024734719699072007,0.002493658400539515,0.021207057752734508,-0.0005360456172454716,-2.020536359008439e-05,-0.0026790794055923197,0.029890742126659327,0.10035113556139748,0.020224070180687587,-0.02149676478314971,0.04541013898992571,0.06110077327897154,0.04045367860347007,0.03739540068383867,0.042978549630783146,0.036402310112065274,13591000000861
0.0974352128150021,0.012728264196328332,0.062048146744444296,0.010870224178476188,0.02259078676039454,-0.00031387865662276546,0.019153756680845048,-0.0007756282294247035,-6.849883564429551e-05,-0.002930756533248472,0.030959054621962495,0.10082800454023827,0.024414241828988225,-0.011457093053935765,0.04283535817048538,0.058226873708163894,0.0418923817009093,0.040185027582530244,0.04366811657873318,0.033745027594092265,13591000000865
0.1112964211147247,0.02869376015190005,0.006103412479077465,0.0780781333650911,0.00908006720904632,0.09993015889673865,0.007477040480663051,-0.0003207014150142503,-0.0008442685578215196,-0.0036935031639306116,0.020655103088918568,-0.02054192176153422,0.005756426003678336,-0.056490574517216896,0.0034441692078085776,-0.016607970479211615,0.013392042163264608,0.004697467946343944,0.004173910177735298,0.03352431520195876,13591000000871
-0.10495911003868724,-0.02910966050893367,-0.04835277055411501,0.0073638654476511686,0.015258670000327518,-0.007270134053543932,0.009956366124071574,-0.001138092570944847,-3.5866055871520665e-05,-0.003956059551984506,0.00882984523240446,0.0538822621217806,0.008480254490657422,-0.06914446150994788,0.015271634918919088,0.011483740603669555,0.00551394662416782,0.01897568365116574,0.002094984012413093,0.008308583409291248,13591000000877
0.0979596249186302,0.016157906135972247,0.050874542720168274,0.011691840394471475,0.027531867834152925,0.0011145744807803694,0.02191124178248144,-0.0005615649208504524,6.464028614488584e-06,-0.0028067101376181344,0.028145807270815792,0.10467931443091996,0.022288277691156797,-0.02166159599142844,0.04356661673464652,0.06052473412154356,0.04558889596592017,0.03787671361069814,0.042996515451303695,0.04165560141592157,13591000000881
0.03630875242495693,0.008489075583055419,0.008976193261600873,0.002969702101404202,0.007858510834492603,-0.0017515216129424375,0.0026169851911304947,0.003221031490173783,0.00308063872783285,-0.0020362000899134224,0.02025779604357212,0.0019561942587253208,0.01713768769696319,0.4356457053962721,0.0005696797545255266,0.021520765331217852,-0.004860603498037042,0.0376199362269279,0.03574223408732242,0.0001876913002329212,13591000000889
0.037074468523536214,0.000459833130983991,-0.0002460329520326461,0.0008535352438596284,0.005860561283124407,-0.006675511695644145,0.002977605562342026,0.003763304547763345,0.003001277267260549,-0.0015673911993082485,0.024443238286655775,0.006563580359966318,0.013052725852623936,0.4535958059369709,0.0024393985948801293,0.02050692674739519,0.009290225353835571,0.03377459969552485,0.0300465508822521,0.0013506909321355242,13591000000893
0.026037236271634276,0.028908128753553617,0.027699144990833986,0.00595931048465727,0.008591758699859618,0.00044946980905040726,0.003328021414251169,0.00348601479475309,0.0029989124689659115,-0.0014548932239605167,0.022313943679197912,-0.003725213008446064,0.021585832959609336,0.3993964828312194,0.005121715383022951,0.01929571373952544,0.0038075270733078626,0.03291152892870194,0.03743905096076176,0.0016061815341029684,13591000000899
-0.021551315085238398,-0.015643317084695005,-0.016228278375270234,0.01125714499152516,-0.023865292023276943,0.07182012560132513,0.0004226977695019686,0.0002072972703695289,-0.0007941426070933909,-0.004234180979852413,0.00030393803383799335,-0.029806766245268894,-0.007990329153716518,-0.05709873045480096,-0.009316481000362954,-0.01901222068508531,-0.009451172441258357,0.014134604984818997,0.004353783889858714,-0.015441974051193257,13591000000901
-0.021259421145726886,-0.01971336528218,-0.01971974976947162,-0.007663530455096665,-0.0006853614036604317,-0.02264811367054022,0.003109137484125868,-0.00026654276323608846,0.0003083188897782696,-0.005144511244706671,0.011932802964697281,-0.018167358169020653,0.002909301115131282,-0.1294702799247153,-0.004211342177772786,-0.01621470378218836,-0.004718279335778054,0.012023302317219011,0.007121163804293986,-0.014714894566844331,13591000000921
0.05546282389123774,0.0011684459772583636,-0.0031550364794480537,0.003643496633555735,0.006163602827041339,-0.004072348682468588,0.002869576804262803,0.003942263468045042,0.0032978128836514916,-0.0016222407861913926,0.026494787290090818,-0.0015683493529829947,0.016704770977882172,0.45358830960971036,-0.0027343727765045387,0.007297215140922887,-0.00043532649392302036,0.030866218736622538,0.03310626109240248,-0.0011743229183186858,13591000000935
-0.04375253260563462,-0.029955837151360225,-0.03173257812325767,-0.0041281048312522516,-0.002315259344241757,-0.024101653519148915,0.003408458777679457,0.0026565170285975655,0.002006939906590779,-0.0037933136218682518,0.014858390619935605,-0.026982131530361338,0.002584455273915281,0.1982233765431765,-0.019900873571841015,-0.03266176603495079,-0.00858347669964261,0.005331916642162386,0.009662745483604835,-0.00991627677966894,13591000000951
-0.06017824497087396,-0.026496168393404324,-0.03307176166201565,-0.00281532877411263,-0.0025563632717239162,-0.019227910863658885,0.0033831342553731873,0.0012850085616424225,0.0013807924590920678,-0.00423210162966796,-0.0004901123477348078,-0.023786318063341808,-8.54034602490972e-05,0.07088114634375316,-0.011290729780850604,-0.01867092395955891,-0.017092845024996837,0.010355102738448823,0.0019431110983714392,-0.015195234047746194,13591000000953
0.07409189230905665,0.0031938666839640526,0.0012332049205361006,0.0055332519846375446,-0.011470950760929726,0.08476782336157065,-7.279817788569015e-05,-0.00012684234958588964,-0.0003120263319962933,-0.004192603846942434,0.01761664746137212,-0.02027450548455882,0.008631259089589635,-0.013971800744511412,0.0005382844201806064,-0.030406763188062545,0.005201327810850069,0.025004095851607473,0.012040400490005545,-0.014220275906677543,13591000000959
-0.027544432244778993,-0.01058913167650075,-0.026838471318808475,-0.004500064631779325,-0.00025791608577168784,-0.02065973888734716,0.0038971239230483836,5.881882377144765e-05,0.00011555421713615739,-0.005024254517194918,0.0075841906958125605,-0.026241306604264946,0.008205545340876764,-0.10810206506898512,-0.007315132972906261,-0.017539515378761167,-0.012452448694202038,0.013124523313214089,0.009833739900573363,-0.012688817601241152,13591000000961
-0.015017362684104774,0.012570668388975732,-0.02960046398528691,-0.0025660062555394104,-0.01130880644688345,0.03624182719929432,-0.002797722208450136,6.261495985353306e-05,7.796440317592669e-05,-0.004220881660046984,-0.004939671150406008,-0.014238088910885943,-0.0011736846344051345,-0.10439584945910507,-0.01945590810942757,-0.026732253821618424,0.008174819702324202,0.01750823319921658,0.012465500439312929,-0.014601441373773569,13591000000977
0.004298568087581414,0.011379225557171293,-0.04337797966204118,0.1028121420435971,-0.010672827742106277,0.07464769564335838,0.006222117369422508,-5.407469657666842e-05,9.241052814383683e-05,-0.0036702029415803038,0.010942211047522524,-0.0032449793790626973,0.023121691164434195,-0.09130869793471237,-0.0074551210281216754,-0.013030849713275694,0.03614432066556206,0.010547109225616295,0.00580186395847221,-0.00837526158531174,13591000000981
0.043563348299639815,0.00480938920091559,0.00011251701794580282,0.0033800814644321117,0.00731952432724919,-0.0028917032372773595,0.002732528631962833,0.003860648743828715,0.00333297816160267,-0.0015717610511875929,0.021285082952925832,0.0033200254701587955,0.01596385318668932,0.45501148576955014,-0.0009634773796862132,0.008082633055443255,-0.002719654021560388,0.032762201480768645,0.03314092741791842,-0.0010203749818068165,13591000000987
0.021225860290348324,-0.011194586007715598,-0.023314422793198713,-0.005374980249509905,0.0002698852021133328,-0.022985064902117942,0.0050843396322922275,-7.832683372254869e-05,0.00012046323572964665,-0.00542933110492361,-0.003570691822580156,-0.03173876201780435,-0.0007914884918529941,-0.12593603008950643,-0.012239780327211933,-0.02669792710182363,-0.01679161534580306,0.012980207296865198,0.005922685395746575,-0.01949463857999198,13591000000989
-0.03424895101393544,0.029852185300866113,0.018835234473643978,-0.0011420921859954575,0.00313369993115203,-0.0094715103291452,0.004044397135615645,0.00014431452530021981,0.000565092766270937,-0.0050036040802388234,0.007704246374635876,-0.005692431574542938,-0.0012513879278578878,-0.12152677055446652,-0.009908123227249571,-0.008175677371306094,-0.011539312662414073,0.018648160578337798,0.02132939070546197,-0.004851916689279379,13591000001003
0.03580103205120338,0.0019863404779253656,-0.0035373067535941884,0.0026571398686086566,0.006648983278167569,-0.004380075795904989,0.0029572747116092153,0.003913896470156628,0.003375141220432964,-0.0015316901029925939,0.01803910060030404,0.007808042616768601,0.017461086171656853,0.4622860037782484,-0.004037453014616317,0.019040091583489908,0.003152635631886457,0.03281684432734003,0.03561120324821885,-0.0009790884909747389,13591000001021
-0.02018266572875776,0.015648593828223385,0.00570589963252167,-0.0024218984239068823,0.00467645156259621,-0.010674307420934049,0.0016342545970302596,0.0004587005357670065,0.0006564353362267832,-0.0032217542669503913,0.0049635490275507154,-0.007722719343307758,-0.006319541832633876,-0.05538163175657982,-0.012222418981365543,0.011099920343463915,-0.010842844080194721,0.042793318057019705,0.029109988810830302,-0.011072889923426884,13591000001037
0.0103059113107402,0.0017448549005869582,0.0006055200984928744,-8.23155970445132e-05,0.0061449853987776346,-0.005793664661185349,0.0025997109429354254,0.0036176281839647288,0.002936386784267905,-0.0017161633239318505,0.017033311147997457,-0.016117731357760064,-0.010631756758526805,0.40232844364582054,-0.004802292503537195,-0.04783075047767147,-0.010572860010548527,0.02956381853994623,0.028492436691315633,0.0004303955899608932,13591000001043
0.03265568925269669,0.04605810416789335,0.045246031368247716,0.004921826723626859,0.008208446787813054,-0.00019561653167201776,0.002741627280424652,0.003556864000353195,0.002538615989614121,-0.0014234959179383153,0.02354964364231711,0.007599360001876458,0.019585993703949423,0.3718965589358266,0.0033746490097025005,0.013320489356823347,-0.0013702033589256726,0.038472329278364574,0.03690536882567654,0.00033580825015359033,13591000001075
0.018629209326419757,0.08191410932193469,0.042206339394175584,0.011360658840802325,0.0061578141328260064,0.08616894188325813,0.0001732608247409406,6.993289721033713e-05,5.4948180923759125e-05,-0.003228032774717731,0.023523698554665285,-0.0004469990696206456,0.014074486518331377,-0.11068394485959886,0.025095025882468078,0.05145326294523724,0.032945479227343026,0.029028144306249865,0.02510423596390175,-0.0026304172376644106,13591000001109
-0.018566318433281385,-0.012236704342544173,-0.02056953365972388,-0.006922952456739232,0.0023834866623403893,-0.013641193458738344,0.001112592543388903,0.00020873064864283372,0.0006246619373334145,-0.003866484703909561,0.011830885391997873,-0.01163122158126805,0.0027836732159288702,-0.18585002492021824,-0.0049274962738314115,0.009327138589539336,-0.0015607233769319151,0.02351478239245481,0.01672986186454574,-0.008427349973917263,13591000001115
0.0230131988220249,0.025324394109607865,0.021289575482781303,-0.0023219769933299638,0.011028378581809793,-0.008220212359864018,0.0023594630494214682,0.00010665681365299503,0.0002189485075274695,-0.0026940368517304404,0.02236598029528366,0.019664297213019283,0.030382260511347306,-0.1217373122985421,0.025557739693993463,0.028407596380834132,0.04392711420560624,0.008535152166611935,0.009937318658054676,0.027611332556490363,13591000001143
0.04317030685816571,0.03345521947812082,-0.0650864962804483,0.010579325481841768,-0.00911483598058365,0.0899261874232104,-0.009519772450595107,-0.00021184214453629128,-0.0005220383382064297,-0.004110944023298303,-0.0005695149521049622,-0.0011281470114906632,-0.00442478068467057,-0.10733893531183401,-0.012241791020967932,-0.0008775380808557045,-0.002333597127731139,-0.007220228712561911,0.015301058540994809,0.009905185263104932,13591000001151
0.022150282655542988,0.009531648621289263,0.008694402734866196,0.003439815363283419,0.006637884951660104,-0.0015188405790596208,0.0019592880229857713,0.0036106059989124695,0.002250367451995028,-0.0014282655291330216,0.010620866463480542,0.021514049129859148,0.003770617702226856,0.4167281685763314,0.00883734205523935,0.01958425640382903,0.01203228399208804,0.03317962607893358,0.030553579612421642,0.011107888837848079,13591000001155
-0.1261762901788106,0.08517993435901233,0.034127110516469106,0.0018457148892210267,0.010122828096323134,-0.014592553811490255,0.0071155870317437765,-0.0009886947414505288,0.00019138904878843047,-0.0035092736248709816,0.01058911207783349,0.044702732024335806,0.0031237348644381382,-0.067256149426417,0.01723959455845296,0.008283809420049457,0.011278551258116375,0.020195239488943105,0.007422005165757563,0.009349473717857973,13591000001161
0.07274549468229029,-0.008796816561180046,0.046889393561314704,-0.0038620200348749812,0.0056151704691154965,-0.013003710470306124,0.006549328563903909,-3.775724449823926e-05,0.0010307683874059476,-0.004227664239986286,0.04050445190824481,0.014070541778154129,0.016868076161817826,-0.07021741663889274,0.02503256250626689,0.0011006575725977092,0.017338297853918067,0.02368339646382733,0.013480798894299489,-0.0049243517354845895,13591000001164
0.031203366148613316,-0.02944786756603585,0.00206458370087297,-0.008489687945214425,0.00015293295637629762,-0.02434043802595238,0.0049541133694973784,-0.00018621842389842885,0.0003794101113232394,-0.00542718412105329,-0.0017186041000939749,-0.023998564309249504,-0.0011386423903135788,-0.11974360798601551,-0.006332214371828382,-0.027718333026684364,-0.013106935279331254,0.00738369827732321,0.005222494087834134,-0.019231642645602627,13591000001171
0.07261246024494729,0.00014411678408513204,0.007774102790276302,0.0011501547222616646,0.004752057014526476,-0.011867157784192492,0.006321573465784311,0.001977703881252139,0.0024955195404593477,-0.0011809115139456798,0.024777584471878306,0.018706998662740004,0.008596546617437128,0.34988866262344376,0.011713314110907437,0.008370392809099531,0.009038353463299524,0.017969060879449706,0.02036263932282325,-0.0021386200885433974,13591000001173
0.04405110286836276,-0.01103588817392166,-0.02122704055726922,-0.006818341699837551,-0.0016208980947251522,-0.02183791458413326,0.004066341593083103,-0.0005924584062223112,3.115861548209308e-05,-0.005471736490795111,-0.003357373924342984,-0.031297757621677594,0.001681469245893341,-0.12505668927979716,-0.01307718658446184,-0.04768068692399076,-0.009779526035208784,0.011726129768723106,0.00563385565948145,-0.012386430271323405,13591000001175
0.058547223318613326,0.010297869341636134,0.004118674261783882,0.0023132084883654602,0.007826697733044745,-0.002183092612593258,0.0029974948096310678,0.0034604750343718584,0.0030299688928414462,-0.0015052789393543765,0.020797074834259816,0.008260745425245315,0.022138124006599248,0.4002229552865892,-0.0017364551672963459,0.006286247861220591,-0.0002869085673919175,0.0339283563726751,0.03290061517956472,-0.0010465981931501841,13591000001179
0.02925154120345862,0.04433461645467093,0.04114014589319543,0.003497424130743563,0.007538367698585289,-0.0023620837997105635,0.0025272134628621296,0.0028486420297270006,0.0021069982112950554,-0.0018237324819068174,0.02320514461588092,0.014263699331659352,0.017518657472211818,0.38969121161333964,0.004053677183644027,0.022100858485796453,-0.0065106836719142636,0.03978278073992148,0.03601255415503197,-0.0011989419616688223,13591000001189
0.017368351094212933,-0.0018030284668134969,-0.024763504848994953,-0.00597534901136374,0.00011713455289813669,-0.019946598287142934,0.0061975984255735654,-0.0001243547619252702,0.00014626264112266118,-0.00541163042115048,0.013446260472611311,-0.021258122524514703,0.004371914473446958,-0.12025765575221063,0.006970549429365108,-0.030090377420576228,-0.006638018913356303,0.016020322646959337,0.009045163981434224,-0.013638291744218035,13591000001205
0.043419818366744196,-0.007218155294036434,0.010685672714060863,-0.0005540971154889044,-0.0006158607215790933,-0.015484982203002907,0.00580896210733852,0.0006770400051746639,0.0020625187245009147,-0.003948698387106897,0.032883534952796487,0.0005842620138335248,0.0020698529948754416,0.11600930380715757,0.022580012148035237,0.0012389332409286247,0.010646389111799187,0.014579740941378266,0.020809662308139486,0.0018710408531666155,13591000001213
-0.033281499006610836,-0.02397564054834776,-0.012724546063338216,-0.005882764615993099,6.0847981493150455e-05,-0.02107027492475915,0.0035340849046578155,-4.929436721910134e-05,0.0009346273838888457,-0.005069130593294269,0.0029692693026193533,-0.003995091177700657,0.013869790469515059,-0.10112930098691679,-0.008206926179606892,-0.01948134446565096,-0.005108017199594041,0.015480833735838086,0.013336178732273676,-0.011204594704508785,13591000001229
0.016836257497761044,0.004841287883563925,0.0082302477549548,0.005397545976643578,0.011048757790798832,-0.000910439125902695,0.0031357948055889206,0.0027020124289292586,0.003107597022650206,-0.002229662699209002,0.0068088070990396515,0.004666745407493456,0.010671083288726147,0.4563113573944092,-0.0009470098878526353,0.003984496432657523,0.003798500744762465,-0.014674236333170172,-0.0024000868325193842,0.014932367450832915,13591000001231
0.04779460201731435,0.13788136745416618,0.16687300568735636,0.006676701204144103,-0.009990759151927002,0.04110912654844915,-0.002051516223320682,-9.679191199359391e-05,0.0001189091102475927,-0.0029130905627415037,0.011876346234622756,-0.001084984732161391,0.011034483581261878,-0.10786786615776098,0.007961369970492176,0.005610892727191954,-0.0030346029869477106,0.02702093573054505,0.011988383241001802,-0.0071030241877203465,13591000001233
-0.017422501757169164,-0.0006750175473079936,-0.003781866102821555,0.10185363697159484,0.02803440751920874,0.06547729003294318,0.01847676168952288,-0.0003416464612316793,-7.028447927357109e-05,-0.003223487719989495,0.005371371579214305,-0.011561787339889587,0.002714446460525907,-0.09581018020745387,-0.0013600090518696513,-0.003934827505639431,-0.00015620289984455825,0.02980960772463005,0.01859686313079883,-0.001443086443728158,13591000001245
-0.01873142203098867,0.007146432639592656,-0.005140338834868937,-0.003140513212565132,0.005037127066887997,-0.014899569607998937,0.002031709718782142,0.00029718275196398864,0.00018546012523285217,-0.0034152829059883876,-0.002539258762763511,-0.002213858558127934,-0.00046797549359063953,-0.10775658538393314,0.006590221336817643,0.011389842080754328,0.01212525794335583,0.021554523906978033,0.015445862205841297,0.0034475297496955786,13591000001277
0.04326379952364857,-0.0034263508771135587,-0.014000212910259024,-0.004210990120284389,-0.00048068808365461335,-0.018155201236956853,0.004711462004078784,-7.276416804314961e-05,0.0002879495088631977,-0.00550803363432251,0.008038525755263768,-0.02111584229643552,-0.0038867840415759036,-0.14105663387611755,-0.01124948545012068,-0.02217885379023946,-0.008215441584626799,0.008803000681099597,0.0027766510074827,-0.025626672350991368,13591000001279
0.07700524959719443,-0.01673113640621917,-0.003232104726354319,-0.005285788184939599,-0.0001964946297742261,-0.02216037215855162,0.0053389849116691705,-0.00034846309905110404,0.00022667428070816394,-0.005403374130799178,0.004649143352867378,0.0014715552680999765,-0.0037471990730009877,-0.0986310563807381,-0.0062307255083203835,-0.017489083389091466,-0.011662378942387855,0.018977168109811034,0.016575151743951702,-0.009661831400316649,13591000001283
-0.03251478371621523,-0.0032640057034433803,-0.022518770239157018,-0.002769710682457223,0.0002688020009672141,-0.013094514342733229,0.0036614257870823306,4.802765866921321e-05,0.0003298756468901713,-0.00517761947341362,0.0068689895158866665,-0.019275744265391408,-0.009364478584185392,-0.12175074921529226,-0.011684520875828528,-0.018925822668288208,0.002080482350617434,0.015584584360422942,0.014683105019010245,-0.017286032372710484,13591000001293
0.08039380503767475,0.0041526695383072906,0.011947917983740073,-0.004981010071883523,0.0012227318167752372,-0.02310908874817419,0.004345178601569655,-0.0008526583979774439,-0.0002379230904494617,-0.004649974629482011,0.013414490972001916,0.05376509631812681,0.015529535189178535,-0.08029700540517969,-0.0019519561902264495,0.03410105695993324,0.014828843315941684,0.024747740945297702,0.0221892252880625,-0.004559882617203504,13591000001305
0.0900692152214442,-0.0078213640266215,0.0075869005762111445,-0.002919834837377316,0.003117093378169414,-0.018647277828211045,0.005068468909571773,-0.00024719810343678807,0.0003748112023352001,-0.005108764187985252,0.020601087545070944,-0.024744626379488474,0.008212738305799373,-0.0819292091151587,-0.004887819200043722,-0.011941755387770236,-0.013173378269464379,0.021674300892563562,0.010807570937049522,-0.011471178856496829,13591000001307
-0.002335435852917443,0.030938757348225848,0.03661807747183946,0.003434162462860616,0.004526867903150136,-0.004643308636065153,0.007519165845526288,0.0010778282926389585,0.0028677521774102543,-0.003347069672915015,0.024546812216826062,0.02715292876416378,0.00836302321346858,0.12026447508086736,0.005449168484016645,0.002655536049567668,0.023163929025450593,0.033397964120056294,0.026175325261760075,-0.006892237818770504,13591000001349
0.11792989584563886,-0.003646676527899318,0.06097646118117833,0.09429079804112127,0.03548493969119214,0.10447086806809905,-0.0018003414517594135,0.002607481605793106,0.006104303991921897,0.07448448714436702,0.008308427294641525,-0.02780308139952214,-0.000583184518206822,-0.05140187600088433,0.004263669907497863,0.021146888076316147,0.0029568612957777563,0.0009589006557323982,-0.00492875315794556,0.01618579880154085,13591000001355
0.042377016005964586,0.0006890305338736528,0.01688934823288884,0.053647993794524305,0.004289083912781136,0.06417918341432875,-0.004283051881491696,0.0032379407771376796,0.0022675222896186486,-0.0021042775561456012,0.020936245760241026,-0.013359238397955355,0.005358452051597968,0.29573218259165773,0.010637863895394381,-0.021126613724548368,0.0019449500754704122,0.026857323210870684,0.01989330397683313,-0.00048299359304435476,13591000001380
0.05406682428886437,0.13124579264002267,0.1659896633095058,0.0051759762718827425,0.009605842110560493,-0.001115650203949539,0.0046225153179486845,0.0010346486295521992,0.0014209688388917277,-0.0022809812655755876,0.022618701086185737,-0.0004261400375175141,0.008274046344859122,0.0852800079645451,0.006031298263386315,0.012839679926609364,0.01132038057317242,0.030125488332762903,0.027234490185524488,-0.007641017365962779,13591000001386
-0.01983795648596883,0.005147179627322085,-0.005328117132743661,0.0065568698683378095,-0.01095020880915591,0.08185033932039106,-0.002359393859826062,-0.0005562225695085166,-0.0007522752294864557,-0.004241964145070564,0.015172170585502603,-0.022830406930162476,-0.0029545467552500575,-0.10066573047799277,-0.00336619257940512,-0.027967971062933153,-0.0031532436048981004,0.013902131985653985,0.01271702973815876,-0.010181178493919227,13591000001400
0.02897098274129695,0.021660551558706376,0.04641789801801742,0.003630579934743073,0.007204098513597218,-0.003562633001740817,0.004910783356649422,0.0013955224633513045,0.0016394907460379185,-0.0026086158616149308,0.03441966454416664,0.015009820638926055,0.025315426930131578,0.1094226286570054,0.01349584991904028,0.031044081556222528,0.018774369976460228,0.04727823760365857,0.04099268290162392,-0.001853547639146831,13591000001402
0.05204224842775403,0.021271299427913764,-0.002887348153731184,0.014366213854096012,0.023054065820926846,0.07675497692951609,0.001561099268848273,2.8586013441548242e-05,0.0011005874166010179,-0.003719452426824079,0.011791896597038661,-0.007284981309896791,0.007909768182408038,0.07322663284825835,0.023310096247540345,-0.0158284464951809,0.0006798519268353294,0.032607960691919194,0.025300343640749335,-0.005989847823930253,13591000001438
-0.012248473084540577,0.01031845352101439,-0.006050556021510059,0.0007253983322546986,0.0029987595044347016,-0.010604523936425638,0.007508344370085868,0.0005038816000428204,0.002007704730848875,-0.0034256640051155626,0.005074097606851507,0.01656426333120502,-0.002956902940018683,0.11269192107612121,0.026388542808031306,0.03063965934543423,0.02408169007185002,0.015497618480463245,0.018296803798512284,-0.00013775832918619103,13591000001440
0.1103740964399068,0.004535529517323172,0.006906151245060989,-0.0010864018824302405,0.003934072734613551,-0.01487161573281978,0.006209406128485255,-5.5503956883073395e-05,0.00048489688733267496,-0.004509211643527155,0.026317634000789597,-0.0025216422493396064,0.0036840070478379376,-0.02336789612487891,0.009030241764442207,0.009074863801029922,0.012144079371907967,0.02949388492704969,0.026254787723366778,0.004889754651775856,13591000001458
0.02680246864805563,-0.02594709332655811,-0.034213814625917154,-0.004975857086748566,0.0036500061386932877,-0.01190586151415438,0.0008602993575252372,0.0015723378235369691,0.0008294240377158788,0.06659156478696415,-0.040480247183953856,-0.017987437645211383,-0.003048990252865781,0.32782489652313646,0.003466654691813033,0.014773124149761533,-0.007483785177763452,0.01504911025651449,0.019822626985533085,-0.013610224708142191,13591000001468
-0.026815821936424435,-0.024614783248884692,-0.014669558730324593,-0.007493431743525168,-0.001476081230967271,-0.02148447077211846,0.0033766094918853276,-0.0002979537516589347,0.00034748453133027585,-0.005583480533438955,0.0012480999562747821,-0.01688787387080121,-0.005969391078168465,-0.1112957620495917,-0.01226852694367487,-0.01803264672354362,-0.003790742804635073,0.011801984335901239,0.002705080934196618,-0.013794032420749907,13591000001470
0.1025597825554924,0.007627820691237651,0.05528286084790344,0.0895726428378068,0.004875563905980662,0.12551279675993832,0.001481765951467848,0.0003783453568360237,3.636231519743443e-05,0.09263629510320204,0.02248688547514746,0.0001877441035252327,0.0022312363934346635,-0.06099517349102384,0.006806831824516194,0.027427498792761858,-0.0008716950167901151,0.01562512306241185,0.04273739747543233,0.03102483121917018,13591000001472
0.03794641161154189,0.016641266873074226,0.00039448092723097874,0.00232760041193018,0.004885047781094418,-0.00404042669050698,0.005519740615970234,0.0014129998250949273,0.0029417044207660213,0.07321025058549391,0.0057750903595329235,-0.0015029276794242426,0.0011676745754082487,0.3502944449206708,-0.001819472811461881,0.0187661297721154,0.015167819980448489,0.021504196724907446,0.03431140911672925,0.022442170813729755,13591000001480
-0.018455010254213228,0.014786255720494874,0.0019354823981509641,0.0010796960456018858,-0.0025720007205397412,0.05327868492167548,-0.004864153561766894,9.197221662627209e-05,0.0002032393665135215,-0.0039050929283283215,0.011016815892233564,-0.00819144243247685,0.004670267676266731,-0.110953771069623,0.007987988514456298,-0.01909613021278881,-0.0034871273281106285,0.016654585370601774,0.024049112196018574,-0.009354455647144084,13591000001486
0.01865526120707764,0.0034567574487326036,0.006579650342017881,0.0976222819227016,0.04613251346001032,0.1052131233296761,0.007469835128267277,-4.325332361497009e-06,-0.000571805107060387,-0.003699899641528778,0.023549819778316366,-0.005934958472101041,0.004454162681592863,-0.05147705032422109,0.014911516444179982,-0.0008217392055858251,0.01870074652466001,0.02947023220891671,0.017776172871080034,-0.01165896640230959,13591000001518
-0.023176794356181984,0.03167192262124736,0.001191206990974716,0.04850944251025745,-0.012978350054231537,0.037058717503477785,-0.0061230978090462285,-0.0002871437801925439,-0.0003261445362259307,-0.003161597925655631,-0.001440299541149805,-0.015225956752983626,-0.01033453729491409,-0.13939247497002322,-0.003755897557806214,-0.03235787671581582,-0.001571620675710128,0.021800770676059344,0.022368984934058374,-0.005546718054870661,13591000001532
0.038033233473677444,0.009357380903705319,0.015903338886650808,0.005097832430433908,0.007982158090103504,-0.0018695678642779382,0.0031074825294454267,0.003576045560181857,0.002935415808938168,-0.001991805550409553,0.023725918407241607,0.003096550231689017,0.01650519613463283,0.4376032516613803,-0.0006178747196865654,0.008001256735895822,-0.004311848446906475,0.03832632860706662,0.03622809653175362,0.0019647222408545966,13591000001534
-0.04542814319926375,-0.006905593288766585,-0.009764001451670131,0.0138240744815984,0.0035269185506094157,0.06230224152639913,-0.003729966942462503,-0.0004967499954915771,-0.00038113982830274487,-0.0034409473562930053,-0.0025275132044944703,-0.022999422285631052,-0.00423851410625029,-0.11985130797765262,-0.0053242471810103584,-0.0450857803197962,-0.00805351725199381,0.01904395743217653,0.013145809579834232,-0.008312669589319059,13591000001536
0.04774225604495176,0.02054290673670144,0.008142425791029622,0.004245011258047534,0.007117555332708415,-0.0011998640508928224,0.0026897073987504853,0.0036356872791871208,0.002853032135917247,-0.002155356738222987,0.034914960989563606,0.013363308630675742,0.018184107798790487,0.2632937432363772,0.000863767712041401,0.012393220623037915,0.003457207182727696,0.026704926150543533,0.03322978425076708,0.0021228191277628686,13591000001544
0.042206096268474706,0.0038661199501197614,0.0017871297033484484,0.006590638345682982,-0.011915313705270124,0.023661491959068796,-0.0017343588371149612,0.0028885340493426583,0.0019679806464165147,-0.0019736683683272524,0.011820771614008236,-0.0071347545616373895,0.00427606864665928,0.4142146266281274,-0.0004023841860696765,0.0033569668427275543,-0.004648844152939977,0.032823446506630514,0.03237358021402948,-0.003609111149002113,13591000001560
0.031378704320255975,-0.049349872424306995,-0.019620506577194614,-0.0008873547987390109,0.009908957795866867,-0.009128192341978831,0.0026414286316953656,0.0019503309824580302,0.003264758810759838,-0.0010928260328727764,0.02285543244717046,-0.0038188667981622136,0.013016140097659532,0.4020795188545958,-0.0033359297467470414,0.02109028742169015,-0.0020238248292543766,0.004973860509625001,0.01575539092757404,0.01926509796117264,13591000001572
-0.03233834938222651,-0.001947033146381444,-0.025762737755863338,0.08077574728788636,0.004907311121600664,0.06262126319648997,0.032331894132801985,0.0012783404847901238,8.870042858296273e-05,0.10664954287872395,-0.0014046843139474978,-0.009338509054642084,0.0053886428212421445,-0.033531957936083365,0.009537073911008925,0.007245335325315574,0.0034059099900868254,-0.0010043048186251528,0.01414626212197522,0.009885992680436965,13591000001576
0.1784590118243386,0.004218883904664013,0.036609308215532585,0.00034635727758507254,0.011776852641965532,-0.010585632575375986,0.007833840829092336,0.000284309631303344,0.0004603743874133159,0.11806334392941391,0.01922202263736348,0.0018641054144869092,0.013411624966269901,-0.011495389860481476,0.009875375424212579,0.026095414975143196,0.00485247710966513,0.011262350177030145,0.009640266803941916,0.0296720819421478,13591000001580
0.049903843177793866,-0.005167772091904657,-0.04249276918000291,0.012634012846718687,-0.019357974907541924,0.09586286970229738,2.6928892416154487e-05,-0.00021556586466244085,-0.0005432567005504256,-0.004101163658994512,0.0019023640972347753,-0.019638385855724808,0.0015455462654380525,-0.09371152494353048,0.025989803155704528,0.01635218031840525,0.0022980986843992098,0.000620783328873964,0.0006359125517922567,0.021145455209955505,13591000001592
0.03854918054421802,-0.0010255542779852985,0.001055321153941667,0.011837771591632724,-0.00365701972436999,0.04244070233337523,-0.004837204020451997,0.0030145903701423037,0.0014477557832305163,-0.0017335808586397934,0.017329397592178133,0.0014931637828533586,0.007025910924336511,0.38133424398725646,0.0017745447863878646,-0.00833553850341417,-0.0015857855383300148,0.030264378194484038,0.030713339151388488,-0.00534974872763289,13591000001618
-0.02010627856411058,-0.023962173587418617,-0.02027837888662962,-0.005080604403706082,0.0005042050326565725,-0.02321170395807937,0.0035632998624682962,-3.9640844292137986e-05,0.0002544433121208402,-0.005236843165741462,0.006361814787832874,-0.016118542511009176,0.007432167495993569,-0.06961671460265435,-0.006142772602770919,-0.01129566346757678,-0.0011784038925912153,0.01682640307727083,0.014239939751839362,-0.007962321685988519,13591000001634
-0.026965008809885085,-0.0021477994946795297,-0.029079766270238054,-0.00368565629441246,0.0005983447744137522,-0.018044393597971848,0.0035598968477562774,8.90233517669007e-05,0.00019442938228349255,-0.005126151175498432,0.012726121061014027,-0.016419987055912844,-0.007396837393422413,-0.12529362659685583,-0.010121981063212479,-0.03300167335831258,-0.015082142510969709,0.017173953636423506,0.014364228387983001,-0.012021797097902737,13591000001694
0.002186672423212308,0.025762465981844933,0.01841116963674385,0.002062275554006302,0.012298460493910486,-0.004962322742160789,0.00318490256148026,0.0016735682085576896,0.003955544785607498,-0.0019650247339186642,0.011356190638548952,-0.007912689775501634,0.011926386592354558,0.45127576097055455,-0.0007995554393989808,0.02098366045358505,-0.0015270008291327212,-0.0018640936347014297,0.003895882767797705,0.02120250352010019,13591000001724
-0.00706372257170041,0.004822660744931757,0.002964085655623492,0.0011752813393732752,0.0033833583534263758,-0.007275178072602146,0.005748688486832987,0.001974727780886446,0.0036950304349844345,-0.0023633767371269952,0.020792994987833314,0.0023740196315831866,0.002879890320633335,0.4386596367816117,-6.159165880388733e-05,0.026855542124478313,0.004324199356717864,0.025378133814673156,0.02923728543323814,0.020141047377025743,13591000001740
0.054627268696253124,0.0017518810624738066,0.010144638261612653,-0.001769794904639647,-0.0019560049641184235,0.08875083236115248,-0.002683191701900791,-0.0008640437941313499,-0.0008230874916116992,-0.005044913973929479,0.01298129454935851,-0.004702457132606147,0.004159715335625357,-0.08207356191451587,0.0019103200556481994,-0.045379165575003315,-0.0065987240697820805,0.01848892545968757,0.013385083059442339,-0.018485652710922444,13591000001750
0.038815466666561216,0.034916153151767264,0.01079785597120651,0.0016440049428719885,0.006197683308880518,-0.008612861522612375,0.007455374665370692,0.0023028322485289,0.003180278900212394,-0.0021828568655695994,0.022689483542361246,0.012045358749457575,0.004439026489130467,0.3619696690120733,0.0052193080470792266,-0.0018616864255146194,0.01241901357695142,0.018410777117362574,0.02109835080921413,-0.0032167756054374127,13591000001756
-0.013108469281821604,-0.0442704813008531,-0.034116700866601464,-0.006626770669273855,0.002866521363578176,-0.016440850646706966,0.0011893060395419498,0.00039652432529815916,0.0006581137450381802,-0.003934209270140526,0.010474535340594797,-0.01258456576867667,0.003761811491054848,-0.10786393594711315,-0.005770752472489969,-0.003950202614578091,-0.009731162717322097,0.020386274901248357,0.019178307676564737,-0.01102684834163842,13591000001776
0.034201963640114984,0.002505484226941465,-0.0038450886270821483,0.001414743024246981,0.005004544809658788,-0.004921531761231594,0.0031965263865377136,0.0028743836908581896,0.0022366425555266694,-0.0021372677404222114,0.022207697171889012,-0.0020407108892439864,0.0020803000496525345,0.45143439099935395,0.0018328400456116836,0.0014086696407033836,0.004111256417971934,0.02711207944083963,0.03149226445209445,-0.0011827425483178387,13591000001782
-0.018228752684061583,0.008194318270663229,-0.009158003654590735,0.003623963270899179,0.003522940395599498,-0.01026587922379304,0.005071971898672879,0.004264799721256412,0.003908057441299948,-0.0021607787958129606,0.033283810136609755,-0.005439514485600148,0.009310459351829696,0.43953023252909956,-0.0025503723229141385,0.008657442904357864,0.007056383605358873,0.01763517143071129,0.019873140933591757,-0.0023076958480446196,13591000001788
-0.04850237273386875,-0.061620402288387575,-0.05109159764059575,-0.011479205027839192,-0.0008158857653482406,-0.02687864967754919,0.0008169761380744738,-0.0015222661515082252,-0.00023808272635899945,-0.004944271398267934,-0.0789341422641358,-0.03583998514000572,-0.010861744771258517,0.2625937924596416,-0.020101295314762783,0.0023860719150605903,-0.02632088120046535,0.004818017564417026,0.007950079172770814,-0.018634477081200734,13591000001792
-0.009535497679955996,0.026635354785835445,0.01710745741660832,0.006004689586145074,0.006850892052185119,-0.003993264328260887,0.0073837836571583135,0.0023713316416030376,0.0031416459870028147,-0.001924181710145988,0.019941922865666012,0.008817558719017082,0.012289526981972264,0.4068298675139663,0.0034608259577937625,-0.0018506403637437046,0.011037472780569886,0.022421149006751753,0.027995855718792217,-0.002009293809063983,13591000001794
0.06059231318505898,-0.006292069446596854,0.0003512203839835985,4.9240547072315844e-05,0.008650865192852011,-0.021290031460114964,0.012330057219369419,-7.893815701636174e-05,0.0001770662231207329,-0.004506478802574545,0.010519907041202021,-0.04177248366880252,-0.002627989550930395,-0.09934450161485998,-0.008458892241234514,-0.045600167869132395,-0.021910084139779715,0.00018668634003095373,0.02337828169682385,0.018521826090200838,13591000001808
-0.017051384044929768,0.029479816400789113,0.007881693333599954,-0.002930383663545868,-0.00014750315454387108,-0.014723555144037776,0.004027829385513884,7.21343698903974e-05,0.00034915217105848897,-0.004639791585410953,-0.012084720616881452,-0.00307594279764267,0.0048706227534555235,-0.14139115148320927,0.001574292950721829,0.030127649383030846,0.028223737691163243,0.02450059280400401,0.027452077904093212,0.015043891753172093,13591000001816
-0.018754942302263176,-0.01820711693605457,-0.01061542972361973,-0.00681091210157609,0.00160604641074396,-0.03076888090317904,0.0046317709890393,-0.0009722023483816175,0.0002009013577358492,-0.005282184384370652,0.003891443165802408,-0.036123551137023806,-0.005760855941445566,-0.10496448192435402,-0.008265990932443568,-0.020885541064896502,-0.014766703607338966,-0.0012083274818113557,-0.010141831854520325,0.013514178128190198,13591000001820
0.05114713402313871,-0.02547716647995333,-0.015719712810004637,-0.0002858920113665012,0.00471770646730804,-0.009179978641075384,0.0024376114658909605,0.003675969605559961,0.0029315417761881023,-0.0023449562505024296,0.03168273597147132,0.013427715690981506,0.018170014690664562,0.2626774290100714,0.009008984399712094,0.020653566607205673,0.0031600785224586165,0.014403145614437073,0.017786464728710098,-0.005219280728525715,13591000001822
0.013174869595408176,0.035589318867077745,0.0029835925169669126,-0.002437756084972441,0.006084021426221738,-0.013429674570979724,0.006817238902192247,0.0001985358320372446,0.00036070892780344996,-0.004174010123453477,0.03718337071609277,0.012465164491574745,0.012647770097777556,-0.049757713547749646,0.013224452453180071,0.04887743593831823,0.009896631592636611,0.03944391087199594,0.03960377485592402,0.005919430464911329,13591000001842
0.033601302793384184,-0.0096585336912942,0.015385457364168855,0.0054920632575704755,-0.01679784398816959,0.0724190403866897,-0.005533369748321708,-0.00020132995372284837,-0.0003545963625780733,-0.004673667682329232,0.0010195189787393715,-0.014329383850276616,0.01945938996930824,-0.09170488173920105,-0.00552999803175712,-0.026620636948084392,0.02657405663129017,0.011587657852264004,0.0026700612404179274,-0.026111929996989306,13591000001872
0.09431082718636634,0.007069911677957232,0.03647987929696626,-0.0002645034873630473,0.0073125236635618795,-0.008104835555137063,0.006541507820197635,-0.0001762122190442792,0.0018165170185726357,-0.004415307886910588,0.023891149958914445,-0.0002848730266645629,0.017236483363728725,-0.007830662644602117,0.030558137785451227,0.0006109746313005507,0.047270024911829855,0.03176833995348409,0.020893570615526554,-0.0006271643514676342,13591000001876
0.04670638280525688,-0.026389799440522593,-0.02134475648811658,0.00018063121890141872,0.005753888464395285,-0.010937184006980051,0.0016925976311161696,0.0030169412911766366,0.002541376811074333,-0.002134843669368768,0.029863609423781926,0.000663891823467496,-0.0008214039615595459,0.4237176001400109,-0.0011901139197224887,0.015077894750782627,0.026464091852037335,0.024762621187405694,0.0248510409701199,-0.006385265005322145,13591000001898
0.047644690912988626,0.004816068174395561,0.0025249817594006547,0.0033134800154734595,0.007611288877328671,-0.00285729358175592,0.002813204098776942,0.003853281878652579,0.0032156510194548313,-0.0014903397561790688,0.024442811623112997,0.0010169439836774281,0.013409926662445336,0.45365866616501976,-0.00033631555694226727,0.011438149856524344,0.0011310702301636888,0.03515822830374638,0.03438784681902675,-0.0005754203091303186,13591000001910
-0.033103601113738015,-0.02662038697017164,-0.019873845336786707,-0.0026431233022855428,0.001717897929637484,-0.014890709080037555,0.0026665945419825725,0.0015916761758740772,0.0013647609117231727,0.08091225954667704,-0.0342261675426212,0.002189336546277841,0.0027366317804405804,0.30626952753220166,-0.0017499636880413188,0.017012645387568467,0.008368289650125496,0.016060978077546976,0.017136555611540233,0.04299127379145104,13591000001942
-0.03989108489711869,0.019109041881511066,0.012470495006130223,-0.004499310701606101,0.0025221727279610574,-0.011977149985276884,0.0031323911971463075,0.00015470249819519394,0.0007487619898560348,-0.0035524328732418594,-0.003134686554811099,-0.024115206479581198,0.00390981920834203,-0.17000145617117313,-0.006523084566538166,0.011481766993421388,-0.014990744079923943,0.030029495261428053,0.035756758122627394,-0.001414062572429264,13591000001960
-0.05023752359015263,-0.01496772907942355,-0.022659037771233438,0.025669209185928434,-0.017686011415757905,0.02109036910086552,-0.029360245633272983,-0.03069597525913042,-0.049357507281609946,-0.0023463734658185913,-0.009784324955274926,-0.02932441913926175,-0.0022384689217320175,0.2216677629606317,-0.01333111538278406,0.007482954050081075,-0.013664969680374367,-0.01320634628723244,-0.003004594964238312,0.001932438296613969,13591000001962
-0.014992723375599731,0.00895503528270977,0.03138443206555327,-0.0010555372609355423,0.004127871478974567,-0.009655864728520515,0.004075081991894669,5.567261228742527e-05,0.0005464223083952054,-0.003281448746740272,0.0014077491001860407,0.017419206063942448,0.015862789544499722,-0.15317695138559656,-0.00012032916849476176,-0.0006010080841233662,-0.003571284209533741,0.0319183474315945,0.024822116700463276,-0.0032367249493709606,13591000001972
-0.03493167639382178,0.004400818846475598,-0.02321282486254901,-0.003067355770152313,0.0018172588880735058,-0.020180326740176592,0.0029099718841500834,0.00724546502877709,0.0017915635894281087,-0.004452918860639658,0.0012634578574050208,-0.0293338132170448,0.0020548705154167625,-0.09882655992499845,-0.0034682662953819015,-0.04195571745059436,-0.013324321857334382,-0.0037415676293386475,0.009495203993955136,0.00927260694295154,13591000001986
-0.08880587052286032,-0.011256374254491507,-0.031668319045085824,-0.0051560070490754475,0.0013449005578352767,-0.015970131322856622,0.002598970446315705,2.1041372592411165e-05,0.00022498694262765398,-0.004048621238773052,-0.0031970619463963725,-0.012011163263271375,-0.005764685185577032,-0.08823061677047447,-0.0064862638031376275,-0.015841208836021838,-0.013358372716111767,-0.012910354402928962,0.002314833464659676,0.0023728527842992084,13591000001990
0.029589452761778653,0.0076207811514336105,-0.013126962542545683,0.008282198767519974,-0.01050365220797334,0.041667920923275835,-0.012239803973423646,0.0037966861102258303,0.0025766539673352925,-0.0018900487834253466,0.014729074110945518,-0.013184363709729838,0.011879634235890902,0.382349965950696,0.0037120030262476193,-2.9030488883244906e-06,-0.00295321256241298,-0.004572972014703276,0.0066127246074576445,0.007412691774897156,13591000001994
-0.029002467214794467,0.055002398065723164,0.048608786654006135,-0.0038819355006323073,0.0034667897432255138,-0.013908899861359321,0.0017724551688648078,0.00015695948991015685,0.00028955618346831796,-0.0035740204156481433,-0.012887652632252658,-0.01920843301620564,0.012893336995758236,-0.17275575881165683,0.0024328536334549903,0.004393978361113491,-0.005965171349508207,0.03238288337564622,0.02259491276326382,-0.005415814198887467,13591000001996
0.07227824606115041,0.019868015619023998,0.052744648733382936,0.10482734409772762,0.011657627407361829,0.13582268374590095,0.0017503990973115355,-5.736991567679896e-05,-0.00013517316843952883,-0.0034232543504211935,0.023302651802796306,0.005024082015654278,-0.006619942284608326,-0.060173438710114095,0.011613514772640622,-0.004910911082318125,0.0668163947505946,0.013348172018812407,0.04824487538248058,0.039602699376737396,13591000002004
-0.037646018976769974,0.005537026643941567,-0.03161409731255069,-0.0029824414537267126,0.0009546545562071391,-0.020306171432267255,0.003471490037434839,3.083174641094436e-05,0.00017934053735939548,-0.004970108037683027,-0.002429068260935254,-0.029470414480162424,-0.0008061774095000988,-0.0861190308227248,-0.008169881503831945,-0.038243776402674345,-0.019517596228413613,0.015690717119589363,0.01659330813280128,-0.009315790682518288,13591000002008
-0.015244349128151627,0.009254487132660048,0.004646168577438981,0.0010275034616376393,0.002906184441994199,-0.011471407518107452,0.005577686444558277,0.004410056589677892,0.003847856557758819,-0.002246206791082902,0.022178994801404683,0.027647833453749937,0.004970962945208249,0.4107363931274149,-0.0066613312831121495,-0.011223393373339607,-0.00682408801676217,0.018730035805591773,0.02318127518246535,-0.0051348722977761045,13591000002010
0.02218655183362304,0.0017139770510527174,-0.0016124067126142934,0.00018999029366390785,0.006396429242751219,-0.005953736583973803,0.0027199042349333492,0.00321739936267227,0.0024761721045600256,-0.0016006668948808367,0.018410379436776567,0.000995370568749316,-0.009169667195154454,0.3727486734002789,0.008890031032453104,-0.052159868697403244,0.0017663587565922084,0.027124663977799255,0.023442593898094985,0.0006562591171668516,13591000002012
0.05765573583622698,0.006057595451019921,0.013194758468211991,0.0020172425885384214,0.00864473442091375,-0.008367172491025553,0.010798490138201283,0.003476748358766634,0.0047777780532662064,-0.0023163764166278696,0.01175349972728526,0.009943865650995865,0.006822680588074681,0.34409292730465285,0.016281258416456758,-0.004117672889826228,0.05858786773206338,0.0022074808860579917,0.026238360280572418,0.023339399774108375,13591000002014
0.037163792390616006,-0.0011880504555296188,0.008686500157207809,-0.009294848090212294,-0.01733119083291529,0.08556011406657564,-0.0069160937526854035,-9.568264298944073e-05,-0.0005311142931753599,-0.003911260804190829,0.00432718847112897,-0.022708044699049582,-0.004488929778871129,-0.08181620072950224,-0.013842701102234034,-0.02843416562438376,-0.00973227406072382,0.004702099538020352,0.03148134168013782,0.027827770059757808,13591000002016
0.10718459207893835,-0.021297992262474766,0.04159610216582852,0.015587387162635354,0.019340086633798582,0.07079639958995299,-0.005300185006343071,0.002939261682372124,0.0007174019160704311,0.08312446730959683,0.010920091182385312,-0.003786074015994367,0.0006071408421641327,0.03803904598933365,0.009894012044591456,0.016737639437074067,0.011534680984664578,0.01975054189231716,0.013512952116790005,-0.0021178736752908984,13591000002018
0.04091925911021731,0.005052953137966843,0.03059980157538514,-0.0016309670500278916,0.012852058080600533,-0.014596716574360758,0.0053588119673171775,-0.00046078338165348083,-0.00042206585269576193,-0.003255312602137177,0.008401560744673991,0.11776925378048148,0.021042694317334167,-0.00910538840745946,0.008446770113984021,0.019078230766427944,0.08921397478986776,0.02828596753953612,0.05958724069676568,0.03286852579237797,13591000002020
0.024149309145862073,4.52660609219321e-05,0.00255540134984597,0.022203061938619158,0.00028260313988229464,0.07111421751909834,0.004227624150691954,0.0005088325596333497,0.001668470930718366,-0.0017816348834145206,0.015063169223878889,0.0809990553170388,0.01095931547429526,0.3071939915690465,0.005165786444296906,0.025517793047542543,-0.009270143171315007,0.00792842441021449,0.007809804417112356,0.010415519900630868,13591000002022
0.02981737485276862,0.01319832694909719,-0.00648848761869523,0.08757893583356029,0.001329774895954207,0.08648129486802644,0.02940649948054249,0.015000507008044454,0.006910864522896164,-0.002603580337867913,0.01675006385509047,0.10143571551423941,0.012415344643689654,-0.011741287129966433,0.003412164489548693,0.018646524729704766,0.009468932326646872,0.018431290735922,0.03299008032285271,0.01789886193587961,13591000002040
-0.004244845278049195,0.005391149716917131,-0.054004772084868355,-0.0027633471889443647,-0.01960904913053549,0.027095873119266485,-0.001126034375885592,0.003722627120023302,0.003363684210076145,-0.002288120597635223,-0.01242794843393017,-0.02652923084735679,-0.01650265447873212,0.24692764899028646,-0.01801971043868444,-0.04584985434576138,-0.012195514384120325,-0.0228423914016912,-0.005518149784887953,0.006819365301971609,13591000002048
0.010643179608512602,0.007497838314847867,0.008769260856403113,0.006977131337371961,0.009247423983966536,-0.0003880168553606085,0.0051535259379989675,0.0030098375637231892,0.00261811118833448,-0.0017291136790941193,0.009519651626410079,0.0004446538432199527,-0.002979183992946225,0.41633085983988954,0.021214397605399633,-0.0006438708678290119,0.03600412770403828,-0.01189791266887568,0.0011785968662546115,0.01772981477678142,13591000002052
0.041044853409278506,-0.003767043141689011,-0.03919811641112724,-0.0060900774536169905,-0.0231189380096136,0.06634342020914191,-0.002190055815296506,-0.0012042144990298688,-0.0011279650047663042,-0.004778395163658667,0.011657989635129314,-0.029913086645339215,-0.001619455813343196,-0.10598352356166721,0.0005848216286713433,-0.028868957923020383,-0.006005721812454041,-0.005029097134054625,-0.011281829543303992,0.021725254268353106,13591000002054
0.08796715652943306,0.008480998323940381,-0.013447911396056432,0.02110513682654669,0.0005936339008679253,0.12316097484256366,0.0037465799936239738,-0.00037333818209309356,0.00013837387557067107,-0.0037582650015517767,0.025013915636219217,0.03032204387502732,0.004743702702557387,-0.02963217367725962,0.023665896581651986,0.005908925571124401,0.00406469088438175,0.00315101349079747,0.002020208709199913,0.026797003470754446,13591000002056
0.0687000045659421,0.013801185320934717,0.027106229178710257,0.004716807071378789,0.004828940618078447,-0.009208740576988178,0.010893849115371147,0.0029472204759349294,0.005324004354550796,-0.0024594850552991164,0.007318050653404196,0.001266179583197535,0.007834608522166773,0.3465650329094294,0.009358230729872765,0.01991674272339233,0.030235467746731134,0.0007211815108980351,0.016763452436711988,-0.006373093339816235,13591000002072
0.01355642373623806,0.04575962834242802,-0.0033830028692236076,-0.0021790231288814493,0.008451155016284427,-0.025274706168245887,0.005148979207055849,0.00024477620846009564,0.0004893685377678607,-0.00396498077451032,0.0027804980591715506,-0.011488650600524465,0.000481709487653771,-0.07365001694961736,-0.017844259596433782,0.014664451225034276,-0.013995340633672452,0.002476485436756736,0.019012269611327015,0.01512526912527793,13591000002086
-0.04636764993422406,0.024220622021084392,-0.01267334803693717,-0.007292355806351646,0.0046256333243087,-0.023059768712689468,0.0011677197757570658,-3.6002631709895174e-05,-5.159505822660285e-05,-0.003728747823640742,-0.006523930903422231,-0.022552780639126857,4.9168974841142164e-05,-0.13050260493902252,-0.004709841439173946,0.011902111662343272,-0.013106904629292194,-0.018515988895875975,0.0004930250761505067,0.009512180752882522,13591000002090
-0.00902165009440568,0.03412766208438807,0.028016218376241662,0.003339829958539555,0.008174671269109424,-0.002925594201532663,0.004492961268836848,0.0016497299015963422,0.005802270439349604,-0.002526237446110243,0.00984086123202596,0.0021850741972876723,0.007392511202422771,0.45067463244238193,0.009154576036519441,0.017853683732449697,0.0008332295415439278,0.0016038431097543837,0.0031628119532377025,0.018972402588584108,13591000002094
0.06458810661103036,0.007427780358340503,-0.002422934837794748,0.0012726526172031703,0.0038117890863105484,-0.00780558839448267,0.005571783840540555,0.00046125661177686653,0.0032213216346156305,-0.0035029429382951076,0.018186675257152802,0.0024392211796093566,0.008262330642115408,0.35493241800074604,0.0020317823379297655,0.0259809649240937,0.017414574538471495,0.02075908036139632,0.027000803867566394,0.0112914595129416,13591000002104
0.0003118977600544202,-0.024038282143634796,-0.07870426410018563,-0.01386243220082728,-0.04038667380618661,0.02396963693374846,-0.026654512332255714,-0.0021222390884358916,-0.0007269184128622088,-0.004007212460716305,0.00475363954922409,0.028717538511851087,0.0009393330274738917,-0.07559910418813809,0.00968795421018593,0.006590320254328193,0.0023537057606806233,0.005794368603474994,-0.005543877266647394,-0.003189417980115452,13591000002106
0.03613332384120863,0.04797539680467163,0.008970083333177411,0.004943097982668491,0.005673691363911047,-0.0040261127989406394,0.005641809537472644,0.0015103760829950008,0.003238622057473171,-0.0031588725594690757,0.011629272569873582,0.00010899714845801861,0.005438477263723792,0.37129375031605033,0.0014606583253797298,0.024503267385553713,0.01704108871358171,0.025360392738081303,0.03522728127245975,0.014214344089348848,13591000002108
0.04835686858305377,0.0022498869427765656,0.06882308022211099,0.006399572582876824,0.018346993116775324,-0.0061111183431701195,0.01589297906571037,-0.0009060920859122176,-4.868919363884738e-05,-0.0031178712847974815,0.030563302211649462,0.09454343165604398,0.02561343029932267,-0.017037277571564983,0.038687135130604504,0.05583629350694279,0.04189258661472793,0.03428899113939234,0.04131171677434444,0.030518030476450114,13591000002128
-0.007751329397845186,-0.020301711171375244,-0.02945085849968731,-0.003974667891439822,0.002645858635237279,-0.016505913035470898,0.001987395268060402,0.00033630298963514875,0.00033308734247043637,-0.003842078576454826,-0.002422291432254735,-0.022774570968341304,-0.0074143727465895756,-0.10989117902968587,-0.0074046476840194135,-0.027165951540153815,-0.00044495108362477547,0.02377022884997703,0.01287366839839985,-0.00948107051715749,13591000002146
0.06021691982349078,0.004030933086946883,0.009090466074927148,0.04580894289909587,0.010908204714638034,0.053054150808599335,-0.009505312484324143,-0.006832154065437072,-0.0034515356832637515,0.05579699086927221,0.016788234030513757,-0.008451020090679393,0.003684065272765764,0.20268175079829373,0.0018362278529310487,0.023160341886053825,0.021159288051763994,0.02291182813132345,0.02559382513251692,0.014249911911363596,13591000002168
-0.020463100438642547,-0.01518938071627362,0.016452123718878955,-0.006361037024470282,0.006191157345261271,-0.03241151934494911,0.003655810069648732,-0.0007731515648802997,-0.0008291854630392448,-0.0047018425140392135,0.0028819514675139436,0.10450199989852561,0.004329603657011216,-0.09138470306156046,-0.01108665366555532,0.008922589763539162,-0.0050837731856133725,0.004903193500332656,0.0078165378276363,0.021932867322896125,13591000002174
0.038304747398333894,0.10900667839053318,0.053985128104851114,-0.0009502512828874408,0.01013516248484867,-0.014054260929392883,0.00537998182724057,9.959469458422528e-05,0.0003410741275169442,-0.003770720277297795,0.02286456984317709,0.002814664214678076,0.015083351081893896,-0.05299986729027364,0.022144530100471387,-0.003970458975528166,-0.0030695695453851735,0.003982401326174149,0.00012607275901432141,0.02613637382538183,13591000002178
-0.0019247482049621727,0.04715692040758832,0.024163814267053416,-0.00024983236780084335,0.003079915594894607,-0.014665518719589465,0.004837594953781322,-3.171564237915331e-05,0.0009808475937099752,-0.004602556881386532,0.008485670327164567,0.01080603485011834,0.008730482111531717,-0.14518385915700183,0.004715043942266935,0.011560619095991388,0.005291819913195312,0.024331146740456295,0.01905291624161843,-0.005250948743872125,13591000002194
0.02564179119698043,-0.0527573046366993,-0.011368565406869705,-0.0028737520903232357,0.006558245373282532,-0.014409076835820132,0.0028096825967017804,-0.0057877040062272915,-0.004975963780527244,0.06068337485553885,0.01105996017744788,0.06306048995199083,0.00910368443824226,0.2440153153929159,-0.007678302623107555,0.012218325356014683,0.02019849753061532,0.008778180143539994,0.01364640329296768,0.01799925428460461,13591000002196
0.0353773197595858,0.0019073918093678545,0.008602350899644439,-0.0002469077783029722,0.011176359536610034,-0.006015891897094199,0.004302432724180024,0.0034745736385524352,0.0035858623842167396,-0.00192342301051466,0.027480622569421298,0.01868659699149785,0.014751017311935087,0.3219034425770005,0.004250921916393104,0.02431616489967442,-0.001503252410546198,0.020221883466165047,0.021145747532820586,0.029095988957326836,13591000002222
-0.02197288341596349,0.0007674493267962075,-0.011431437134027434,0.014031332205564274,-0.009634579900529695,0.06426748934253082,-0.005752040139351358,-0.0002166900590159179,-0.0002411032797237802,-0.0032636569289823027,0.00905862226891818,0.045089937759057334,0.0021410228717280355,-0.07684547937331629,0.00040919630088640305,-0.04315099138391752,0.030123619745605488,0.016969557895515366,0.01885022928478717,-0.009408012556246141,13591000002230
0.04144165889404467,0.014598139750262836,0.007375129563654471,0.0014305919121971175,0.008543474168240013,-0.006409213972260073,0.003966451496734817,-0.003655585662214183,-0.00527280118973333,-0.00195753920319285,0.015125714521695208,0.07624720962681625,0.007784888416760389,0.3794875963669358,-0.006249427707660884,0.018744324026315366,0.0194275866602194,0.0017353874126498348,0.010389799668435083,0.021359626651843898,13591000002264
-0.03927130646918058,0.023483150459343752,0.013085404108123401,-0.0010722945064941321,0.0029774753107754755,-0.015865736147585352,0.005403151484793603,0.00020875794202054938,0.0003490831949526349,-0.004579592185359652,0.019698372551903306,-0.003829247499254005,0.013026886006826605,-0.049746601308835264,0.0036629216537274194,0.01839020479494917,-0.00978025924104525,0.034085082780258964,0.03636311260853922,-0.0007861012703051798,13591000002272
0.09452103037005057,-0.008237975449226416,0.04052300753301225,-0.0045108823282566865,0.0035513291103838798,-0.017304987605964394,0.004413995917052552,-1.4870818123600719e-05,0.00034987538160170464,-0.004542037950717973,0.02060135194105086,0.0009555020841520075,0.019849698373336437,-0.07152477203568418,0.0051592436070928525,0.015356590733925635,0.016325406281505556,0.02735319737400199,0.02319404525588726,0.0001403745409084758,13591000002278
-0.011210128971706174,0.0058442605155243355,0.0033010571822455143,0.0601038174253086,-0.005540792943391535,0.04480974255688505,0.0022270967411898083,0.002093150574051532,0.0013025679576978261,-0.0020174685189188937,0.008366203738259555,-0.006092185062206398,0.020671002011333962,0.19744105715880947,-0.0025300639131742905,-0.012971876219283519,-0.0038981580180530067,0.01681351168424869,0.021821339271498336,-0.006742550340003348,13591000002282
0.0887679555270263,0.09393830737769536,0.041984685135189645,0.0033759250499815485,0.00857833375231641,-0.019201568010024407,0.011927721756704486,2.2133800744786612e-05,0.0003022606855266922,-0.0037884953399296775,0.028664690929222015,0.014834407432715833,0.014323444832472653,-0.009465399524265778,-0.005218414543719514,0.013426206306580597,-0.0020787797204386226,0.00014472739491513075,0.026669728656047775,0.021591814339656786,13591000002304
0.049395580983457185,0.08738182285832947,0.08315149078101065,0.002071048627739538,0.00668400261616635,-0.006191801311793957,0.0021922137917206428,0.0009615596098462642,0.0011809859832235575,-0.0016440697875264284,-0.0029009505697993308,0.03923109842138669,0.0017327352854255894,0.29034676384413843,0.005058433560993418,0.024197463126946345,-0.00040822133042579394,0.02442822376740295,0.0256819535613777,-0.004461131941685416,13591000002322
0.055595308943380446,0.040165561404994915,0.012264131840575706,0.0035603780570828544,0.00589826184960791,-0.005491229947548888,0.006756315102910819,0.004312402745417497,0.0036309563009648566,-0.0019628128641474727,0.02465771760351389,0.007033483090842547,0.00472484977464193,0.37619818209275896,0.005020085789393338,-0.01697896487861,0.011236154564088883,0.023260445909792465,0.029624875135767774,-0.0016844076402942568,13591000002340
-0.041841898068265534,-0.007915386857318189,-0.01910856073702199,-0.004635944451782293,0.005909740653435339,-0.013389335071092138,0.0027741950655117034,1.5660704886552328e-05,0.0001588862768522671,-0.003901057603696107,-0.00520942096944087,-0.018047727868154912,-0.016905508389749947,-0.060732998050163585,0.001501335793233711,-0.021244788147985673,-0.013351331070692134,-0.02015483994229648,-0.01281963159019935,0.0047655899796518915,13591000002348
-0.0039159072040412055,0.0021017859803844066,0.004585417034654003,0.0022364032163671643,0.009587133023192305,-0.004154879122014366,0.004847494897395425,0.002420836647202021,0.003315802784206127,-0.0019521681315921924,0.00993416326748647,-0.008306203154377117,-0.006359752189129013,0.4446858567459716,0.002949110036295352,-0.01602947280794191,-0.009654563241519054,-0.013086299806819723,-0.00072049983856008,0.012271610407441551,13591000002350
0.06057859287967957,0.00044366407310274264,0.06902084957121207,0.05516552511195462,0.003666288311803957,0.07623620341770147,-0.008593411864163892,0.014241997548933572,0.0034799370133061828,0.0665513928951722,0.023026075737893923,0.060705705859512016,0.014391558373792405,-0.016701522741710977,0.013841064404306052,0.03356468741446727,0.018932076462724472,0.01694757774479753,0.022369685100689516,0.01624109583260095,13591000002368
0.04349414999352056,-0.015120379725650012,-0.005000419434780319,-0.0009938435055319261,0.004562576704044411,-0.011939404421386302,0.002149875508668732,-0.00020821544272508477,0.0010637011946669826,-0.0014982361781581844,0.010279968052661658,0.04743906160464616,-0.0014543849825027677,0.35979183969541384,0.014534089463584332,0.016633725267712954,0.02574924598953014,0.03136544363590534,0.023919115096320796,0.021321293361993152,13591000002370
0.045329319618177946,0.06708373979855427,0.03906729672007619,0.005527885855447282,0.009821260285172783,-0.00622221435068766,0.009136869416439755,0.004295204687171423,0.0045681964878263445,-0.001521557215403307,0.018671551901555634,0.0052825420862399235,0.006786239817185719,0.358990438603477,0.013113653036479768,0.009065942218553716,0.0036185749453455786,0.0032821927553191624,0.010282729769477918,0.01590933544152494,13591000002374
-0.004882141137782046,0.01446355312412454,0.0031410877607488084,-8.912925651040159e-05,-0.004952115553694503,0.0535736613560468,-0.00606590414526082,0.003459722507838085,0.0036402819803825755,-0.002351966913957362,0.01278129363486737,0.01832658710154009,-0.008462817070109301,0.2388036653735959,-0.007038732889870798,-0.015037417432782304,-0.0015642415026053548,-0.0002467354414433146,0.012156266570353092,0.014708093336263158,13591000002376
0.041903269547842334,0.012097815578253809,-0.006343847808622008,0.014543958986720153,-0.0029296428828518863,0.10619084730311162,0.005996098386424801,0.00018036853331779258,0.0002906163305174687,-0.003655299936899823,0.007339282594578444,0.009578494865446999,0.013418773469154712,-0.006305968664908125,0.0006918115148558402,-0.010081106794857844,0.018078741692480724,0.01328312298132992,0.03097676446039961,0.024323196959735192,13591000002382
0.002000014999348451,0.04039666666213816,0.009921560497425359,0.004454659468488028,0.011077930617949266,-0.0013326135167965542,0.004104366909214095,0.0033860228527734294,0.0029191153581968493,-0.0022565965603816426,0.012389056201806838,-0.007500387164776479,0.015528817170147268,0.4207134538780778,0.007603165998272455,0.022219188974040564,-0.007932349036814246,-0.008852562667232583,7.280848604388411e-05,0.013403073226204452,13591000002384
-0.056399609126708716,-0.0054864698988129085,-0.027436521698554,0.007138602508279811,-0.012806756870735236,0.0495504209994949,-0.013483090015394914,-0.0002860722146721421,0.00016620335103370958,-0.0034422022447583114,-0.0019094987459697143,0.009210428816759141,0.0044643550084857726,-0.10480206979986116,-0.0033808960719725416,-0.029834551014593945,-0.006446183025924985,0.013357637225419779,0.0033117303985576363,-0.011741493797375909,13591000002386
0.02489848972249602,0.05642310754006678,0.021946016146499273,0.028866802585991936,-0.00832304854363433,0.03872193431536746,-0.007645441949381221,0.0032621189084734883,0.001702583490383608,-0.002053431395931358,0.010621244503295895,0.00979430390470671,0.01015129204741541,0.288205101635531,0.0033558693990919926,-0.015693506307659266,0.0038400359621366246,0.022620126683011808,0.021779090687942607,-0.007383487457870359,13591000002400
-0.03165008065766651,-0.010923679526556065,-0.018694303691420784,-0.001828614377361315,0.009695974917323942,-0.02388157646485911,0.009294455243640006,1.1720578832146019e-05,0.00017989829753214771,-0.004513491631197779,-0.011156176104201615,0.006494127682960924,0.005032111761840675,-0.10623509070818239,-0.0065635680979481146,-0.014819470337163323,-0.017392007459513782,0.0023139274296322546,0.016247183742458333,0.014649630888592847,13591000002406
0.03671075293573433,-0.007835049692079538,0.000665440850956176,0.0023716618998237057,-0.013797845816151344,0.056989185671674124,-0.009324942788882342,-0.000605785129929206,-0.0004628553435093739,-0.005260763922088823,-0.010579640218234791,0.002687903733975351,-0.007319274285686579,-0.11092887525622365,-0.010744530051143706,-0.031106793186182084,-0.011064870851479613,0.012700498279420089,0.0024293556898788357,-0.025779608737175677,13591000002408
0.006715937746247531,-0.0380538593464342,0.024344608296527646,-0.005143066403516148,0.008477579934965828,-0.018402652611501223,0.0018362320404171203,-0.00031939630910084865,-0.0007480345284128587,-0.003309349258408038,0.0067166762232197955,0.08276704873045342,0.011962587068072152,-0.011276622286259384,-0.0037903237219881073,0.013474366395771754,0.01730952055626173,0.0162206205978059,0.03669304077724472,0.01910238321466313,13591000002416
-0.02259868213872877,-0.009589864648203564,-0.030362154923340663,0.003797774376323806,-0.005165142803484571,0.07338972426783259,-0.012508059661581555,-1.37383938377276e-05,-0.0009390428208730661,-0.0037833166392191903,5.543516917296208e-06,0.009402295923951197,-0.003516110705504135,-0.09615274935023949,-0.013110146552417929,-0.012527596199482155,-0.01306812311368736,0.006318614347124154,0.011657734078555127,0.015030814746402135,13591000002452
0.06068788691284846,0.01793281326450954,0.0035068691567572354,0.00426764746102233,0.00513756225204507,-0.004754290870903609,0.006873840895581569,0.004565502619421975,0.003077838292252272,0.07237900965002016,0.027320816801464434,0.02149903475285778,0.012033786143134013,0.3475491088358686,0.005455126511149408,-0.003742647319482665,0.0044842403743288566,0.015925331342058993,0.028288424082665808,-0.003475730091990647,13591000002466
0.040590307863001406,-0.010459978995362901,-0.004673609320283988,-0.0031954720817477696,0.009342337502930498,-0.017025643507940353,0.0029829943649821956,0.0014175192461280484,0.0014863448964314296,-0.0016169042454073186,-0.011404777146860105,0.07051938878934391,0.011726030995686528,0.3573672405606418,0.0025840798452534154,0.011814382688646657,0.006642900152824251,0.014480972252199806,0.02121531238750754,0.022355299439483587,13591000002474
-0.04859733527039373,-0.030002694835693764,-0.016712587371197532,-0.007151847662981561,-0.0017557546611843707,-0.03078677245504744,0.0028056379961653288,-0.0010513088198682056,-0.0003413904768461352,-0.004359263867016497,-0.006197930508096313,0.045567787927416295,-0.0033165220677905676,-0.04259111906824045,-0.016542641007901947,0.004413303366211096,-0.0031099863812334896,0.01137966669092623,0.008271245244916335,-0.015938666608624894,13591000002492
0.018344172197866753,0.024544902235151326,0.005911408070865206,-0.002039214088900795,0.00595935460919944,-0.02062322339056188,0.004407496111807387,-1.1720322201509687e-05,0.0004318380555401938,-0.003925962241823129,0.012038799069385507,0.0004640480270158593,0.0030170926696642783,-0.1163568537775975,0.0037245855179182607,-0.0021608814173147126,-0.010115625203891119,-0.0025486800178054765,-0.0052128821726563504,0.010906298862023886,13591000002508
-0.02028835288879799,0.01804775632136288,0.016113651248523812,-0.0027161241271328783,0.0024152759768155687,-0.012561346845544769,0.0016550348524092104,0.0004193480263409408,0.0002819242250651996,-0.003440136798473721,-0.01165541004371226,0.01167845191509808,0.01232475712052304,-0.10213712614108486,0.02289087262829616,0.026339591762306026,0.007846475937335865,0.03966701315340667,0.036840127176547256,0.026871665923220128,13591000002524
0.053325877578172566,0.1318414867086979,0.12596131037804714,0.0008229813099906332,0.007412474106246779,-0.007230057698751551,0.004449005580688298,-0.00011902728627287438,6.67248898811302e-05,-0.002690042132805001,0.030546047266827532,0.07930787864001476,0.016686374349877298,-0.06508025120378351,0.007580820445853452,-0.01324580876731022,0.018325345035996924,-0.00019696680875966178,0.0036225267742400714,0.01589189665047683,13591000002532
0.052218620073182134,0.07349108911592218,0.09586267117032743,0.00307348169051453,-0.009139148912836608,0.02199210003993917,-0.0056313708269584714,0.002658984649437811,0.0012317930805879086,-0.0018080341170369323,0.012475323484976252,-0.004674163183846023,0.007500501858695547,0.3045218527340976,-0.00022249924732586088,0.0062845479546572896,-0.0023454796905427087,0.027609021398213546,0.02910032204967957,-0.006098506681844999,13591000002538
-0.07733842868272726,0.02083832441672622,0.010897238172005975,0.003978937429649877,0.021023139124019277,-0.011572749060903047,0.01187490146570142,-0.000551124398505739,2.976096432345316e-05,-0.003560105529041412,0.013217612467718702,0.07329895245065077,0.0170627842784145,-0.0470412093383066,0.026663413873227612,0.041098321379255134,0.017541679814740484,0.023863146391761857,0.022093128124175097,0.02134773451138052,13591000002560
0.06614903303890826,0.01480100568005614,0.00673235449647278,0.007220110550189608,0.010544666508452755,-0.006241777994068028,0.011242704229585143,0.003376562296659946,0.005577574434385296,-0.002257843955102873,0.021491261522901275,0.007793947323568636,0.011672708563354109,0.3305954220408982,0.013140058238775846,0.02758482120509381,0.04917229054182504,0.006102691133668554,0.028291037064734865,0.029183908290908726,13591000002570
0.00957829122906151,0.05576902075133177,0.03154558346628067,0.0008257904561797403,0.008333542659065007,-0.008547929582348457,0.004454051099708891,0.0024007651404255436,0.003208204058535892,-0.0017061802717655377,-0.00743519899442182,0.009677894989711349,-0.0006604957777307847,0.2809908935534159,0.011639419512834155,0.02080130719076865,-0.008948562950265799,0.0017903063115117207,0.012617684689945589,0.0182071952980721,13591000002574
-0.09094054046476856,-0.013275614584512457,-0.030630711126096895,0.009151238314120801,-0.0123750224269554,0.06294748616780627,-0.010293650812017621,-0.0007996466184246732,3.7454065113965e-05,-0.0036761125310941804,0.003292957202003149,-0.008338143466883408,-0.006916675045807925,-0.09019210022169075,0.0007043089749826864,-0.031715306365551345,-0.011352600581769044,0.0013779392192309265,0.0072117041948139195,0.00651509512829188,13591000002576
0.04053342282492669,0.01164185611213778,0.0024589439148106863,0.0023836020241816322,0.005889465835800243,-0.005297744170470503,0.0030030322865805268,0.002757797475058202,0.002602980629035644,-0.0020637008081426183,0.019051229528333814,0.010789751063625215,0.005189134929633378,0.44722283346961467,-0.0010440055836523304,0.0060468516999755105,0.024859766236021104,0.03163393399224836,0.029565250774741123,0.013661901092749578,13591000002584
0.028454899740048716,0.05331716261705047,0.08565228608297457,0.004226351459365131,0.007167001253718157,-0.00414857408662947,0.0024694592441887485,0.002659985078478289,0.002098828405333042,-0.0019104304224298963,0.020518630023079337,0.0003024060567397012,0.003436133990186236,0.3565452942511761,0.0035674134005418893,0.025462709234229355,0.00023634941767075842,0.03303613688901085,0.03159255880567817,-0.00420651067358589,13591000002656
0.08720005793914935,0.014156772820773721,0.011811107728401743,0.0016077660853134584,0.010688472431685442,-0.006520295090488348,0.00642129675116573,-0.013042245516765562,-0.010985951857805591,0.060489353174516036,0.018098241341211716,0.0006467481537664152,0.010584189243146752,0.2754793178662478,0.009962044714821917,0.021374953373815092,0.012871773765025716,0.004863432354886629,0.007577714382985895,0.018860007771636156,13591000002678
-0.023711247819199806,0.0002815878501563247,-0.0074964751912971195,-0.006435079900211812,0.005412733708628999,-0.020043113208012154,0.003828313228657987,6.178338399000787e-05,0.00025713635983777366,-0.004034020142241024,0.0059156130910749454,-0.018259377866863394,0.017493617564180167,-0.06835306896834943,0.0022421441689221533,-0.020553197581829556,-0.014037905573800732,-0.004188494377701098,0.014022895191986474,0.01236392938857695,13591000002682
-0.020880764911372588,0.00030755422074071637,0.003654577136310419,0.019651256865797502,-0.0041533602228227134,0.0723728077569248,0.0004955492423335093,0.0008693385576872585,0.001537908689084935,-0.002303244740821417,0.012734880333857165,0.06532438246480621,0.006607246707965958,0.3394366141096416,0.0014466595991109318,0.021113149520814913,0.0007424377226637768,0.015956097651859978,0.023975505116565425,-0.009799393943214543,13591000002688
0.038116536824438926,-0.006112745132525861,0.019967920261597223,0.014555774270900494,-0.012533111475664167,0.09477883665898584,-0.011399902702562383,-0.0008626517269243224,-0.0018698270188760246,-0.004327588334410272,0.009871158834169952,0.054855584914795814,-0.009331044262114074,-0.09408267115520227,-0.013115080174650049,0.001823472611826399,-0.007878846219764275,0.001993464110910492,-0.0020909879698572686,-0.017733376151425742,13591000002696
0.09943902792310351,0.01472426400247132,0.03472172916486166,0.10807957904327524,0.026749952666656522,0.11707620432868927,0.0070902526724225205,0.018789586514251794,0.004062607952201385,-0.003542278729056462,0.02266914193935707,-0.007172325100413283,0.005135844717240347,-0.06859182360701155,0.006347587579234165,-0.014143973167699622,-0.0011551249723007364,0.006241842769180468,-0.003698540571273766,0.029475964213062224,13591000002698
0.11710918968755894,0.010342975217537954,0.06290051115568762,0.006930584873951278,0.01614838028041897,-0.0002716238661787324,0.01393251442522857,0.007923424113099124,0.0009720790703308138,0.06919235775798266,0.026074145265747688,0.08989996803015897,0.013351372062582446,-0.007713520562149089,0.031789734516633944,0.048445681084045115,0.03138440725670946,0.036290271935637185,0.035790621668206096,0.027170781931115377,13591000002700
0.06629460355897712,0.012788910110869958,0.037550967506228085,0.005607769663614328,-0.007943826572218716,0.07979843880308178,-0.01618589441774523,-0.0009799984528359557,-0.0007499113801716648,-0.0032592355511838543,0.01935587481161986,0.0668400044316297,0.013899873203263108,-0.040783504451386184,0.020226465503203554,0.04559612168820607,0.01657337199388187,0.01792216631475675,0.022962219890160163,0.017646519045717117,13591000002702
0.03188429853526849,0.012531660813103555,0.02685172778090712,0.027692331229968344,-0.011031073300849924,0.08444548441184989,0.002424733951113262,-0.0007698906902936226,-0.0007735502608941913,-0.003207105342094904,0.0056746574110048366,0.017945072438484738,0.011006008063037219,-0.024017398942850997,0.008031708670374584,0.025836957374982213,0.029102599416310593,0.01237475139084701,0.04722381588856038,0.018505270181963022,13591000002706
0.03569459808829875,0.05339391369272616,0.09724168177808974,0.002561530307587763,0.007587279351813002,-0.0024134435604197045,0.002778017391023146,0.00319355710013551,0.002479469012531984,-0.001408060600298184,0.017543943089595747,-0.0012292594454460593,0.010223307163554178,0.33957530009028974,0.00129082063995298,0.0010412789960093552,-0.004775876653043661,0.03245681859112762,0.03287995568066523,-0.0023589621695909806,13591000002710
0.09156864589097181,0.027227167180076853,0.02331332638376099,0.005954744050284392,0.01569372743766643,-0.0013873610209514766,0.011596315543849304,0.0038100261268689604,0.004004780276315555,-0.001885669342962125,0.027451646140760167,0.0021114289011654377,0.003438010742655784,0.2990810028904797,0.011554502393786968,-0.02229404753249154,0.0017871125991390834,0.0026483271354570074,0.020649837444319273,0.024575202446306305,13591000002728
0.08169337227421943,-0.01773563355755294,0.05547305493403675,-0.0012185124123650127,0.013942658061774513,-0.018048936248930326,0.010195678408505236,-0.0002692844123141074,0.0009787955084163387,-0.003549053720207689,0.04340965672020493,0.08984057100863582,0.008146984899292681,-0.04920298829045164,0.014596042951404528,0.015322570597919688,0.06662893076923379,0.028966727929726554,0.05800244866446978,0.039602625728423484,13591000002730
0.050214207459971634,0.051979928912817996,0.01820688857800109,0.0034696275041652936,0.004808399516919688,-0.005188513549853526,0.005294170393890451,0.0016596165823592433,0.0011416900543345706,-0.0023744947608977185,-0.008462106720920104,0.04663186880521307,-0.0032998183835112886,0.35229130606849907,0.0072624824333388915,0.007021941405907399,-0.0012183012979728796,0.022843397774021994,0.02793405605070307,-0.00830571637762345,13591000002736
0.020935612789887068,0.02421581860062614,0.019700674824688198,0.0034521914046876916,0.00689958897441617,-0.004715618115493838,0.0024831185272349474,0.0022534184475881775,0.002025628236086996,-0.0021776491495827874,0.013174495805934229,-0.0014924746477786213,0.009847643968666593,0.41522484418991096,0.0009002538310707362,0.02572911206868988,0.0023825867150320842,0.032978741053082426,0.032450176997672324,-1.2295977817892989e-05,13591000002746
-0.02458345048877703,0.011002629179723866,-0.001032005255502564,0.05659451722119251,-0.008539233488949116,0.05085351528965184,-0.0008976871297954285,0.00035215902159157564,-0.0015865480429176353,0.06306459790810823,0.011362930556397801,0.07057008650863213,0.000580926635428348,0.26821313083677223,0.008950859093292468,0.018051187787090785,0.005553313890141859,0.01637019905621201,0.020747496614842736,-0.007110851886630497,13591000002748
-0.04671836198771631,-0.008987665835643985,-0.029555471639688777,0.008184905852170007,-0.012071790755792426,0.038629639461859794,-0.004366114541419089,-0.0006339961755584086,-0.00025669651782644,-0.0041438439542327435,-0.0015231692947410829,-0.023973829149475396,-0.0056128720036089,-0.11675799180597411,0.0021014750311197017,-0.0438548691301893,-0.007282579997529344,-0.013868009095652396,-0.010942260805977619,0.003056037557144766,13591000002754
0.052380379317027735,0.1537365636518728,0.1649054308755746,-0.0011279208081008867,0.006054433018041802,-0.00853227917661543,0.0031374050155563594,0.00039175755765837305,0.000321394779060437,-0.0027778412825544634,0.0007002675495117915,0.0019734929119911344,0.0025977676282455705,-0.04227179001844045,-0.0030010724890360747,-0.020408473069616625,0.017632939970214926,0.028882074619102763,0.024989339237860304,-0.0033676832824352815,13591000002756
0.01499692820667315,0.06731767382701598,0.03916231660955392,0.006540282792704683,0.011566467315365729,-0.0043646359204763535,0.008272322193631526,0.0045029269729594855,0.004617433758588517,-0.001487000082597347,0.017091928780961694,0.009255784433425798,0.0014627143484914659,0.3343913082865143,-0.0032690007758893417,0.012408346618341136,0.0014827232091418876,0.0013579316932119617,0.01345215215199268,0.01654488317260956,13591000002764
-0.05186313774794454,-0.011043124398415666,-0.02558036458989004,-0.005507511099403655,0.002010232429115922,-0.017255923441245505,0.0039430188572296505,6.612510230042224e-06,0.00011960921135997886,-0.004396850729183741,0.00026140424932997216,-0.02251202326356136,-0.013423428225873094,-0.1318452968919149,-0.0028422734055985046,-0.02363700165301833,-0.00719611598385386,-0.009477876965433746,0.012042304882872315,0.004048852895038115,13591000002768
0.0805474007366481,0.01829641734544291,0.0038698739833678206,0.0029234795604369153,0.010228212561750504,-0.006803329911993816,0.006910689813375554,0.002616447408414498,0.004596966355605259,-0.002221114417149111,0.01830843278351541,0.014541535094770602,-0.001753886844292508,0.28455495640095635,-0.0031328590779902544,-0.01518736113889306,0.003869475325856852,0.007800510871605743,0.006835226920955501,0.021788128105551918,13591000002774
-0.05424972823829455,-0.012214762458953744,-0.026377449652404693,0.06971649171396552,-0.010688244100715623,0.041117137422405456,-0.007634164422780745,-0.0004308995667616479,-0.0006575691785242251,-0.0034618163232170616,-0.008104268611383055,-0.013464425652685815,-0.010104333334344406,-0.10592526310260128,-0.0010425994376078475,-0.03345208706071299,-0.00542740138001144,0.019618680592081984,0.014791334723114323,-0.0023837157669193967,13591000002796
0.023030712874269475,0.016163997980604607,-0.015797293784255123,-0.0020872920550524016,-8.576785777852465e-05,-0.015593972090962391,0.004125973482922637,-0.0008236831666615694,0.0003630550567556942,-0.0049944285627159055,0.0023310129853902194,-0.018366398752334433,-0.004701021436185028,-0.14217614199869233,0.003712666206015382,-0.03403795946343958,0.015817155612912352,0.019169694954582876,0.006357359025436815,-0.012516472830884522,13591000002818
0.045674018316032926,0.009213400123807171,0.0019176601506249234,0.007084437013775396,0.01244896012790435,-0.007110709492231607,0.009804367837266154,0.0018999758352175892,0.003934834187308922,-0.0023427722380149184,0.021048952725353884,0.008629133117487534,0.003996570884161752,0.40182812091171255,0.013252085541087233,0.0270994874802082,0.022011453838424087,0.00526268097855394,0.006555661237820471,0.025630883301434253,13591000002830
-0.005023058170131672,0.028482869206621582,0.024705126998138833,0.0032268305349408217,0.007686559646855699,-0.0013703055915549904,0.003977029798245398,0.003045364748111693,0.0022569141344238788,-0.0016360219130256589,0.01636825981817015,-0.01043008430728674,0.021704196452266997,0.4137486573144608,0.009927151986326524,0.015781065166793975,-0.009503809534429149,-0.005708056479705339,0.0076286082201712175,0.01772190384854074,13591000002838
-0.05226307818064391,-0.013599372625223989,-0.022941146759698865,-0.005100462038269057,0.0032944750604157534,-0.013387581664550844,0.0019071398262131044,-1.4808779128915057e-05,0.0002032535827090509,-0.003952062092094906,-0.0021618684886468807,-0.01731128104357206,0.013517133492385163,-0.09022255018158541,-0.007752106898864336,-0.01612344860125242,0.025782214620230563,-0.016573190507632698,-0.011846548170029126,0.005551157993840539,13591000002844
0.014017667017920525,0.008735303866856725,-0.0037222761797933773,0.0011656217164345757,0.011475934307206354,-0.003558538987939629,0.005352213084714334,0.002529097255079923,0.002669461546091436,-0.0022581726511448777,0.01634779879662381,-0.006822360574626047,0.01326423500977844,0.46809437572997825,0.004297567311084152,0.002423056005401724,-0.005194923143388748,-0.004661877188370285,0.0027027631265248825,0.01756558916283697,13591000002858
0.016880392460433963,0.04197021962252642,0.012281125989244676,0.004162943040147545,0.01419640902919915,-0.001610445595497165,0.0037827436197571482,0.0025285771163825444,0.0030379352089131067,-0.001849534983656068,0.016683522716018293,-0.0011531318927154228,0.011090379655418921,0.4292336852686107,0.01906154258886087,0.014561607089494505,-0.0003432375523552235,-0.0036371437021501377,0.0028390540257659485,0.0242058915068684,13591000002870
0.09255251068894088,0.023758200587910918,0.04984213865443799,0.017820761872926784,-0.008758727306560127,0.12419807416057066,0.002905803821134513,0.00046744085194506756,0.0002649861985655064,-0.003392462273137814,0.02566628003853086,0.010811930713086023,0.004823581894090704,-0.06038952028080604,0.008414060147380031,-0.016421025796762603,0.08124775225206544,0.02355777371027097,0.05597688059674859,0.04320704706088166,13591000002880
0.0072006975739404375,0.012456666016739112,0.009034059638418133,0.002468447372514441,0.009701560059262116,-0.01193678313670149,0.014580461760950233,-0.00029027476087291706,0.0005994598021582713,-0.004010722994702945,0.019919829351668368,0.02148676305767085,0.009601289394585369,-0.04921659854971387,0.01305165337326484,0.011879145618706918,0.07012729806093626,0.0020420227929136983,0.0029060980276097437,0.036462456540740186,13591000002904
0.01790083585121016,0.005511548562475708,0.0017310144948697902,0.012781926480978846,-0.011678350130609026,0.04601218333205917,0.0021518315851096984,0.0006440728493312892,0.001937809000728594,-0.0018843190253014163,-0.00012326256677346316,0.07790235051437414,0.010448139379165559,0.34075927403568074,0.0058300074652702415,0.025165395129599075,0.009212366042833715,0.005828977251249924,0.005855484128771265,0.016982869877862492,13591000002914
0.003482457460986033,-0.0023355496805873236,-0.0006563832695022194,0.0005405335994980405,0.012654189715340351,-0.015911173667998185,0.012437310910783893,8.416594226761908e-05,0.00018251728167421345,-0.004110939583025928,0.0219374873478834,-0.006537144029627009,0.002110293191900482,-0.10469595583744985,-0.007478325221893526,-0.02696776001542304,-0.020682871852598227,0.0066222522033804795,0.04046030112593872,0.023411573866102885,13591000002920
-0.04846011784248309,-0.08092685106777336,-0.031232619386425166,-0.006294922965496004,0.0015300401227744931,-0.015835535879816467,0.0034435677880272123,0.0023574728653919077,0.002781340037572588,-0.0033201281797475795,0.024818318770616403,0.0008532619917967793,0.0073018936419174015,0.33180038583452437,-0.011216941182204159,0.008496004460485799,0.005895870895297709,0.011478060307787537,0.012850782640200124,-0.00526009273921656,13591000002922
0.039622622989276844,-0.005964605318900652,0.013960459144750359,0.06091518522282723,-0.03637567774136621,0.11557408827534578,-0.0260315388406822,-4.0167196665087356e-05,-0.0011761574872690451,-0.004327559874632287,-0.004785095273410132,-0.03959275723301473,-0.008708625518811998,-0.0871141947663958,-0.01192571383656267,-0.036035650927299594,-0.01465079895921564,0.00638867672831139,0.013848985739196056,0.017733917228642725,13591000002928
0.03906109677243639,0.015807180751289802,0.002692420628799476,0.0077672062288815695,-0.010673327221097921,0.03492701572125072,-0.001970983507457369,0.005143786697042316,0.0041598317308717105,0.06692883693434813,0.010135195595149558,-0.01083541482808,0.0032242425279744753,0.3071185711188939,0.0073248790639858005,-0.004641184883270304,-0.0026097507446049095,-0.00045128536582196457,0.0049959364293844155,0.010060345053355593,13591000002936
0.012580095175002038,0.06843987019289137,0.05353249880800977,0.0020737954420438766,0.010128588824279545,-0.009776975276403766,0.004912226228331757,0.0031110666531400104,0.00570639656715585,-0.001405404118313545,0.012339023084031639,0.0008459505879526935,0.00824421822067488,0.3520552858531627,0.003852705282313281,0.022735468726060998,-0.002200810878490535,0.003922736275517067,0.008151570547526264,0.023198038540192218,13722000002565
-0.020433310207653873,-0.007995563653546265,-0.05148560096520774,0.07702486471947392,-0.0029111885924800645,0.0659372037089641,-0.009454745053340017,-9.930666202880908e-06,-0.001105766369520059,-0.00370446311677995,-0.014065200665804672,-0.03434759501825721,0.000608741496657772,-0.09470286272082157,-0.0015426999728270243,0.023069240945093397,-0.0041452200416804835,-0.007738245372214344,0.012639816839968517,0.005380298012684087,13759000012533
0.03429882607966538,0.0036507607736688107,0.001636318507742568,0.0028199633761724152,0.0061298225009951005,-0.004677022430834067,0.003000878880114852,0.003646274050838022,0.0032889590142986974,-0.0014342947299381401,0.018438980107164046,0.007922279065648317,0.002898456538813627,0.44495440121439367,0.0008167558369489645,0.021767808145827697,0.020568357325605236,0.034295178579672556,0.03236588537144747,0.012533947003021751,1384110000013
0.02849251818356348,-0.0025021500954309915,0.007689816547028772,0.018159248819300564,-0.0028515273785592187,0.05669164829267508,0.005813569150001613,0.00021524212564405596,0.0007306920933686678,-0.0017433741307963666,0.024223427833231156,0.07035980104558921,0.006962437435642346,0.3014083757258976,0.010658953768622104,0.032346444872080285,0.00849871001275812,0.021641675168725477,0.014773739014908872,0.018519953393684136,13878000002831
-0.03449907544276296,0.003676803111400182,-0.00012203025730875763,0.017370409219984013,0.004411734645059871,0.06364332482514322,0.010378000624322148,-0.00040913190606756155,4.686324107422414e-05,-0.003136461050394888,0.008744250094884942,-0.015845872904018874,0.004089726837204277,-0.14641079407328805,0.006647913505503247,0.024339777614010117,-0.0015012378269287435,0.027691458318999867,0.029753361209315904,-0.004279817908198203,13981000004981
-0.022710427375190502,-0.019687050963095264,0.019920135716744142,0.017088760350314994,-0.0021815338188553523,0.08392983854348479,-0.0037786992092591213,0.001688331324179764,0.0028637085872015664,-0.0015947223649198292,0.015656512316501493,0.052085131991404666,-0.009219879043635058,0.26726734638449207,-0.0014148898836718303,0.013061365644780927,0.03136897641876947,0.004774851588257312,0.0071329786732550965,0.020314657473365482,13997000008208
0.04769187706275189,-0.033485993449924964,-0.010508843148945868,-0.006403610767800558,0.001807912248422749,-0.021914702769566266,0.003829968588503929,0.000503276464776796,0.002645951294645311,-0.000516710590750093,0.010033470212103749,0.032422226135251135,0.001540713945243181,0.24569129992919217,-0.0010163489614526124,0.009027344203123764,0.0008856419188745491,0.007267226681171397,0.008513880597033428,0.0062650984757566626,13997000008222
-0.007773256696892759,0.07632856888440173,0.021267429189285373,-0.0048378022337532975,0.0020831486273528805,-0.017830198265198757,0.0033419563585438865,3.310953093199919e-05,0.00026084204004301394,-0.0044713616856083315,-0.01588326308011802,-0.012524828206406054,-0.0038749698812327584,-0.12240723922420135,0.016119160010135188,0.00726039354877243,-0.0017681629126879443,0.02166122421146389,0.02349852857554027,0.006218560450200275,1402660000028
-0.037757068246687106,0.018278002259912038,0.05498153632041539,0.08580864588714844,0.0043426745256536815,0.11008408293360082,0.023894531529399275,-0.0013244379752296745,-0.000923917985403187,-0.0030163470626335485,0.0265793252854187,0.08536883887236543,0.018415704664167403,-0.026340497912499594,0.014298962681599602,0.04657475890458136,0.015786096193657614,0.013608772078403305,0.018747369910944143,0.01518216901312032,1420330000841
0.046457988012203785,0.0717126037392562,0.08373413450390411,0.0049483606770534495,0.007686507964153232,-0.003110379654019386,0.002809815180747401,0.0027373108434361844,0.0021370317491288073,-0.0017179089933068664,0.017167487500692972,0.007679845612193153,0.0017626596754700022,0.29701111173170114,0.004915089206958171,0.018408913844455817,0.010709241205782287,0.029682298893461558,0.029508095616441358,0.007015661234887206,1421880000094
0.03490390531283154,0.0048081687560879325,0.02926877002571068,0.10064860334773153,0.013164557181185562,0.11793815993858893,0.014925917335598093,0.012912657826174945,0.012732937570294301,-0.002989062193834001,0.022491935709284257,0.06686350773704981,0.005510382458099151,-0.034096323350405355,0.010662826144883791,0.03570634756421872,0.023653653816878617,0.020026072180573687,0.015147227549323223,0.006475623634325934,14220000009287
-0.015603879049733042,-0.027547635800882795,0.026083638679462413,-0.012835501188816037,-0.001257531904945992,-0.03181497933280548,0.0007088052338178809,0.012063234394500867,-0.0011319414249575746,-0.0049011054720574055,0.005632756680835364,0.0169370815851502,0.004860166174651312,-0.09519931049160557,-0.01153500591120601,0.00642286791500569,-0.01324444017416482,0.008588028621194208,0.006278847582057272,-0.010387116459788247,14322000003939
-0.05074792499545498,-0.00571070323814187,-0.02646974381031963,-0.004919004410016853,0.004021509536702793,-0.016208955160781996,0.0009420300022488575,9.51052679068434e-05,0.0002820042297894264,-0.0037388870933831196,0.003348678338915605,-0.021834500867326804,0.003441822149069469,-0.13650539079359275,0.00015631127541427758,0.007895913552714316,-0.017445742545530416,-0.016409896243763513,0.0018910384425059935,0.014362681098121487,14377000013069
-0.02929987213336549,0.0032359011430957724,-0.00787681188063878,-0.00468782086506643,0.0016845467592314371,-0.011591894014319898,0.001481968162169009,0.00047072904211235464,0.0005935639444146762,-0.0033054508587898246,-0.011085574488899947,-0.011049016539529943,0.0033318891379262128,-0.09432122106041055,0.01366741088364146,-0.009442704787024997,-0.002266426593655702,0.027689551169689852,0.023795849871914545,0.005648414059592318,1440110000786
0.13666056906365756,0.027763644350862145,0.039705830037357406,0.019883669881845745,-0.008455833238812068,0.11804912322348024,0.00399369369806167,0.00014255468251663563,-0.0001121387987279755,-0.0030225285340341234,0.025996495974226336,0.028199193688211496,0.006650966167421536,0.005167686340031826,0.01228606365198891,0.025085459646624467,0.04326284875184058,-0.002011171338602108,0.008081137453494078,0.032928603843156705,14409000001093
-0.013290967472071091,-0.06469408849460295,-0.036286640803357216,-0.005118809973678986,0.002508695686349505,-0.01845182016419421,6.851961828675389e-05,0.0023067342215189455,0.0013521589261065396,-0.0011596922070674076,-0.008555431482875147,-0.014874552990998524,-0.0033699868993197642,0.16561269578036014,-0.010379016887308128,-0.001629474385443387,-0.004817907759118471,0.011618567826141957,0.007917176432007601,-0.015250290426135592,14409000001162
0.019889407387765644,0.008670461242358611,0.014436383492855939,0.002291948272134175,0.006307574770945678,-0.004286715213613543,0.002017529956777542,0.0016944268489718572,0.001588652853798922,-0.002027434559476627,0.0027893237060679366,0.0107091179954652,0.0030617750882067614,0.4136207922875541,0.004383989374518349,0.00458556234218259,0.01741430476160626,0.02491141614048623,0.03216808601593635,0.009489583240376505,14422000008588
0.10941182030227777,0.009343016163752346,0.08103313453236793,0.08828683525934346,0.019416673704233476,0.14092479192775423,-0.0008111176038775196,-0.0005510433278005925,-0.0018334703324552506,-0.0027868146877487875,0.019389330885461478,0.06752571476123577,0.0027282572253092456,-0.06587436843861416,0.009587011139519017,0.023426244122737538,0.01072601320902678,0.005740700188271807,0.011457453558214621,0.028282352622258655,14456000000010
0.028924303823479543,0.02264727080429864,-0.008769789134613248,0.07624152853231438,-0.0038971904828239523,0.07951678030146873,0.0008385164058561565,0.000559635142608382,0.0020367735369883986,-0.002872556429164172,-0.0028416450205940133,-0.0037560487914795096,0.007536103965977896,0.13789881839104187,0.012961772961974422,0.030738590809310722,0.01710372557882946,0.006141136258616525,0.012291191179895824,0.017258538012202184,14520000002132
-0.01341626432963298,0.01566940464047031,0.020554953598167405,0.0012202552381369433,0.010233085680281475,-0.012764396297044652,0.006415466100140391,0.0028332271423666287,0.004995483541006419,-0.0011236567068706213,0.008780067233335504,0.012411577009201378,0.003685717172807894,0.40644320878614654,-0.0003004136433955826,0.0198716986626767,-0.0017045572695100716,0.009243029979351454,0.012037845798318606,0.023955850494362545,14546000007966
-0.059358740127702,-0.028301009640153356,0.006041701816283108,-0.011045189443556558,-0.0006083389399204257,-0.030098437545663107,0.0016391796021276704,-0.0008946429670064508,-0.00026426153994629385,-0.004885107498345818,-0.00513515406693379,-0.0030335955210992792,-0.0034940113213838843,-0.08042951480386086,-0.00990813023504001,0.006911306723597226,-0.0007864495101814597,0.013267354305445673,0.006859705677021528,-0.008022515004791867,14573000005544
-0.00640723646018635,0.05916921002339259,0.013789505478053292,-0.005175216523973376,0.0042530329125952246,-0.026152327217794535,0.0019267090825523263,-1.1782180681328965e-05,0.0004088096890601758,-0.004157225007856258,-0.017390817608201915,-0.012341106216685426,-0.005660923118787077,-0.07956415451918857,-0.01291292062325936,-0.011729876804978077,-0.00873502539917939,-0.012873607761257904,-0.012842009860612609,0.015126200624959348,1459330000382
-0.022912649785691415,0.0026091293454517306,-0.014234263170800622,-0.0049447782369423186,0.005122379401931016,-0.01806478083741053,0.003194557774259324,-0.000856101633713431,0.00039360765668940595,-0.00407976165352083,0.0032475846580692323,0.00838404976954213,0.00872970912040883,-0.1189740604583248,-0.00522872284564444,0.01895594791138375,0.002250245254213412,0.0019517888796347315,-0.003697089001056399,0.02201333928578412,1466110000110
0.08030940969213059,0.009546591462548625,0.014114817407666402,0.014614612258124734,0.027351069000334263,0.0012740675230683786,0.020974504156565942,-0.0005756650485152405,5.216502177727395e-05,-0.0032693916895245034,0.023479238307796198,0.09471059128655852,0.020203604865953212,-0.02722339735720239,0.03778341288431952,0.04972932273316021,0.03970026149720581,0.02951670485073854,0.033259389928032984,0.03654888296708566,14689000003384
0.024653950724576355,0.006957683484404837,0.006272751973069598,0.0032641987206044106,0.007292261440706105,-0.0035055480926902793,0.002542361322489267,0.0019509458960646096,0.002090072464524309,-0.0020667370871028878,0.009394623045319555,0.00991785131880134,0.00399374286923755,0.4456451602623857,0.003754929168718625,0.01682115507335838,0.017365294678723994,0.02889196154125395,0.03851317875681744,0.015303132432612788,14715000006747
0.03389392262866593,-0.013905103104880124,-0.013620359937223702,-0.005034365628259513,-0.0024453136586358813,-0.020485284463927934,0.003303070158040113,-0.0009140469312184051,0.00021373194736024016,-0.005721950114712011,0.001159905445258006,-0.01901443550215958,0.004419816974983213,-0.13328385107255877,-0.015168285462720648,-0.01500744823670063,-0.003915424288423885,0.015433459697007124,0.007586820051691387,-0.011822498360345886,14737000000217
-0.03552900888962734,0.026439707697437746,0.014646452990686846,0.0013104882556757994,0.004804665446877451,-0.00776251183979768,0.004718613691139203,0.0017445943400112925,0.0020790807735778477,-0.0024894636460298892,-0.009325027052788598,0.04801718771923517,0.008225452442371895,0.4042276615527241,0.0005626376277458391,0.019792380973706614,-0.001992045259608535,0.01609168672267089,0.024292020557279515,-0.007723355418629941,14737000000497
0.02572636742223723,0.01080417453554245,0.003239099894023934,-0.0024740870854100556,0.013203803607953432,-0.00930790733272788,0.004323139733403879,0.00024053082417272432,0.0005042534865527592,-0.002777579527908857,0.014264966916436611,-0.0019981170208592507,0.01770357672589757,0.0526556306324322,0.00519101724993495,0.03350980236941182,0.011219374110058218,0.013796498900719371,0.012173885989482693,0.04449156409737414,14775000002429
0.01967929510081909,0.013803638842248937,0.015433492475467516,0.0025153021976398503,0.00713210396891106,-0.004618809440326302,0.002679292388825111,0.0019761201078806446,0.0019183984231048942,-0.0018678640639612578,0.008054052173593356,-0.017756103413557867,0.0037695685131548967,0.4224537237493754,0.005824966759494972,0.021263126508928618,-0.006572613089216299,0.038905001467690215,0.03278455467605771,-0.00043090261105344356,14789000006004
0.026970555162548326,0.07278756569564833,0.01396802556249185,0.016588663953408352,0.005528339884042707,0.12424621705602004,-0.00019311126256739265,-0.00040392715977115583,-0.001053862897886794,-0.0031079958069853775,0.018780257058725304,0.08431839364723684,0.003395936603501724,-0.08993432304278695,0.019610781171166606,0.02848744938113718,-0.0015221390902818584,0.005456154555568396,0.009139327981326863,0.020181655330153255,14804000007818
0.026550908850798364,0.05906058422889888,0.08674316340590087,0.0028067241829127423,0.009787710618434678,-0.009044364641380045,0.0033949746692070303,0.0017527334205420244,0.0027771182566976027,-0.001841881953016045,0.00927682965205587,0.01091139604109157,0.003578974080777541,0.3606495422473487,-0.001172635716556121,0.022603775273987447,-0.0014956741359998349,-0.0031906681224073944,0.004823979090665757,0.014616012427974282,14832000001124
0.09697150785048918,0.008953697967714138,0.07185752292147723,0.008440215585388641,0.02235075902463446,-0.001535424915078429,0.01829234081493829,-0.0009172076170394017,-7.104567724966606e-05,-0.0027930462593353965,0.03036227256161286,0.09722266982610939,0.022260423884663056,-0.010239459050124666,0.037999011922079155,0.0582123607817575,0.04423002644054705,0.039517380631896686,0.043687128649439154,0.03613544783311241,14832000001183
0.0227102893624563,0.012316803815187877,0.0005752911489382312,0.001560858377422077,0.01292309508203124,-0.00605245381122103,0.00431139065518744,0.003444945577831833,0.0043725745190872686,-0.001665356118913449,0.007374835141882629,0.01312199139545337,0.011757801001495562,0.3233099864793239,0.0019326229060252155,0.020432417126615712,0.01893408851630495,0.012383473097968058,0.01794285480531794,0.029615978513824335,1483770000226
-0.016396680177217397,0.07893046059485766,0.05372926925936931,-0.000918994266469174,0.004650719908886669,-0.014389965539582196,0.004213661195018084,0.00020802791660050197,0.0003682955558395627,-0.004154628764092296,0.01682603459175381,-0.001916886959029803,0.0031548999360915472,-0.05175222575127354,0.0018105256349921388,0.023368778701865968,-0.007883707695939006,0.026497287421310238,0.028615469452086484,-0.005479197745193121,14858000008544
0.09468515537370423,0.02090203649409915,0.026260181044217273,0.004136249700308715,0.01786881009556072,-0.009648992033135611,0.009342373787694338,-7.527331995056465e-05,0.00015838272410788963,-0.0042515966952923106,0.04589901401246218,-0.0014449933810514535,0.018505151237798334,-0.08879353163196382,0.010625754656270749,0.003033456771368858,0.005085521641871104,0.012814461795386228,0.004883699946953993,0.03807811646326036,14943000000073
-0.057902542222172726,-0.012516582561691905,-0.020848589636345474,-0.004497088884581148,0.0037654166278129255,-0.019349976108823632,0.0009330532704466642,4.1193243777411116e-05,0.00018653943327556305,-0.004000608106836688,0.003944611487638345,-0.021311787908979186,0.004153293651644763,-0.12783384335439657,-0.005452735127985903,0.005157437642714221,-0.00725204208382177,-0.019885102649096258,-0.013656706617778703,0.01008192844980103,14955000004272
0.02635061115063477,0.062376094126392105,-0.03030495191213935,-0.006283930396333634,0.007067680919621858,-0.024477779711892463,0.004303056409729005,-0.0005017210261818283,2.6381116951529722e-05,-0.004276433958747752,-0.02262173857522128,0.027849949089746567,0.0016335495422327897,-0.12034485165816206,-0.013968322274563627,-0.0021521260727426932,-0.013801215304657168,-0.009674412493628408,-0.01501610208581336,0.013799474209299334,14974000013799
0.08043182622449416,0.00906853514005496,0.007970644725686616,-0.0006502950555399005,0.014327592488870881,-0.016327517819607753,0.005144797422751201,-3.8999461455284476e-05,0.0005740946467533741,-0.003484086607243773,0.010476747898233574,0.0005056182822786694,0.0038417387771536335,0.004698094334387028,0.012568980736980364,0.024455570195326157,0.013767895697189565,-0.006576627827720712,0.002634289570722856,0.027575787580290716,14986000010403
0.052887906319782,0.1369331795037034,0.16188001301612734,0.003416799898835832,0.014330835802234857,-0.0007659716344531873,0.003232920622388529,0.000643389546547582,0.0011509003998072334,-0.002321240830645257,0.016620544122874444,-7.233047705607552e-05,0.009742695771380821,0.10750670209471018,0.014847450604013088,0.025902928587433278,0.005293704002622451,-0.004932749057685016,0.0019534030545471947,0.02598097767362245,15031000003326
0.13846725715722125,0.011328330349431884,0.04414028848143449,-0.003506570923442103,0.0043755614707586925,-0.016629338891807607,0.009860828863963228,-2.6342593193534996e-05,0.000284210106004345,-0.0038824968135001752,0.02337077152091317,0.005616124068698638,0.010987679216491922,-0.037352483008434745,0.02597927639850984,0.05165580918029644,0.015069061815311351,0.03375608712174802,0.023961485999525745,0.014142590929432373,15164000008964
0.03836336384844675,0.06930423923753234,0.07303896988470955,0.015623638327011328,-0.007366040193958658,0.035528533367190376,0.0013160057360369385,0.0009648944309949992,0.0008172490113777803,-0.0016572551406669855,0.002865774254706968,-0.004617241631253217,0.005019274747927033,0.27343977829293264,0.004708899796660193,0.014927241502823521,0.00737563865902628,0.02637262277758882,0.026931093771381663,0.013243632308578395,1518220000641
0.09217725423580171,0.01113275274316234,0.0013401827631291641,-0.002883992656608127,0.002961486786138623,-0.011763286362976572,0.008593894374428637,3.156777059475094e-05,0.00031279518310432087,-0.0043923934993270845,0.01910563758071821,0.017624690494905237,0.015151068723512615,-0.08783043685971975,0.01795496770320254,0.059759524495712125,0.04632757183159624,0.03388490868640185,0.035844821707794856,0.023948090123277317,1521220000610
0.046011231757691326,0.07926245355344488,0.09454997868987058,0.00346711459550365,0.007334254294038729,-0.00565090145949345,0.0027366158517943763,0.002120515627254659,0.0019354785602500185,-0.0018923620287965772,0.014778804445284677,0.00298118891539196,-0.00023300715478717415,0.3231760239589807,-0.002714083370176905,0.01900731079156323,-0.002890046774783867,0.026002944397237503,0.026363687962050266,0.009575332598948848,15244000001950
-3.950883330084866e-05,0.021585505834955263,0.011445158952716895,0.0017499727009790767,0.00431043255539056,-0.00985369377077087,0.005616207826713566,0.0016910384151958677,0.002146234498761258,-0.003288602742466488,0.0019600722207510483,-0.0007129869097403391,0.003838933925768453,0.42987218277482947,0.001837524348378038,0.019439766755179895,0.008336428400072485,0.019051561280866096,0.038680016611443234,0.028476468737897727,15288000003146
0.04937643543954422,0.021777357853222955,0.07634162846849178,0.006053028534900718,-0.01866196043331924,0.07148334776539186,-0.01064762305655048,-0.0013452424057533157,-0.0007803694544827337,-0.0028881690522058823,0.025495189122237596,0.07738710737291035,0.02021128285512915,-0.033352020206315156,0.024649890575688387,0.04955753667240379,0.0183037301211448,0.014333097019378314,0.021194494217239065,0.02584026151750238,15306000005303
0.0656677414714006,-0.023742814711716263,0.01903226931776055,0.01880519405122957,-0.0031058079070597753,0.07728991276731088,-0.0009068604657075724,-0.00303320265027123,-0.011398553683085571,0.06518971595343304,0.008555736427445804,0.06064220899754202,0.004224289945304711,0.17757598747856027,0.010090712492039435,0.014017531478974693,0.03255590404252369,0.007070356530983565,0.020637560615935937,0.013889573693584144,15316000000813
0.04099084151177103,0.07402692580041556,0.08688815943668152,0.003006388137922739,0.007210094063761717,-0.005635714795004651,0.0024289418302074293,0.0016636819854052055,0.0016265465120305332,-0.0018216203724009633,0.004419596955586661,0.001825297697192528,-0.0011792727482433213,0.31735120479497725,0.0011505304455166085,-0.0018884374758907961,-0.004326675391236788,0.021217014204715612,0.018114781485857462,0.0075590130367642365,15325000004691
0.027471270573093124,0.0605387556325103,0.018591714246169466,0.0009384020539821891,0.004039080415344833,-0.009932445994859656,0.006971176632761411,0.00017529900603643875,0.0003730811966094907,-0.003926716299537215,0.020048292693076113,0.006415533086479552,0.014105717942580287,-0.05574459166744214,0.003195072215677434,0.05150548278068444,0.0379007963732902,0.044427144247007916,0.046477558088687684,0.006250874138077924,15340000005043
-0.04659816403147578,-0.0038609845362607086,-0.030925816535839725,0.006867352495080418,-0.007402712005792954,0.04357320495638595,-0.0037169460027338275,-0.0005329898115354461,-8.717722753556463e-05,-0.0038549743398492518,-0.005147335984069705,-0.025854357150814706,0.0067977137756664195,-0.13271774661021637,-0.012731850013521503,0.021007944250746525,-0.005104920700482209,-0.013354081002798193,-0.01159510332647828,0.005875764727077786,15351000006191
0.09088755396415993,0.0189387102800934,0.04528947845612499,0.023067208785266392,0.010906750119391576,0.1295880994357793,0.007936970660971631,-0.0002168867328450116,-0.00038527611994571844,-0.0030205301817956077,0.013605823970364236,-0.009556220336643684,0.0047552061804132665,-0.07640408932267455,0.02002468066862578,0.05035223897273835,0.001613955236293384,0.004903210753462297,0.0025074352168524875,0.026428810442730183,1538550000119
0.006203587401014193,-0.002568618401753126,0.025074886980972245,-0.0021486421644565613,0.005199027006461704,-0.017065765778736985,0.0021324674714465804,-0.00014586164401607542,6.629278835681288e-05,-0.0030168461243120157,0.037232640045244104,0.09534687922467568,0.026709395474196984,-0.05133586962034368,0.01724186443073393,0.05139720579248722,0.018081740711613666,0.021274020147267328,0.006990567125982418,0.021174839306030535,1539770001726
-0.01634322439925332,0.0015492452459280907,-0.02023529590722541,-0.005516307351535194,0.00664999608655321,-0.019614196885775245,0.0032967555704809057,-0.00030235210959364165,0.000356442161301153,-0.004003575432273714,-0.00010896477917025236,0.00887338828080558,0.0015438495437699725,-0.11176760061320207,-0.001486379429395796,0.018141795239505383,0.018165365768139447,-0.013307832168363124,-0.01018364114498684,0.020924513030864605,1542330000127
-0.008108297894224396,0.0013226407115314537,-0.020501443762561907,-0.0012082991077090727,0.007155487291348286,-0.019285086673402296,0.005012158669810886,0.0014440499268988643,0.0014755070217977676,-0.0034447210806379932,0.0030657517904334967,-0.004843161993928863,0.004062967739936999,0.04310144361038756,-0.002718639513501019,0.021983639940102905,0.00727608229548916,0.001700112636135553,0.021031590661877552,0.017133780288967993,15450000002168
-0.0017866641255324042,-0.040085361648429255,0.019612284006041713,-0.0088912554190501,0.00723907550788429,-0.03177543438716186,0.004626258703599186,-0.0014767943763088582,5.428254548111718e-05,-0.0048684437528491616,-0.010540439223979174,0.030445491345049473,-0.0042805117512661715,-0.07790496440448569,-0.006076868005809019,-0.005267687402205301,0.035732110436844156,-0.0009950599322586598,-0.00336999215941209,0.020552868123300014,15506000004557
-0.018546086084305847,0.015438968232563532,-0.0006410008836446754,-0.00018948867640123496,0.005729283801417027,-0.009460064855119606,0.0026946194935867146,0.0027386125865750633,0.0015104416220930578,-0.0021555402451589236,-0.01992451751664238,-0.02860655448297621,0.0014660334584650123,0.2296089346152797,0.008118614365853637,0.014573322654193067,-0.011639972955547449,0.023686230695588954,0.023979546505603244,0.008776205267071189,15568000007092
-0.008779118682096404,0.039552398784798465,0.021684681400181413,0.0021119186861552402,0.010624915200929048,-0.006838161284497215,0.0039225421792285185,0.002866444605939612,0.00292573503661358,-0.002064875876441825,0.015537302452987475,-0.004592400396624021,0.009642375283735048,0.41862043771436924,0.0072186918738241365,0.020511416821472766,-0.011887265147654863,-0.010943465538464474,0.008794509231460532,0.014010484611383453,15580000003533
0.010111003997980251,0.020766777819299153,-0.0074583642295278285,-0.00027362138360918363,0.004520968066209634,-0.015648648845918548,0.006388357288441005,0.00014522470849104595,0.0003825799315225158,-0.004027644811406361,0.025081391323459705,0.005707520935367957,0.011238363827911012,-0.0348040342712602,-3.9900702693512875e-05,0.05839835557633116,0.030722790854285708,0.03544299276233281,0.04185614756184543,0.007530816695532016,15600000004920
-0.05053877389288299,0.022822128588697137,-0.03753208037746767,0.00047633564576582193,-0.022610189813065847,0.06264048264226482,-0.009592616432686581,-0.002098828771478989,-0.0003115971335400531,-0.003835131482224523,0.009811150992579808,0.03630532071861012,0.0015157160854528662,-0.07060828479890675,0.007595015658457636,0.014467143113514365,0.0006904292670781629,0.005299847832268018,-0.006163520418135426,0.00029438999136953685,15709000011171
-0.0015320304511624596,0.0011805018694739018,0.023170989808623917,-0.0019306077439355488,0.0110775267227057,-0.007843417477001317,0.002471472154557151,0.0002360562252312447,0.0005152813002195056,-0.002799347269838244,0.02602305804792879,0.014238926610352066,0.01850557952404785,0.08008219748033009,0.015598267829563498,0.031428394496592675,-0.004925155029915769,0.0008377289999773781,0.010029353482423444,0.037315695139030214,15740000007351
-0.04441699059260492,-0.023419884688308766,-0.020953645645432225,-0.007608862538329434,0.0007739765070383778,-0.019810618252387148,0.000507364447676965,4.34012624534705e-05,0.0001871939209655512,-0.003658194286514651,-0.011082570923701728,-0.03163981627507992,0.0006892795003721925,-0.16631676376543714,0.00342344834987918,0.007488154636190725,0.008488544660209275,0.00782216195669243,-0.0022192020993219565,-0.00010063143928284977,1574220001100
0.02666140628481619,0.010991679713773723,0.013980437837591656,0.010087663305331935,-0.01776721469795681,0.04973777913292948,-0.005430864852517287,0.0022796997388982226,0.003310045214596399,-0.002288488759039602,0.02360810992673844,-0.01514745527314521,0.0027875225377716312,0.3478837751386864,0.0056501606965761435,0.03674180168283499,0.0017766293680510786,0.004680924261657226,0.0030605342688910893,0.01479458016097342,15763000002106
0.030457886743161924,-0.00936784597175426,0.05421649493597071,-0.007000650051766928,0.0007481594105220263,-0.02360427764432238,0.004429041223485978,-0.0007425593724164296,0.0004991091427491661,-0.004880285358217164,0.017362465193381978,-0.0037691304620040863,0.0069964465560638,-0.06652537317550782,0.012408949341225198,0.018485020933621817,-0.015039226326865763,0.017620556736491804,0.008571114285383158,0.012786797802223748,1576550000662
0.026118396837185892,0.0022892815331264547,0.005644776659884202,0.014008570282624604,-0.008067143400575091,0.032606799236276116,0.005242393846525892,0.002801071437493781,0.0015285524105154748,-0.0013662793692347515,0.007491682972660445,-0.001103314667970195,0.004718135070143895,0.3397138595210893,-0.00035795402598890255,0.01844613338459825,0.03118914705393873,0.032888033068601615,0.025045294673157848,0.012799384401500353,15767000000039
0.06009577377954362,0.049001318890690294,-0.022802352433467683,0.01354794245864427,0.005244605138916552,0.07815117131024124,0.0005518294844783704,-0.00016058589839328593,-0.0006504538999485814,-0.0037752276604004873,-0.006270649003968509,0.008933126976769939,0.0032644731660787514,-0.045830596457908906,-0.003034414944060644,0.024419695279968682,0.02672742304335061,0.03316861602924805,0.03382730561055729,0.009289785867179889,1576990000294
0.03800485194091017,0.004720788389382159,0.026421286463058483,0.06739692999856244,0.006688837225426618,0.11460348018839073,-0.0017099397531361285,0.003450290089503339,0.0035030461809878706,0.0002026414135842987,0.012043748781409987,0.06672601192664705,0.008847018842919089,0.19950129857536356,-0.00019504524595013908,0.021956531492443865,0.0015437380784070847,0.01266070068428443,0.008991068358317915,0.015612870628373155,15791000003948
0.02024823943361042,0.01397505883086036,0.015858709865122212,0.0033356742397999415,0.008370085005170119,-0.0024123083581540435,0.0031753282789327274,0.0019255018642938878,0.0021814592461044434,-0.0014079537284796826,0.012838709841350722,0.0005803209543241367,0.004372361365098569,0.41348425848720993,0.006420578662088616,0.019924117494043415,0.0005171418235842591,0.03485189518249218,0.034081577647751764,-0.0020410780667932333,15853000003467
0.0350309182195009,0.004862222219835178,-0.0036294363427014195,0.0021232285818532145,0.006944613913369397,-0.0038032354330091674,0.002602003327753336,0.004150803048731237,0.00335703354550762,-0.0014970372338658218,0.022963293083961653,0.010487224884039128,0.015442460160555659,0.46520394045405755,-0.0008414066704147548,0.021673682463270352,-0.0004001386473098903,0.03004316532962676,0.03071140120887068,-0.004252200902364285,15865000011894
-0.03558996959550184,-0.017647016770329628,-0.01342186794800117,-0.008768642712116853,-0.0015396079389199038,-0.029551350220603494,0.0023579766472628105,-0.0012067334900280103,-0.00021003999776312876,-0.005091592041377689,-0.014103362405019094,0.05589741926818471,-0.007770391408660296,-0.10649450995857512,-0.016561850740649496,-0.006106464703599233,-0.004618387136802244,0.006819385759320023,0.0025162954108596636,-0.015323379500071335,15941000001381
0.0060664242931879,0.06453104906035562,0.044255601785885355,0.0032419199019018577,0.010036585696560232,-0.005637095603154115,0.0056576474374808415,0.003844716236960268,0.005647828288054278,-0.001281588074291764,0.013963014253904303,0.004336898243995711,0.010415030898749273,0.389922307521396,0.010441840318611386,0.027492817975625732,-0.0006445895184068165,-0.003318946204245774,0.013423870886526145,0.020551011335981632,16055000002611
0.10312530288720988,0.003923994595802453,0.06496622145891694,0.109833520625502,-0.00422598745578624,0.10193005280106555,0.0013556843425708755,6.408426052941123e-05,-0.0008717455634181346,0.10411280709492468,-0.007469890684707255,-0.008891225031020295,-0.0008534567327376961,-0.06905852745556627,0.024240180015338862,-0.006645653184729792,-0.00036735311319653196,-0.0020320820180711415,0.0016919792332476332,0.022785105325868964,16065000003504
0.03666826754730296,0.07013618568660313,-0.028268092232295424,0.07452719989750725,0.007595958677260742,0.07787011458580335,0.009828556995513955,-0.0011917954950437129,-0.0008142814603564195,-0.0030729006607796918,0.025267493919515976,0.0635380862277337,0.01031758503436957,-0.03924835042471926,0.019970961220534746,0.0192690172730126,0.01820964235551133,0.0138440314469086,0.017615883639469684,0.022277353645796888,16096000002583
0.058640938329113663,-0.01000643002833985,0.003340377785813181,-0.0025478914747654375,0.0025080010834272483,-0.009935661396803267,0.003577953884561849,-0.00013287850496896173,0.0003807734812444651,0.07216061778110065,7.62881308374951e-06,-0.011614953862361615,0.006722877684487326,0.24743077905336747,0.007812560288616661,0.012364989882395941,0.02614329968049128,0.016203114621816415,0.017810107487080284,0.026949187764764286,16190000000895
-0.008638080368666748,0.03170757685103542,0.033246999938112747,0.0008475311369844589,0.003987408066454801,-0.008901304940921385,0.007025323429668204,0.0017207546041519382,0.0025940536708113074,-0.00336973591972143,0.024524538369482284,0.015964154244491352,0.005880650354453542,0.13508076075123224,0.010149092429488358,0.012516652104781563,0.0066148867682811995,0.032238537946123975,0.02886156007302455,-0.007512326416796904,16242000001264
-0.03250107561270488,0.0058401630300522,-0.0008947672647253415,0.0027046130266417754,0.004676083655321163,-0.008671981376003361,0.005464514953233869,0.003359116558442082,0.003836260088383391,-0.0019162202671622935,0.0039162041053538285,0.004938401205172854,-0.008890716918245362,0.3835296974742544,0.008237701616161101,0.007817440934846378,0.013433363559290208,0.018865231571941806,0.018912023611463585,0.007649385240814481,1630220001242
0.03017791779204787,-0.022179892823320464,-0.01029345832085024,-0.0008114634863958832,0.00537483373629279,-0.013893611135256608,0.002300063405628307,0.0031074448759758426,0.002593142439947237,-0.0021161684672047496,0.028900739676867914,0.010354198918082645,0.008680223484234825,0.2844560155856184,-0.006809433155639752,0.014048280416920874,0.011286683981034187,0.018445922428082503,0.022441743215824237,-0.007625495841470715,16365000001757
0.039382536913019614,-0.003357658872557542,-0.0030532713359775676,0.0016221744216203544,0.0059568639069004425,-0.006440355658540278,0.0028698653121628694,0.0029912837713468184,0.0026616598821824398,-0.001900295092832761,0.03532255698654474,-0.0016537445365641269,0.0074234261558685476,0.4458966498766065,-0.0025524390993936063,0.018270574687106314,0.0013365370932677692,0.032341218580048625,0.03172446332883926,-0.002415125143467982,16377000006455
-0.031228417742258183,-0.04393173791534905,-0.001035564772269756,-0.011058015918992076,-0.0017018641121649403,-0.03200840420634913,-4.865141802076228e-05,-0.0010911958675756464,0.00041993972609786774,-0.004821679234819551,0.0033838092484939257,0.039199278596794826,0.005041877040761529,-0.10765542151411035,-0.014933474332689265,-0.0023430045835585002,-0.009600272319465615,0.0010688624836946567,-0.005246373112021461,-0.013780805628581935,16567000004464
-0.022085900901695637,0.009798903077206662,0.012268107834616748,0.002425314824705626,0.005049212060967858,-0.0023772707585253752,0.005667717580251025,0.001692480685842957,0.0036151334772195234,-0.002207700213394366,0.01388100494066661,0.012830747954380637,0.008954671779418265,0.4396528642830079,0.007921434684048882,0.02315588860028337,0.029963940763772127,0.0274308905561643,0.03687676556678555,0.019961840121230114,16576000005399
0.06354906067546022,-0.0005041999239563418,0.0717187070565846,0.10445094475877635,0.00908456003265211,0.12208448903635433,-0.0022452549389584383,-0.0002801816392981067,-0.0027803794078230834,-0.0032336390447221604,0.005383153174680621,0.04038140729814678,0.0022198782120029324,-0.05370028760033931,-0.010553105772867714,0.020380238578351084,0.010629107983588675,0.0027791627232914805,0.0021262604725712205,0.023273883378042218,16667000004732
0.01691556600640877,0.017105477437786773,0.01647680235014798,0.00297858801390574,0.006707459409452315,-0.0031006053624215734,0.0022663710480685995,0.002142280307751408,0.0015710738247138446,-0.0018296609833496967,0.0037042226691357746,0.009920027540950472,0.008386067830856641,0.41571872832451073,0.0044727116399696076,0.019306211563630025,0.018124392176161304,0.03183671112153624,0.042010425148333544,0.017265240699274747,16679000008424
0.03302269753849939,0.005549932752841053,0.006296890646988681,0.002833568609961118,0.006471452326731037,-0.006944544558036487,0.0025192287155950143,0.003279437452714159,0.0025602268768590334,-0.0014687853249125522,0.0051841125161649045,0.0035373854110433405,-0.001255821322102794,0.4422816417379865,0.004637350105777036,0.013519770325674045,0.02089562957061646,0.02601624942392223,0.029900773596353444,0.012156767380020998,1677440000909
-0.0021755437980575092,0.061305774934764086,0.024995854811103075,0.0008228749639672243,0.008575074046836162,-0.012423671047671793,0.003380542062796704,0.001000982690230082,0.0030400653031845484,-0.0018474392303054164,-0.021045361176677102,-0.009041163158285377,-0.008896694915457208,0.3546603979912332,0.005914742917877697,-0.0015666665231323926,-0.00042313569200610747,-0.0140163273796577,0.004686682072003656,0.008717609830586968,16817000014163
0.11184314975003186,0.02225146618842897,-0.0016770335105773288,0.02261179266189567,-0.0025687404254252436,0.08888919413944815,0.0008557004559046342,0.0001290282641671015,-0.00012474759930816327,-0.003589988777584717,0.022944488811070453,-0.001898618628308295,0.00675604258833395,-0.003205430763336926,0.012176700525279477,0.04012340767180308,0.009075910519066008,0.030001657965538987,0.03551538877608204,-0.002996357210765417,16834000002189
0.003792298571809175,6.192394982980148e-07,0.026851336056707416,0.07317488104072427,0.00752286640527365,0.07831797694760471,0.010666587363610964,0.0048292347797381395,0.0012932200299321625,-0.0019693268758956234,0.01739945340157587,0.054216899639527555,0.005966077763204446,0.23337608753243863,0.008515778997131079,0.026178538879774848,0.013503212139577267,0.023366113367473407,0.019681164464620104,0.012572848800274386,16946000008630
-0.018259936720498214,-0.003103654677772969,-0.036724293349421296,0.00582967292435534,-0.012725302432075938,0.07532404763237921,-0.01651695578858781,0.0006789404193693106,0.0003891972288618679,-0.0038787527808251615,0.004218282310399745,-0.0005338419433748076,0.004405998346838893,-0.025092819876971904,-0.012518910097496283,-0.010779463040594376,-0.008646394787107287,0.0012017668607069098,0.010648746864603527,0.016168906531177245,16972000000843
0.031740465991074614,0.05479564349568647,0.07808382679714777,0.002025499611061284,0.005927487876729663,-0.007367957450610042,0.002529329312425892,0.000997381432431293,0.0009455373132640861,-0.0018306018668160986,0.0006449591763504967,0.012817935116926768,0.003644834228645322,0.32285876525530943,0.006225557363308371,0.013209146578251313,-0.010132907666712987,0.028867455642685995,0.031944351513167095,0.019630746125861447,16975000004375
0.02328200046155293,-0.0005403786555561371,-0.0004303860790280918,0.0011365289576438832,0.006054254448066281,-0.007419724793396241,0.002810601507414979,0.001943164387660449,0.0020840841533761377,-0.0018554289491246405,0.010793507309591686,-0.010201132663290374,-0.0023263268826835153,0.4484372998364159,0.004069445836306697,0.01031075434183974,0.016288211349760825,0.02452758862208786,0.024909025544352204,0.010454208383038498,1697660000602
-0.03248316741711305,-0.009345955136058598,-0.032997497739506006,0.018742124826228307,0.0065224457956249565,0.05742319996488806,0.006082620633548838,-0.0005041060946720305,-0.00018378582670920964,-0.003076854793098052,-0.006283953019009962,-0.01832052483032733,0.00546144874830695,-0.13906783238919304,0.0064951157993949115,0.011326097842785167,0.03199312735741393,0.015454750508576325,0.014225424296275043,0.003686047160103311,1703010000709
0.003980019482823382,0.04255013850186153,0.024837931372739798,0.0003204054000552997,0.013107479578540892,-0.00863399340243705,0.0029750569842616455,0.0014568273701320764,0.003055197843299568,-0.0018478866340394919,-0.004147798352231777,-0.0018345923139952696,0.005676518968988335,0.43345526538932283,-0.0006158138112837866,0.010515032988718923,-0.0030034450875296467,-0.003785929137819943,0.0038041385904132763,0.020412959834425884,17036000005422
-0.020192797153951468,0.048990521843436746,0.04181453289102095,-0.005367972350608817,0.0021997804903137953,-0.01406781394913465,0.002637558637241049,0.00026357003803896675,0.0003755863374239114,-0.00345597179218386,0.004941616384750025,-0.001544990029397095,0.009343534540281032,-0.16270570136107512,-0.012713627258477642,0.02514844131001272,0.026692912893307903,0.031996951017283524,0.025064807379825315,0.0052919179238050925,17036000005435
-0.013372883390497402,0.034320639719408325,0.031127126754053554,-0.0005545521213757605,0.004257952434101871,-0.009674560401715441,0.001971190075048174,0.0009037174881648977,0.0007198188284706985,-0.002777639430701651,0.003799627260489896,-0.005508348722652784,0.00514583017614234,0.08510949888239436,0.012783427989087562,0.02072387293821289,0.0038568205133656303,0.04420880293114131,0.040635038313997236,0.015085818103117227,17036000005449
-0.07205186382876819,-0.031228900266025175,-0.0432836205867586,-0.003834257316837738,-0.022567287923038803,0.0548893621826494,-0.019445048591540937,-0.0020855167623505537,-0.00047301956657028,-0.003906169360956403,0.005214760224160758,0.030756780700626648,0.003912924168866279,-0.07434741021431678,0.008989948915085434,0.010935921362756765,0.00027503776669979984,0.005139577768890533,-0.011897682404436146,-0.0071598888957567315,17064000003642
0.08001648826377092,0.08114973429327191,-0.007543244778602811,0.019820765796148325,0.0023193957193296914,0.11217516297709786,0.005305639315965643,-9.860535387970489e-05,-9.232977047734531e-05,-0.0034560864632000197,0.025547903741916865,0.0122615324017099,0.013837974754085259,-0.08696294239834718,0.026256157151562216,0.029356027983385418,0.00020501487195005868,0.005011051339966037,0.026992103997002928,0.019796981844802,17067000002650
-0.026471567988779313,-0.03553983129419426,-0.023211918266188288,-0.006949889425684082,0.002016209732868254,-0.01947396050482623,0.0010927456219941508,0.000202898573179186,0.0003585349447006507,-0.0036183096012446445,0.012371186740836992,-0.02237305953973626,0.002456878858278727,-0.12431850853669123,-0.003150088014548908,0.016543583889910302,0.017885428273707107,0.021331407594200803,0.013256063570598458,0.005205206773362054,1714770000008
-0.016478848643226875,-0.033530257020589226,-0.024008541647447486,-0.005842452682486993,-0.0007392182891982225,-0.02290774368772134,0.004499121720099678,-6.998688605750389e-05,0.00022377139053673473,-0.004250379846471745,-0.0017712511425220106,-0.018507655872878847,-0.0027165340463647055,-0.06916718591758517,0.0023810052106305246,0.021925331631025027,0.019958605337545555,0.022427146402848736,0.015177421572854613,0.004198163818752977,17159000004846
-0.026178861201378127,-8.213378302410163e-05,-0.01061475861905878,-0.006660475792301907,0.011180412661470839,-0.026251458725263035,0.011902301077871312,0.00019937416831640296,0.0005172603065975305,-0.004027919680113664,-0.012548505760205787,-0.006942101990869689,-0.010553882733163582,-0.053395786170365785,0.0012596689514261612,-0.005016126691110213,-0.0077412688966558285,0.002223225786407627,0.01993919317976669,0.01673133438987689,1718770000332
0.018332772396493023,0.005941087063749243,0.004918360352867525,0.04622416301269888,-0.005687192605905708,0.048316181929865816,0.011319519943086432,0.0006985594963363138,0.00026509228489059275,-0.0019761155549299393,-0.009688923910386785,0.05641752907949749,0.009124617840794802,0.31651474862127993,0.008672300015251516,0.022729236169373935,-0.0013729699675193452,0.020812120108800167,0.017965987893476813,0.016169270565356504,17298000002199
0.028253164610796033,0.01779229027879667,0.01609264531500254,0.003649022367102891,0.0063562232847445155,-0.003382098548962282,0.0024704347656813877,0.002379537779361863,0.0019445422637818259,-0.0019961883577668837,0.019140782850491752,-0.00011935247050163996,0.0078932794874529,0.40160909882333995,0.00036397694678056347,0.01974915171338565,0.014122717042741319,0.03660691192526374,0.04572766962964531,0.013990947726352282,17415000005916
-0.02539174423060176,0.0091450915869503,0.011496478351090965,0.0023332476511326032,0.004124767797228043,-0.006031243024722221,0.004821018504429577,0.0031092331645503892,0.004256739652590214,-0.0018200292013574875,0.021381972036894577,0.00648041135207637,0.009606907312825064,0.41856992981556057,0.00033027894648130136,0.02427443214452488,0.029840164462957113,0.02795028839182071,0.035885980173077064,0.020612122029444513,17443000008351
0.032459624368187445,0.007714889001164151,0.011878883522744901,0.0031218932078462347,0.007120302892953107,-0.005776748272921771,0.002686561328383998,0.0034645780800681564,0.002523562990029539,-0.0014256394520002337,0.004022297828826797,0.008267889491616451,0.005578914837130974,0.4285643302485277,0.005055306677499835,0.02473671297918167,0.022287220537927258,0.03161957527764389,0.03631798834208589,0.013775819895800033,17446000009640
0.005115062798734625,0.016087528788392955,0.01998956248420195,0.0028686450261713654,0.01185474240492003,-0.0011898261542775206,0.0033700860192445075,0.0030769387625426046,0.004420543933432569,-0.0012513263002246193,0.014496298921496831,-0.005812454481457742,0.01381367250052687,0.4286870263584929,0.007289769390720794,0.02538370127396782,0.02090702182832013,-0.005331416310480218,0.0038111265988276188,0.02311757739945977,17477000004881
-0.04796589359684891,-0.00849199110054368,-0.027542466379029087,-0.004578911314434899,0.004642929432524943,-0.01682088251619846,0.0014128468945014162,9.07671189080775e-05,0.00028003119328516926,-0.003934048813467647,0.0042118897913233705,-0.01401369557508173,0.002270584378223198,-0.13052432517320578,-0.001115261786212727,0.011740699607125716,0.026659672101861064,-0.015944998091366902,-0.012500157231590038,0.010712412938161303,17537000006842
-0.026640301797292702,0.002096926701637621,-0.0004363114739549149,0.01119072009339503,0.0018925287440157749,0.04591916627658543,-0.006437897645442847,0.0018089231086424518,0.002947291554753387,-0.0020549215002598326,0.02127432478548272,-0.00321830215013336,0.007393308073175956,0.3626410547541924,0.0020077343472928327,0.010270176508926336,0.020309922998988404,0.024086641037605213,0.03194667719398732,0.006726460901257594,1754990000472
0.038553329391584866,0.01700797863084864,0.0170540682776724,0.0030051063240935883,0.006210642809207159,-0.004911865480369308,0.0023557510916525403,0.0013826286343391946,0.0016279306590772946,-0.0017928484365077122,0.011273954652881855,0.045711229766746526,0.005988246037342012,0.3998799072179248,0.004634341900390285,0.019687870310656077,0.008825299656452408,0.03319709084595671,0.02952806486599285,-0.005129525278007635,17623000000747
-0.021313599748574257,0.011825588476295125,-0.015796813722669535,-0.005963244759182151,0.00025264420291458997,-0.01821989193407421,0.0031958520142002624,0.00012062226577572197,0.00030304272976548773,-0.005069755433048167,-0.011981427113316456,-0.021374372606320108,0.0008207772404077048,-0.13506881579117597,-0.005307488748239148,-0.00022399383376286883,-0.01723333747432754,0.021133953964886407,0.01539303292523531,-0.009857892070316385,17719000003416
-0.049245633618811124,-0.051753635545216246,-0.021869731918075182,-0.007295849566354015,0.0049229470850760656,-0.023152371189072703,0.002256472440256448,-0.018236887630478017,-0.030997242985921693,0.06389582789765881,-0.004891914993102407,-0.016775139802188976,0.003536194620921072,0.208906855674176,-0.008975696435663079,0.011069404345274906,-0.005037205559986054,0.001841315029454949,0.0024523242470679734,0.008359804703551948,17753000004104
-0.039275244160174236,-0.008750797371172127,-0.023548676181557857,-0.007492671676783636,0.0024701632351379708,-0.01588205164534822,0.0008348363778635969,-3.8016630841172286e-05,0.00016743167268372361,-0.003777751851195575,-0.018561332817714427,-0.007599724251303323,0.008203378040840576,-0.1496994090536321,0.013636669200631326,0.0053293440718287476,-0.011422547661418425,0.013900868092865571,0.010762445351705424,0.0019406492342014755,1776110001925
0.036360732274998996,0.017897287650806483,-0.0315904107580003,0.0207302722147567,0.020834618034133588,0.008434122992396055,0.01760409398831149,-0.001152147974018221,-3.14743678539694e-05,-0.003410591706167088,0.016486511121817572,0.0709782307640783,0.011503655238831428,-0.050280339156207554,0.038074477725599784,0.021706773149152373,0.03132935243729345,0.027567579816735376,0.023926620402175455,0.025763986683782627,17794000004380
0.12254785896384619,0.005246073263488286,0.06679982999714694,0.0015883824178263646,0.01441638951523252,-0.007768374954119683,0.010581366604472797,0.0004698665165609979,0.002123864779607546,-0.003387855382393255,0.033735327405666565,-0.0035900430203852684,0.015981592351913685,-0.07718795719631374,0.017493547428029964,0.04080703608216652,0.07153957442681899,0.001033145240850357,-4.8047534049847133e-05,0.04865206941601313,17807000003478
0.03369514417795332,-0.022590579959912017,0.00992907877197296,-0.006952169288300445,0.0004576895856541209,-0.024272459804002097,0.004262964503322811,-6.0128867346454435e-05,0.00031615946514821497,-0.005502161036704436,-0.018319409714307556,-0.02173861497747161,0.0017660263400207262,-0.13614328733435258,-0.0070630685261106356,0.014517626215134971,-0.024144926131093227,0.004875047976766311,-0.009363895295651528,-0.01931792946088187,1782880000557
0.1271368832300757,0.02329433591888122,0.027650907116216178,0.004088737283933465,0.014644459277041416,-0.00958599086154142,0.012104452849040846,0.0009370046572098188,0.003474831678257983,-0.002716063335161525,0.034201335216247145,0.019804812144197905,0.006364842055217145,0.09903728151495496,0.025942434058832876,-0.0067551173588044425,0.07053830627155674,0.010350697448660781,0.04089938111400294,0.038096306519750385,17859000000105
-0.025815871314613426,-0.02712720799425466,-0.01907978494633923,-0.006554256912236089,0.0008599020767321915,-0.023680284108342442,0.0009472921209668788,-0.0002213300597431451,-0.0006038473193197282,-0.003376012316977314,0.01777165707918911,0.057145942603703564,0.002217725180198134,-0.09432568648269415,-0.0006309950718111026,0.0017852128951449438,-0.009754895367654589,0.0166612340307972,0.0010225427583523932,0.016911997131290327,17862000007943
-0.0800971390206157,0.004231965356999136,-0.0388439310162947,0.0067504096158454395,0.011181974843806041,-0.002988501120054698,0.009637831002059647,-0.0008237572187854932,1.1194529529224033e-05,0.10651558030874429,0.008321940568601123,0.05006281600715015,0.0026189060179938246,-0.056618924744788184,0.016012527675980867,0.00783424211640507,0.007989680004019206,0.022699791300232423,0.0004605887090694269,0.004002027763773945,17871000000043
0.1634666490277878,-0.012121741113306782,0.06376095503443685,0.0005430441621428791,0.0061924523216124235,-0.009791720969331208,0.009779265664294105,0.00017875161724300895,0.00024213605719334837,-0.003609339281018404,0.053056802874143945,0.004287873734086688,0.01416172413773716,-0.05457227260622199,0.03879424417442181,0.05738343769275979,0.041542077360445344,0.032617307415776016,0.02923755281730513,0.010306073184997858,17912000004209
0.14463868659795082,0.009187710987926525,-0.003435864842546952,-0.0014595079791010098,0.005691626139232918,-0.016886553798266552,0.006441998361783275,0.00011459405121223414,0.0003327843169221156,-0.0035626312593243768,0.009952153494656784,3.446448275397578e-05,0.006279815535742716,-0.02189429750124399,0.019120171195032874,0.047498340190981536,0.045052506448056126,0.030401333911436294,0.026434403465297695,0.0032665156984792434,17920000003360
0.017708735881775156,-0.045901454100879244,0.00628465458939056,0.02044667409985783,-0.0064196705580930975,0.07093727852708487,0.001408507682985216,0.0037174682559885327,0.001488240248891482,-0.0015524856274052384,0.005278049373734166,0.05941723653739694,-0.0008113530854955524,0.24062602814691836,0.00387255666411343,0.022534147369281287,0.028065571432992494,-0.0018794919319856467,0.028499401962109955,0.011535773075939688,17922000007740
-0.003775541782292673,0.024600545935474682,0.019207165646277172,0.004705980622171921,0.008861143712767866,0.0015462513210745693,0.005988433320582259,0.005428547660755801,0.0066893586227629726,-0.001410228159545813,0.018321844348664098,-0.006650814707209245,0.008620706690785901,0.4163825485008988,0.008766523205866813,0.019825006801307336,-0.008550917385274604,0.004018950878146385,0.010044919914649814,0.012802110063404471,17928000012378
0.004602787388326493,0.07600502808261562,0.038104824791955566,0.002704710645152558,0.0046280115770039945,-0.009178401326158948,0.004265988544000552,0.001514651861145539,0.0018403063129715685,-0.0025663911312356117,0.004519015399401226,-0.0077794465068834395,0.00022112741963985265,0.3634553076402531,0.016907298136573455,0.014205141488048828,-0.006433620798870158,0.021720282442968405,0.027414038851869965,0.020671141791756536,17928000013715
0.02857829586480355,0.006696521152638421,0.06304079243946066,0.03384214389943642,0.009307754761274965,0.12725194298706483,0.00547680755069352,-0.00033995314814207016,-0.0014450842449388664,-0.003347254446664252,0.020804382781996696,0.025446829496236043,0.008049697649720508,-0.04214235268953635,0.011915922421293964,0.045389557347077565,0.0007942891820379534,0.017692816506788563,0.02183572668816542,-0.006212015273853944,17944000004353
0.14322300565701807,0.024784843960009302,0.09123925978451135,0.0020357996654973504,0.017172604381554577,-0.009632480495118376,0.010686575378744666,0.0004982804958065197,0.002144949777256143,-0.0030415908185196113,0.03228194063623935,0.00046924444098395195,0.018041094278433412,-0.08015024445250711,0.024189074041876292,0.04862314353850568,0.0604692882949001,0.009364241825545388,0.011066061480239768,0.055282840165687235,1795440000747
-0.005672011532533216,0.01981470604647056,0.02151922880339619,0.0015068068321409556,0.010310091031509623,-0.0041519040429699346,0.00573621964690825,0.002745488741384787,0.006033756815597738,-0.0016072874060277984,0.010889625305587845,0.006061092968319422,0.0029729800673912316,0.3171009061370055,0.014228705844961496,0.014857281328958838,0.023712315793119828,0.012684293512444978,0.009095778521025498,0.03232255603467186,17958000009043
-0.03102999346230329,-0.01285821898522632,-0.01735609271402482,-0.005698533819267697,0.000626545813054589,-0.023269186554106702,0.00319637607775973,7.511960673845505e-05,0.00030748991285258913,-0.004787316689062826,0.021667186905699864,-0.011490472467185361,0.003967425421415678,-0.09262824085393757,0.00012563857710532917,0.013397050718716838,-0.00608803091184994,0.017083689700942865,0.006860772280670785,-0.014340032627278988,18052000000806
0.029028443006582395,0.010329484078656286,0.007626436009719769,0.004435453206166692,0.006718226299843428,-0.0022202921538215614,0.003931752628326565,0.0028859565320837753,0.0028691760267339317,-0.00204695552155978,0.015203085369184454,0.00900758008935821,0.002523259712644864,0.43246318755171675,0.003771412483683139,0.02380803486162354,0.0010586551779813407,0.03579586178552795,0.03541912373349029,0.01398132099999225,18091000003516
0.029595777708998287,0.00289809726425688,-0.006937665076086365,0.001723822683202552,0.003664369806910247,-0.011295430241802275,0.005263178744978865,0.002019997418902891,0.0037513912910413596,-0.0032318426564455025,0.02789887452534563,-0.0003648753285372421,0.0007276126725545029,0.37732082025008,-5.4460355497361485e-05,0.02829449342717151,0.030093634489766766,0.0249549842900616,0.025447526800437048,0.020615995611871392,18234000013853
0.036134360101379395,0.0009721791891137111,-0.0013365155910458637,0.001493949644682244,0.005685575474542493,-0.0072113561639558475,0.003350100348409193,0.0019396479026513125,0.0021709678665053213,-0.0018498291736322545,0.025634457299189953,0.004445789841087119,0.003088254794101518,0.4526619872540107,0.006267929933626785,0.010478576447989092,0.01761940441901461,0.02610534082626349,0.02893706843244491,0.012691789222032021,1824330000598
0.03772051863049992,0.11151243954479359,0.08324157228233126,-0.0029905008677374775,0.006963905438247045,-0.02113229266888261,0.004516101742228854,4.532930553753134e-05,0.0003335386866482173,-0.003675181281802006,0.01805746730155027,0.0006953974610183372,0.006831955472382399,-0.019920640510587215,0.018796968725672422,0.028987615745629147,-0.0021269385489016543,-0.0027966764768972744,0.005963169830802245,0.030560568060517074,18266000002543
-0.001201967947376887,0.020063810922110462,0.014423462364573604,0.00587784398214937,-0.00663452098937021,0.04746620502105005,-0.0018191731903288001,0.0031218201410208044,0.005435339768324842,-0.001617422752289408,0.014830023152975505,0.007348090939404347,-0.000755436382346066,0.3698277223899162,0.011518317106083777,0.025737745846836926,-0.0038029412557336177,0.004265336114450684,0.006194786956355592,0.014143493023461252,18266000002555
-0.03341691842993726,-0.022468612753846227,-0.022384384815190065,-0.00849638627758604,0.0016340547966095622,-0.020696469390592248,0.0011935069401950939,-0.0007028667005062303,-0.0005404501684359402,-0.0033897500986106487,0.003751876930913657,0.06098899631107531,-0.007354275612829917,-0.13412425345235388,0.014304459762799452,-0.006931161448933438,-0.01117076777147291,0.012523549376066041,-0.0007997203195981027,-0.012497891666498354,18273000001659
-0.014277686690697051,-0.000703701605630542,-0.018441303665247898,-0.004229846981499369,0.0034415772299917612,-0.016124175013619485,0.0015371708607451928,-9.320203796102319e-05,-0.00017403045723679916,-0.0033121249795144384,0.005860630866191493,0.0775058565630476,-0.00879292372960356,-0.14021407427099686,0.016461065170438396,-0.0023335291120064054,0.0015399449327632613,0.014951156074208027,0.006554385342633487,-0.010843764395848972,18273000001671
-0.038172696561401674,-0.018516456056105367,-0.01064477837851778,-0.00940218568639716,-0.0016805549400307686,-0.028795546496782246,0.002313832489178131,-0.0010839396528322346,-0.0005885413055406487,-0.00496242842368488,-0.014604523527013826,0.053620882442909946,0.0028612951845422493,-0.08639648607616653,-0.007162073970257733,-0.0089266009295048,-0.00555493649702381,0.009281796244937565,0.002251394284913939,-0.01517090184157894,18273000001682
-0.019893933565100656,0.05125842643142175,0.029596865157119883,0.02016541147170646,-0.0028390692448223105,0.08944987480596034,0.01123094650677518,-0.00034134090752435106,-0.0001722546241171758,-0.003354917945861138,0.032223432403168724,0.023606129309703218,0.012603096903480248,-0.09718940321285029,0.01645644207419878,0.03717148204675375,-0.006012768238554693,0.003363889300105247,0.025838767396336577,0.01739241152432019,18338000005840
-0.02258680741406555,0.013445316668747764,-0.0215524436232468,-0.006471979546834342,0.003912426580856018,-0.028862100685938027,0.00461416337086427,-0.0003186772752487399,0.00026877133283515213,-0.004504671524606236,-0.010151609882328893,-0.014073857870544599,-0.0007609672611638959,-0.08784384025924441,-0.014812188566538148,-0.002254983197001652,-0.01552550384037742,-0.01371177786158256,-0.01506781746489717,0.011900091420997261,18354000003819
0.031507783004600526,-0.005726159733699791,-0.0019281872892289295,0.022320743466891828,6.074773705488044e-05,0.05867715599024113,0.004299179781390361,0.0004950938791867292,0.0004534035206399309,-0.0017525071183488168,0.02060957274772803,0.06271739911082355,0.007970343371740412,0.29924781205831513,0.011167939506367923,0.026367579435468663,0.021926374876043327,0.02303037191894293,0.019336147159728603,0.018141741787381482,18366000004677
-0.04582523243722505,-0.00814461123563823,-0.02890451095537273,-0.00667916761667272,0.0005043549058886284,-0.020060754675422916,0.0027564938743665285,3.129230965788601e-05,0.00025826816831407635,-0.004787861451455919,-0.010081401826852418,-0.01404840254394377,-0.005805439717810965,-0.12856707486599825,-0.0058393784028717335,0.0005361788276589518,0.007620312866128165,0.01088194135229064,0.005247286051685048,-0.006899872359712397,1842110000729
-0.036755344700363936,-0.017784019034023834,-0.023285968030316774,-0.002035053610028312,-9.665890339770424e-05,-0.01933846797027516,0.0033927142918698063,-0.0002208134168979818,0.0003076308367466697,-0.005142831006982287,0.012554210609275637,-0.02173504952260981,0.0008854275634464264,-0.0778393573660303,-0.007145400363013913,-0.011694476369796238,0.0057958491242039376,0.01354689003279872,0.008996092500148632,-0.011854749621061469,18498000000036
-0.02428300976369557,-0.005025252707468368,-0.01882751373695563,-0.007908889983210956,0.0032920453429180394,-0.019620838673890657,0.0018892880318681453,-2.63533090359061e-05,0.0004505979725178725,-0.004243956237998639,-0.006517656393261502,-0.006299789077298681,-0.0038668641278381977,-0.12492171550836567,0.010456810175241261,0.00404755853162346,-0.010823310885359469,0.001998556660405436,0.010668287808891676,0.013164148370149106,1850220000038
0.03701164821685645,0.00776568972051281,0.005125677725804063,0.0031225617843108114,0.00787202752179485,-0.00336120485635917,0.0027174764804971893,0.003398852625277012,0.0030946864681818714,-0.0019352316581660851,0.025668449870879954,0.010347751540557618,0.01554509677240851,0.45686695163941454,0.002788912304411075,0.019241930658491058,-0.0031910337059914266,0.031361264087319735,0.029568704905735644,-0.002166624259089452,18511000004925
-0.03600885059112526,0.013152954965675194,0.010750411893728091,0.0028684829526440156,0.006711284034632579,-0.0031176742157842737,0.006236188339029536,0.002699046716512962,0.003372642096536366,-0.0023275839040831662,0.01895673402405339,0.008240789813840244,0.013205774281651263,0.436749989332228,0.0028619485741414002,0.017794992767649866,-0.0014789178073431762,0.023713635033197553,0.03419074546931712,-0.0077929157080903035,18511000005171
-0.014069010088307663,0.025198389241761574,0.011430146192437112,0.003100031985898184,0.005106994292292592,-0.0029635670559094948,0.004163283194320146,0.0034853978975473983,0.0035148981734350795,-0.0018062284728292014,0.00603103094608927,0.0025848692672909277,0.00402299107503567,0.4018769491469789,0.0033571477349109624,0.011034328524808922,0.013365910050235843,0.02344308986425214,0.033376792860742716,0.01519879256215228,1851440000540
0.12372947782631259,0.051980119959191766,0.012122397962272604,0.09924761719991353,0.030194044476065805,0.12238493917834124,0.0062793132169259,-8.5520269361066e-06,-0.0014855888042956682,-0.0028361158411423612,0.012612878143428189,0.008504120545677887,0.0046922755042927075,-0.06301300169830552,0.0026765302396174516,0.03229541016878672,-0.0020979889316314463,0.004459817542223076,0.0024959020550044376,0.02281592262250859,18526000002570
0.0687494436954096,0.003198737924836993,0.07334292758160435,0.02502209376456719,-0.02056403674398565,0.11207207990754581,-0.006608431810282075,0.00980967465281852,0.009720751968762643,-0.0035026080736880994,0.008596099702535685,0.08892308097814651,0.0009248848349775416,-0.047266700858507496,-0.004655471983599654,0.017236664414481278,0.0181936786032094,0.0023298102859084843,0.010555647356884202,0.023971193136626736,18532000006580
-0.017772790107538263,0.0029768921435385566,-0.03000426248030642,0.0005145499116502359,-0.00819084203193473,0.053624495461397546,-0.012396223669568083,-0.00013183253328972458,-0.0013081047862358432,-0.0042454369358036065,-0.009400265479950074,0.0006223948656653159,-0.0032165941623112995,-0.13411471784633727,-0.009709056444424265,0.011365217241474997,-0.012431384045057371,0.016861112904994213,0.015045595075388447,-0.006416211870085472,18546000005192
0.039149222806167346,0.008412817120820454,0.0074205697820994045,0.0026064851356483536,0.006285098586953935,-0.0058840045455679805,0.0029317643518906545,0.0022802698146816387,0.0022603825151529676,-0.0019028818296054437,0.0077026318981744425,0.01136564774394875,0.002851258906162113,0.4518691899016871,-0.003775998620922463,0.002379684202486353,0.01792307172538531,0.027682811138623843,0.027250852918351623,0.011161280706747361,1855220000428
0.042572489270828774,0.0016662455526478255,0.006379277395383946,-0.004347090667972068,0.008444888350610389,-0.018954620599510037,0.0049667472751559714,-0.0001004041221423105,0.000292734023611839,-0.004493077674918172,-0.006057331265227322,-0.0073073576808058436,-0.013374446131500583,-0.10477878878683687,-0.009467206057770268,0.006375172685770575,-0.012137538633118675,-0.009914825208074973,-0.009141710483022203,0.018461450039766923,18614000002715
0.08515910243172516,0.00625014496152962,0.07014563082570449,0.029488010194290547,0.06542438574379622,0.11614816765762656,0.001901454148273333,-8.176947733766771e-06,-0.00032710459898610924,-0.0029391675739144215,0.008174505332222809,-0.008422043405610433,0.005259421592409805,-0.07018972312588025,0.0011222128017274542,0.04651753188409077,0.006399026815256582,0.01950255524761682,0.014557963243296336,-0.007678862016173868,18704000006883
0.051899395564632175,-0.002595539413300519,0.013036071586347736,0.02183645626802209,0.010332185482352268,0.08058926725378832,1.4619289683433787e-05,0.00048224711990523856,0.0016260371351453223,-0.0020553468260139304,0.022985962426795736,0.050383879016555236,0.009280474164678799,0.2881901191484565,0.01531899372175857,0.024987217645240478,0.009024060137930364,0.012421186855565203,0.012644284206028287,-0.010217130810398838,18735000005344
0.02544344477147043,0.01158959562209853,0.01584071403852258,0.0027613231737286283,0.006871254095470444,-0.0034529592570803963,0.002394385040524805,0.0021064292763113782,0.0016822767902503182,-0.0018104699637514654,-0.0006101310789289325,0.020798828505472378,-0.0006549313035803849,0.4170724435518163,0.004059830889802275,0.004527346375445617,0.018117653769349117,0.025612833445297325,0.02522619204284394,0.009727427807156408,1874220000886
0.042766456458578204,0.007014035506523098,-0.06205130939069094,0.0001185213069866054,-0.024128794355284613,0.06239285833359187,-0.00671711298991126,0.00022163805005066226,-0.00010407300962900357,-0.00403851654806376,-0.002704803648514785,-0.01812975918595648,-0.005557415841462277,-0.09891889305580182,-0.004368780559410765,-0.0010135134531084335,-0.010406624766275402,0.0006381530931083726,0.010386512424505622,0.016631099699175523,18744000002445
0.016122889694695896,0.02029339759973164,0.024748783215524976,0.003746612737350828,0.007566632153371035,-0.0017637701984079001,0.002867974763061587,0.003207297028094428,0.0029005092847673485,-0.0014275858117613065,0.02094864889635033,-0.004910001915899172,0.014806890253150433,0.41744114806296073,0.003521422432572482,0.01949437355923103,0.004686622918106816,0.03561303805209351,0.04038098848867051,-0.002601113780174967,18781000005285
-0.06523443570111719,0.015401530230963812,0.006267116164459712,-0.004955968782340411,0.0031485237213234774,-0.013787898853008438,0.001196692841000574,0.00016963541221093123,0.0003224775039075223,-0.0034969462045649747,-0.012532163491015023,-0.017103719521772344,0.004456728507206716,-0.15989517450589655,-0.008282139471210944,0.010503491876887362,-0.0007695966139036461,0.032417381755572405,0.033168723790812815,-0.007228289104814441,18796000001533
0.029114854265708246,0.01699951086766596,-0.0005919122457826218,0.0034286939142313165,0.007370575589623614,-0.004024398075158605,0.006086176717434354,0.0037925081188642166,0.004212880496101915,-0.0020754696277749222,0.013717409488431715,-0.0021256664524700927,0.007514928924797918,0.4060272611428744,0.008528432060431744,0.007310265250485999,0.0031179576020490753,0.020344637067165956,0.031149026819346066,-0.0026355008584165516,18862000000175
-0.04540889848739136,-0.021142019938162983,0.011392885259357437,-0.013164000443395135,0.0008399275067700822,-0.019918922301837633,0.0008645543285053188,-3.624375226242288e-05,0.0002308859038899592,-0.003689846187787092,-0.004675554110085294,-0.009614159040782748,0.009671972500297056,-0.1271254885606932,0.006522337933094528,-0.0006061364581922532,-0.006225929728723923,0.010848397243397305,0.006953998891634433,0.009094880784064162,1889550000338
-0.13112589500325136,-0.02320323958204911,-0.047221926224063286,0.0050898581386590955,0.010059524450406698,-0.013238675567111644,0.007298170732568694,-0.001127229957455936,-0.00011239180270888603,-0.003859412102427842,0.011927446568348342,0.05904820056529338,0.011172460504870106,-0.06661940828197947,0.013375976733611185,0.019645649604282764,0.006542924259369946,0.012674592113344433,0.002873829232521142,0.005491322648357779,1895440001269
0.037420647882807835,-0.03889022107463222,-0.0033755631408553836,-0.005472291447242302,0.001205305816257724,-0.01666633219898354,0.0008765949507806506,0.006085261634717732,-0.00871845420139843,0.08051118105802813,0.007949347843418556,0.008007103464445279,0.004361318606877472,0.2498349232085305,-0.0035902353699316307,0.00959199540264201,0.008450473035263252,0.0183070846442244,0.027551523300193125,0.02929239560564819,18958000003389
-0.02217882321858316,0.005787738960883432,-0.028174636705361796,-0.006493229729674646,0.0026450451596226328,-0.020402834900301058,0.00384654134076603,-0.0012170626759856577,0.00031273050756382376,-0.004518764852269663,-0.01530980000650141,-0.011740783592529473,-0.0019046738365831148,-0.11848165988556936,-0.007781944921919818,-0.00302818484401798,0.003953387081676718,-0.006772735344930275,-0.008938861566598018,0.01664867299010631,1898110000604
-0.03423317906016803,0.002965214624314534,-0.010963405478742914,-0.005573810703218249,0.0029005556315145676,-0.01243133609027556,0.002357077932193068,0.00018310853915567103,0.0004476137893404053,-0.003448800484536615,0.014347045995677337,-0.008342298158875439,0.005645299060802536,-0.17284253811659586,0.010054094982509811,0.021189449738932782,0.02821754138863263,0.02160326583968277,0.019066715786896726,0.010149967613075243,1900330000108
-0.01603707723470504,-0.03438253116790334,-0.02879931195360526,-0.007593767377937183,0.0008923616655103844,-0.015373039780377346,0.0005160331914900683,0.0001337404905383398,0.0003294207953492333,-0.0040471652905303785,0.0063820856588415464,-0.01036121358408469,-0.0010012558201375774,-0.1826842345485694,-0.008166761054055335,0.003138077753706771,-0.006859252847880995,0.01380818466394753,0.008524127423254023,-0.014091123866821483,19032000001974
0.01909716714275026,-0.011324707329126008,-0.0038026014750178485,0.00026155910160252465,0.004621551908178315,-0.008761123656152694,0.0016575716406291682,0.0020799930935441416,0.002424815403404435,-0.0019086838320032963,0.017194641101790715,-0.003924708537618642,-0.0028064964823973667,0.43171680385177535,0.004031459563518986,0.01110817266269907,0.01366294866283359,0.02389549575205809,0.02278969692705698,0.012313741616503603,1903770000636
0.009034619843698658,0.04253324238161149,0.046871781247696656,0.001997443279241043,0.005017461293394678,-0.007263937385351442,0.0039656139644572526,0.0007709487644832461,0.0008772267488790596,-0.0033003527890933964,0.033652265560562535,0.01600227929349844,0.025317365848318053,-0.06350509578850393,0.003002527799119073,0.025760545488458683,0.012027972659571628,0.05430133528017133,0.04969389535486806,0.0047253378866543416,19051000005007
-0.11609607085546762,0.005813525611241555,-0.0398905780789742,0.008053930601448076,0.01439202966230281,-0.008676902988436949,0.01014702470410308,-0.0006109848619256096,7.385636042177355e-05,-0.0038250085818245677,0.014176958381185057,0.06602384895763966,0.012182737821168566,-0.05915714770436027,0.020573551863797147,0.026268272320992773,0.011350340403441997,0.015213051795393423,0.00563916273004087,0.01494494079316075,1906440001208
0.02834266506295237,0.028280193042791377,0.012819624630372726,-0.0005200958404179684,0.0023966617872236543,-0.008128980999832282,0.006593298524268471,1.1418745322555592e-05,0.00029791615521095695,-0.0038409272218935184,0.007137410930604518,0.010476139462813085,0.012040683237499463,-0.06148720401652293,0.020845397839636674,0.04733661600528612,0.04707004776799175,0.03864790391455363,0.04533009349405169,0.02885202976824745,1906990000298
0.07061754840697161,-0.0044651313596944945,0.07556057582221877,0.0996864700194978,0.05429091746510489,0.12559076275917758,-0.005696885673501591,6.532984530309333e-05,-0.00048015771129723416,-0.0031097227583260873,0.013052803690827751,-0.005309626519779376,0.010526826692268232,-0.021274527414284802,0.0014754019172595254,0.042870286128563646,0.00843548933968029,-0.00014561059558801566,0.00469081364495985,0.014318749289683954,1907440002613
0.10680334105645937,0.009165694443302463,0.07159715274655626,0.10286601623316248,0.05313324832121503,0.12783223590186316,0.0019516809768929757,0.0011606645294010046,-0.0001489887254891628,-0.002967207965678712,0.0027041084036714736,-0.005841915654008104,-0.003733456578441022,-0.05779661052618494,0.007704190857065567,0.014906509165483292,0.022470156142660246,0.005997693578018142,0.02796779001294402,-0.0031751645330233623,19098000001642
0.13009564130874487,0.013580778121158193,0.06528291717816426,0.01552389986316573,0.0025752612121813204,0.11254661984202835,0.012410696089521485,0.0006418855089754017,0.0002455816092205587,-0.0034484479749404043,0.037437040267526756,0.008114536320518992,0.006440020828001137,-0.05116183072203,0.012115912654101725,0.031936157885054633,0.06180421233153848,0.032053093969710345,0.05664938816882166,0.045269646940280024,19098000001667
0.1370057099975432,0.02010812145802744,0.06730990479293823,0.0015419164275399428,0.021437016244184894,-0.01505119394611014,0.02143249133649139,0.0007678997559442024,0.0023391617169344187,-0.0036737820165358708,0.036656341207268316,-0.005901827198308586,0.010909711891707733,-0.06782777731166731,0.026023217877837762,0.03165178715738073,0.07025303793177917,0.024528863427292668,0.058620787388390175,0.05262160684274468,19098000001692
0.14294995291583296,0.009761099679162314,0.054031936416683246,0.016027443142971675,0.00930048705546797,0.11449810174227659,0.0061916066844961825,0.00019331575190109697,-0.0002964911753677264,-0.0038283205452408846,0.019494430864237883,-0.01655550885887877,0.0019736115421915257,-0.06945975970103964,0.009734221310246977,0.026328650478195048,-0.0034941843926148625,0.021181104297673843,0.03575006246747996,0.03313283902765578,19098000001717
0.05118436274117378,0.013360483364854122,0.011375601677953234,0.002810120829391564,0.013106155115101605,-0.003516795308596661,0.008139883339301518,0.002433172917359178,0.0043683759404491325,-0.001923172517888847,0.017246643659852987,0.0013713724625797113,0.0082949081243154,0.41967408809022044,0.0037676514926403225,0.015770389382216952,-0.0006738819288979375,0.004221966404746324,0.006455329441637976,0.017539213316190617,19098000001743
0.03036606613651651,-0.04054430976978186,-0.01046867200669851,-0.001335702634223097,0.00450224188376773,-0.011423254121242846,0.002574808862965281,0.0033971453029716225,0.0027746884755907794,-0.0015283763323308947,0.024227694808626934,0.006637000194120311,0.007686948260509635,0.3886836493410883,0.009830876746917126,0.013768177815262917,-0.0036200202110728157,0.026583916141598527,0.022318931906595056,0.02182405774342007,19104000003870
0.03152845683396441,0.002473176380330599,0.0033445927409303244,0.002779514319179187,0.005753373869421385,-0.004612112774033481,0.0027918004960316017,0.0032970592617454987,0.0034249115047485894,-0.0014418577453507223,0.019326177953940513,0.008274919966020483,0.007871609937009635,0.44248591714884555,0.00047666979916040656,0.023548776862965033,0.02529592815615275,0.03354007043075078,0.03344045218446391,0.012453532667599812,19154000005844
0.08178076837859691,0.05489920242801002,-0.03432029030960064,0.09085499716532987,-0.006209536060260425,0.10718573801189907,0.0023928416892893814,5.250893494573631e-05,-0.0008769210909215922,-0.003218599243263727,0.0250189061894328,0.010821243550818751,0.009026338463128534,-0.052505985035518205,-0.005153398117492239,0.01726991574440044,0.00673135042370109,-0.0011516620173316224,0.018701896012637078,0.013837505807752122,19161000010847
-0.020806518385359185,-0.0010174731283492512,-0.007073673406730043,-0.006098271295081937,0.0018022033235767765,-0.013990282263613043,0.0002064078539838808,5.4788903186709516e-05,0.00020173736089478992,-0.003528519038375835,-0.006868212449567817,-0.021660985208132602,0.0005028861863481865,-0.16040263258578694,0.012450285303403797,-0.009819712077988969,0.0180463470761866,0.017407137123712384,0.015156812981488368,0.0037741245917096698,1917330000919
-0.013547190987117777,0.061603526631574555,0.0481286592541544,0.002306988442775231,0.006299025255800251,-0.00500813115926594,0.0038140633880317937,0.002004984286575352,0.0027610294218391933,-0.0017242524148351607,0.010307077976243653,0.0028358624378724932,0.008984051350511923,0.3809894266927654,0.009630656162592809,0.02179541917095198,0.021137004726842226,0.024374600380551344,0.030438029988055594,-0.00899401008036595,19268000002080
0.08107149971717538,0.021083961912224027,0.0498868165119909,0.013057542961764661,0.0254848765757713,0.0005322341301234449,0.02061916622974745,-0.0006075022907506576,5.137491976560073e-05,-0.0031031639539058262,0.02771494091512769,0.10292870806331837,0.023345797152475003,-0.023434974784192455,0.043138852990570534,0.05488944050859902,0.04246771350192229,0.03317073509699868,0.042411510222805995,0.04066447089010261,19278000009440
-0.04070139967166314,0.009217029761254976,0.00025523326995421214,-0.005052591214711384,0.0015415505132222325,-0.015144458200682553,0.00077479542208265,0.0004034222813468089,0.00021700076873917596,-0.003523360361034257,-0.028698569234217482,-0.020439969418109733,0.003433188164577479,-0.13302575883262058,-0.014660091382460461,-0.013788977933643662,0.020811733650697054,0.01798869447314574,0.012871564389758903,-0.0007757024632474091,1929110000870
0.12356804928871754,0.0065968273511443475,0.07062192597873335,0.00866371382596741,0.02064226992521031,-2.289822427751241e-05,0.01879154909123113,-0.0008565495204289972,-4.663973734481403e-05,-0.002656063884690326,0.028635572418375995,0.09633993575956573,0.017850950221661888,-0.014468840582234677,0.03936146163371889,0.0589539796289173,0.03754534994173933,0.03915015320372502,0.04325195258996971,0.0331805509339966,19316000000476
0.043265985470864084,0.018620724333790053,0.008298364863111779,0.00412873525563542,0.006201272808957623,-0.008465118726284901,0.005900764973070081,0.0023014523272095046,0.0033513309868875027,-0.002520252526801723,0.020328172139347796,0.004963981290641638,0.009711436047727754,0.4134362614948675,0.004893977742561499,0.019872436769238576,0.0004115074067515119,0.0245070761469557,0.03187251952878346,0.015860221896268636,19437000004527
0.03653996380046149,-0.016612046304479954,0.0009169180404216696,-0.0007966264257066351,0.003918771996803279,-0.013002087833427396,0.0025339192938540708,0.0001612596422542998,0.000892762516612075,-0.0019029377332283677,0.010107437730970484,0.06701423932556773,0.004202288042857685,0.3167134655715256,0.011536145012222745,0.016976161615875278,0.008880662575485053,0.01940423906316832,0.008209691886194154,0.019656878822407922,19460000001994
0.014661561345393844,0.04586481745131172,0.03957976483805837,0.0002792269365658944,0.006478752770457095,-0.007118306330328982,0.0009559328631588432,-0.0071298466361956825,-0.017090937485633177,-0.002159788084003914,0.001315518545874856,-0.009869329375317943,0.009448187230142414,0.38054494575293585,0.0068672226314211975,0.018785047375093292,0.003396158286390601,0.039281191181760995,0.03100956483045765,-0.007454926694052698,19466000007485
0.018414836552853857,0.0009524400656290166,0.0007599803765538677,-0.00023363675613933296,0.010107461836807231,-0.010250251659189785,0.004493122360697992,0.002979429490844581,0.006392787437621673,-0.001253725231684287,0.01765411159754458,0.005446374485533059,3.825455243616998e-05,0.3698057242120735,0.01570759552120573,0.020435824770643807,0.030624427950401215,0.009096642010794256,0.011218895100972959,0.018746526249954196,1954010000915
-0.026353206460755455,0.0008665446819909685,-0.0024972725628341903,-0.0048556401102774205,0.0030327841505085845,-0.013860880800221034,0.0016965244443133043,0.00018753809226542973,0.0003009918443575869,-0.0033938144891860647,0.01425892087407835,-0.00808216800122715,0.003044389962269252,-0.1519275118430305,0.015225758804075385,0.0037156484216365323,0.009871952067645927,0.019253747906732073,0.014943864954271923,0.007203733474346664,1954330001032
-0.031517923916559894,-0.039202045575367994,-0.003641412187993407,-0.007068355250552444,0.008197188222182962,-0.016771465533857426,0.0034140815643653555,0.00045604435116249764,9.526214439252719e-05,-0.002813742051951569,0.0036308526037088593,0.011641687775909163,0.0086280642911966,0.04450764861144981,-0.006027438397999502,0.014733173134240121,0.010124162982261457,0.012963043344223385,0.011767484096548974,0.03642527262295597,19567000000899
-0.0449806227287141,-0.007335245273284145,-0.010916832353381216,-0.005934063755643777,0.0029304077272242356,-0.01542731040375047,0.0022525288297735244,0.00027377277231583594,0.00044960505111812243,-0.0033813255305708513,0.003715856221532977,-0.018590315553014002,-0.003621697166425776,-0.06719830176542453,-0.007455151215066513,0.02156403583495375,-0.009015454504277085,0.02773472021421093,0.031209771297825185,0.0061425079487126295,19574000004654
0.09365840945174858,0.011746240202994215,0.07781298824063529,0.030377909425790675,-0.0016965628002742056,0.10348987388922365,0.0033890867221866247,-0.0002937371030168376,-0.0007153008113389294,-0.0032298198548524346,0.013927003170085949,0.005743752995033561,0.004930893506157133,-0.048062130404840725,0.015709946874435696,0.04287306040159074,0.0071052925689223485,0.022804137281371508,0.019371614664006047,-0.011305837494305707,19575000003339
0.015001055405075955,0.0887212441494897,0.13639471302447387,0.0013814965064830043,0.012962956716819404,-0.005096747289297508,0.0032005828619705865,0.000574597584972401,0.0012929353754763508,-0.0024427275054744843,0.01702915096410985,-0.0019576848337553177,0.008416108551183134,0.13798989407926956,0.010216588062661274,0.03337092166616394,0.013985476307044574,-0.0011305202807560678,0.005501604722112968,0.028487079619434724,19612000004374
-0.032469129306538023,-0.016402652984678513,-0.01689833308675521,-0.004524088772528926,0.00037168316301999907,-0.022985555818825585,0.003949040658027124,0.0001276572820929428,0.00016177391205554723,-0.004695895498094568,0.023509039063555563,-0.012731819763890371,-0.0036777514860370127,-0.11148424301042656,-0.010843088861883876,0.012636009067270599,0.01520455298852545,0.013123164180073544,0.010015117790279979,-0.004811158589689179,19621000002596
-0.024868875660634313,-0.011147716074059654,-0.025264591017259606,-0.007688629645510047,0.0020578018762955046,-0.013948125326673,0.0008918766279859019,1.1355762692326066e-05,0.0005367323141470736,-0.0038361544838685347,-7.801170189726796e-05,-0.010686847620407412,0.0026259103626283887,-0.17803720263084855,0.011659159835550978,-0.005254075194607792,-0.00422125422470166,0.009409743701180893,0.008355447557742604,-0.0024777126398689217,1966990000896
-0.016969938300536336,0.03209091698690936,0.007129606660592793,-0.0008590116698493375,0.001856451442905555,-0.018534170575826788,0.003718775695629355,0.00015627216543101516,0.00035984197403573235,-0.004232024817513503,-0.0013988746027061001,0.005034273277102071,0.0011191598448799,-0.0923029373603896,-0.00350708557513627,0.010303116926611056,-0.0018370825193147044,0.02496067132525764,0.036010973175236015,-0.005485922651574101,19684000005447
0.03255250911129305,0.027129061256493746,0.04073133710556238,0.0021171152162863956,0.007655889192727381,-0.005286998144812073,0.005106021545005543,0.00070252705878882,0.0009940006416706232,-0.002840205528248921,0.0377147980016835,0.017493563538555686,0.02084710233036643,0.009253159620918994,0.030763996567840776,0.02907863300659774,0.02438592685411504,0.060017011351962586,0.04399170091503509,-0.003373085608520202,19717000004562
-0.01583206284469965,0.06044600742079408,0.015252043223238315,-0.004674550825558095,0.0009792113730819623,-0.021060894242459917,0.0024316024650877215,-6.368118592385498e-05,0.00038307760457359806,-0.004537782003642716,-0.01216729851236835,-0.013654311536456415,0.0006532974619133903,-0.15142669738801007,0.006302242457255827,0.007399354242491217,0.014689962932297022,0.023836086500092387,0.02681053028805997,0.0013612970489001873,1980770000447
0.14760454684561097,0.005978951925161112,0.06740283900695168,2.257763842490499e-05,0.0059265428011236534,-0.01432286985536912,0.010418970335910023,0.00010298839530784308,0.00026105206131531134,-0.003877721446873555,0.010569872204249205,-0.007503896802070879,0.0014404526687344225,-0.03824595240855463,0.030991065836242775,0.01060763018754748,0.01816896241040904,0.02931689253723363,0.026316263091140133,-0.004807227459321478,19860000002055
-0.023094615694100068,0.0005114299727863026,-0.0027014464045523,0.002058063963544286,0.008740379213329456,-0.003672750248893964,0.00371323299671889,0.0036938544553027303,0.0042209954536290275,-0.001874559075459529,0.010644216625940521,-0.007039673956890206,-0.007550432851306974,0.45545711493648333,0.004637965125247523,0.018806735436133034,-0.006037967018313536,-0.009231124679747073,0.0035130278919542155,0.010683644625016931,19860000002099
0.11954172563304637,0.04072597984115184,0.04754627874132848,0.07583354635361515,-0.01208493753389649,0.12586627759895647,0.007805114165724218,0.000286394488819289,-0.00014583219671550384,-0.003097606278816214,0.024716364904023447,0.018898212774828105,0.007967110630698068,-0.06593213260913248,0.001124773561066489,0.0345217729892449,0.0038285127439825497,0.01665228136706466,0.0425459715325231,0.03094177412280261,19860000002172
0.045755769140554584,0.07762734055364498,0.0887480411479318,0.0032005955616169132,0.008249841290278686,-0.0029837996937318754,0.002250611980088823,0.0024886676923785507,0.0019421452929252927,-0.001893045397163651,0.016250274213114327,0.009438882975210523,0.006848877530917703,0.30827210650270903,-0.0002397240787450258,0.02265282473077341,0.016821233892826033,0.0296747921264875,0.027800166826666955,-0.0061497337438832095,19865000002962
0.04175049001967762,-0.003287256548654492,-0.001110445909671856,0.0019768317934288197,0.006067476456562121,-0.006815168113474514,0.003135087191696422,0.003083610890186529,0.0030574481193004397,-0.001911339562201035,0.029213271611573426,-0.000581446041912421,0.009301039409870968,0.4630951032966966,-0.0007779677008093276,0.01960129709178069,0.0021824548837711976,0.03180979469905016,0.02990638024792716,0.016289783150905773,19875000012898
-0.03439575527521197,0.05138908560643006,0.028748954444867428,0.003566024105554056,0.007081804497346605,-0.005516569192909993,0.004746478919384814,0.0026241680503129214,0.002850869874780757,-0.003157197409643615,0.016502261992115106,-0.006103655299119163,0.004684759138718035,0.38448272974113873,-0.00634066943198146,0.02295491596304823,0.003915129360287325,0.023611885234639546,0.02524926125566377,0.007451130558923327,19883000001195
-0.01284285863124402,0.02707659738653343,0.02732184461002487,0.0020115558937761624,0.005019553367381559,-0.004821710949881389,0.005411263676064857,0.0017662488943053303,0.003503532246285385,-0.0021889679203192123,0.006793033142629462,0.007837377224134932,0.002714584248968658,0.4235995197025739,0.00528512142661517,0.013897259914261061,-0.00203605770143628,0.023135353191415773,0.031060475339217613,0.020741845665169813,19954000013231
0.01856826683202802,0.001566748528811592,0.0036134493692073213,0.0010737477663278383,0.005131236413982249,-0.005188319568185019,0.002986627346084833,0.0017266870648624975,0.0027596937583693687,-0.0016178294076301318,0.014951515446147872,-0.012784898213128115,0.0025566557838040587,0.43232665456942515,0.007116745831379516,0.018250165212539853,-0.0055937244659373525,0.03289264928095086,0.03544448575580298,0.01683245409690006,19954000013243
-0.021640628902934413,0.007387323924424119,0.03660091809278999,0.028712681100014046,-0.008930459708506026,0.10730239242308946,-0.0002860059438083335,-0.0005324764363186132,-0.0009066792356614811,-0.00317281793860737,0.012778245881696066,0.11277931404892631,0.007923274672193054,-0.08030443993353532,0.007894891291789524,0.019356718447469164,0.0687786515689784,0.015184410528226618,0.05212934154927483,0.02002264168652934,19963000003190
